Report ID,Ticket Open Time,Ticket Resp Time,Issue Res Time,Operator,Manager,Channel,State,Service Name,Fault Type,response_seconds,resolution_minutes,resolution_category
AXA-20201230-1403-WLESS,,2020-12-30 04:37:14,2020-12-30 10:23:02,Segun,Seun,Social Media,GOMBE,Wireless,Line damage,,345.8,Critical
AXA-20201229-1350-WLESS,,2020-12-29 14:40:55,2020-12-29 20:26:37,Jennifer,Kerry,Chatbot,KWARA,Wireless,Line damage,,345.7,Critical
AXA-20201225-5530-WiFi7,2020-12-25 11:55:18,2020-12-25 12:03:46,2020-12-25 17:49:27,Sekina,Victor,Chatbot,SOKOTO,WiFI - 7,Not Specified,508.0,345.68333333333334,Critical
AXA-20201216-5406-WiFi3,2020-12-16 08:30:31,2020-12-16 08:34:43,2020-12-16 14:20:24,Kingsley,Kerry,WebForm,BAYELSA,WiFI - 3,Customers End,252.0,345.68333333333334,Critical
AXA-20201223-5335-HSE,2020-12-23 12:56:37,2020-12-23 13:03:43,2020-12-23 18:49:18,Sheg,Seun,WebForm,GOMBE,High speed Internet,Customers End,426.0,345.5833333333333,Critical
AXA-20201201-3235-MCON,2020-12-01 11:23:24,2020-12-01 11:25:00,2020-12-01 17:10:32,Goodluck,Kerry,WebForm,OYO,M Connect,Line damage,96.0,345.53333333333336,Critical
AXA-20201202-4241-VOICE,2020-12-02 10:24:16,2020-12-02 10:24:50,2020-12-02 16:10:21,Vitus,Seun,Phone Call,RIVERS,Voice,Customers End,34.0,345.51666666666665,Critical
AXA-20201207-2635-WiFi7,2020-12-07 13:39:56,2020-12-07 13:40:39,2020-12-07 19:26:09,Myers,Kerry,Social Media,YOBE,WiFI - 7,Customers End,43.0,345.5,Critical
AXA-20201226-3188-WiFi6,2020-12-26 08:02:38,2020-12-26 08:07:12,2020-12-26 13:52:42,Sheg,Seun,Chatbot,OYO,WiFI - 6,Support network failures,274.0,345.5,Critical
AXA-20201231-1236-HSE,,2020-12-31 03:38:44,2020-12-31 09:24:08,Brenda,Kerry,Social Media,NIGER,High speed Internet,Line damage,,345.4,Critical
AXA-20201230-2072-WLESS,,2020-12-30 16:23:43,2020-12-30 22:09:07,Habeeb,Victor,Social Media,ONDO,Wireless,Line damage,,345.4,Critical
AXA-20201201-3321-ICS,2020-12-01 08:00:13,2020-12-01 08:07:40,2020-12-01 13:53:00,Brenda,Kerry,Email,SOKOTO,Interconnection Services,Not Specified,447.0,345.3333333333333,Critical
AXA-20201230-1378-WLESS,,2020-12-30 08:54:08,2020-12-30 14:39:26,Atiku,Victor,Email,NIGER,Wireless,hardware failure,,345.3,Critical
AXA-20201226-2610-WiFi11,2020-12-26 14:55:42,2020-12-26 15:05:06,2020-12-26 20:50:11,Jonathan,Kerry,WebForm,DELTA,WiFI - 11,Line damage,564.0,345.0833333333333,Critical
AXA-20201202-3411-EVOICE,2020-12-02 09:58:53,2020-12-02 10:07:30,2020-12-02 15:52:34,Mary,Wale,Social Media,OGUN,EVoice,Line damage,517.0,345.06666666666666,Critical
AXA-20201213-3157-WiFi4,2020-12-13 11:29:45,2020-12-13 11:40:19,2020-12-13 17:25:23,Segun,Seun,USSD,AKWA IBOM,WiFI - 4,Customers End,634.0,345.06666666666666,Critical
AXA-20201216-4396-WLESS,2020-12-16 15:45:06,2020-12-16 15:46:44,2020-12-16 21:31:31,Segun,Seun,WebForm,IMO,Wireless,Customers End,98.0,344.78333333333336,Critical
AXA-20201231-1899-WLESS,,2020-12-31 23:24:30,2021-01-01 05:09:16,Vitus,Seun,Social Media,DELTA,Wireless,Routine Service,,344.76666666666665,Critical
AXA-20201216-5850-HSE,2020-12-16 15:23:45,2020-12-16 15:31:24,2020-12-16 21:16:08,John,Victor,Chatbot,FCT ABUJA,High speed Internet,Line damage,459.0,344.73333333333335,Critical
AXA-20201224-3132-WiFi6,2020-12-24 09:46:55,2020-12-24 09:55:29,2020-12-24 15:40:13,Atiku,Victor,Social Media,DELTA,WiFI - 6,Line damage,514.0,344.73333333333335,Critical
AXA-20201213-5206-WiFi8,2020-12-13 10:33:39,2020-12-13 10:36:18,2020-12-13 16:20:56,Sekina,Victor,USSD,NASARAWA,WiFI - 8,Customers End,159.0,344.6333333333333,Critical
AXA-20201208-5142-HSE,2020-12-08 12:11:22,2020-12-08 12:15:28,2020-12-08 18:00:04,Atiku,Victor,Email,KEBBI,High speed Internet,Line damage,246.0,344.6,Critical
AXA-20201204-2738-WLESS,2020-12-04 15:42:39,2020-12-04 15:49:55,2020-12-04 21:34:30,Atiku,Victor,Social Media,KANO,Wireless,Routine Service,436.0,344.5833333333333,Critical
AXA-20201216-3557-VOICE,2020-12-16 08:59:53,2020-12-16 09:09:36,2020-12-16 14:54:08,Paul,Seun,Social Media,ANAMBRA,Voice,Line damage,583.0,344.53333333333336,Critical
AXA-20201222-3396-WiFi4,2020-12-22 09:21:43,2020-12-22 09:30:16,2020-12-22 15:14:45,Jennifer,Kerry,Social Media,LAGOS,WiFI - 4,Not Specified,513.0,344.48333333333335,Critical
AXA-20201222-3244-CBS,2020-12-22 12:19:54,2020-12-22 12:23:38,2020-12-22 18:08:07,Bola,Victor,Chatbot,KADUNA,Cloud-based services,Customers End,224.0,344.48333333333335,Critical
AXA-20201207-5954-C95,2020-12-07 09:26:55,2020-12-07 09:34:35,2020-12-07 15:19:02,Brenda,Kerry,Phone Call,SOKOTO,Cloud95,Routine Service,460.0,344.45,Critical
AXA-20201212-3934-HSE,2020-12-12 10:10:59,2020-12-12 10:18:30,2020-12-12 16:02:51,Brenda,Kerry,Phone Call,OGUN,High speed Internet,Routine Service,451.0,344.35,Critical
AXA-20201231-1357-WLESS,,2020-12-31 07:35:28,2020-12-31 13:19:43,John,Victor,Social Media,KEBBI,Wireless,Customers End,,344.25,Critical
AXA-20201204-2478-WiFi8,2020-12-04 12:56:05,2020-12-04 12:57:29,2020-12-04 18:41:43,Amelia,Kerry,Email,KWARA,WiFI - 8,Customers End,84.0,344.23333333333335,Critical
AXA-20201203-3694-VOICE,2020-12-03 11:15:06,2020-12-03 11:23:45,2020-12-03 17:07:58,Jennifer,Kerry,USSD,KEBBI,Voice,Customers End,519.0,344.21666666666664,Critical
AXA-20201201-3591-WiFi3,2020-12-01 11:47:30,2020-12-01 11:55:57,2020-12-01 17:40:04,Atiku,Victor,Social Media,OYO,WiFI - 3,Customers End,507.0,344.1166666666667,Critical
AXA-20201205-3944-MCON,2020-12-05 15:02:13,2020-12-05 15:10:33,2020-12-05 20:54:40,Kachi,Seun,Email,ADAMAWA,M Connect,Not Specified,500.0,344.1166666666667,Critical
AXA-20201219-2845-WiFi3,2020-12-19 14:46:50,2020-12-19 14:52:10,2020-12-19 20:36:16,Kingsley,Kerry,Social Media,ABIA,WiFI - 3,Customers End,320.0,344.1,Critical
AXA-20201221-4141-WiFi6,2020-12-21 13:34:00,2020-12-21 13:41:23,2020-12-21 19:25:29,Kola,Wale,USSD,ENUGU,WiFI - 6,Customers End,443.0,344.1,Critical
AXA-20201225-4502-HSE,2020-12-25 08:39:15,2020-12-25 08:44:53,2020-12-25 14:28:57,Sekina,Victor,Email,ZAMFARA,High speed Internet,Line damage,338.0,344.06666666666666,Critical
AXA-20201223-3201-C95,2020-12-23 08:12:30,2020-12-23 08:12:53,2020-12-23 13:56:57,Bola,Victor,Email,ANAMBRA,Cloud95,hardware failure,23.0,344.06666666666666,Critical
AXA-20201202-2806-C95,2020-12-02 09:25:04,2020-12-02 09:25:23,2020-12-02 15:09:26,Sherifat,Victor,WebForm,KEBBI,Cloud95,Customers End,19.0,344.05,Critical
AXA-20201220-3390-ICS,2020-12-20 12:41:12,2020-12-20 12:45:37,2020-12-20 18:29:39,Myers,Kerry,Social Media,OYO,Interconnection Services,Customers End,265.0,344.03333333333336,Critical
AXA-20201218-2081-WiFi5,2020-12-18 10:21:19,2020-12-18 10:26:25,2020-12-18 16:10:09,Atiku,Victor,Social Media,OYO,WiFI - 5,Customers End,306.0,343.73333333333335,Critical
AXA-20201217-3501-WiFi8,2020-12-17 12:24:14,2020-12-17 12:30:48,2020-12-17 18:14:28,Jennifer,Kerry,WebForm,YOBE,WiFI - 8,Customers End,394.0,343.6666666666667,Critical
AXA-20201208-5987-WiFi3,2020-12-08 10:31:04,2020-12-08 10:36:31,2020-12-08 16:20:10,Jennifer,Kerry,Social Media,OYO,WiFI - 3,Line damage,327.0,343.65,Critical
AXA-20201226-4814-WiFi10,2020-12-26 13:56:02,2020-12-26 14:06:11,2020-12-26 19:49:47,Ore,Seun,WebForm,GOMBE,WiFI - 10,Customers End,609.0,343.6,Critical
AXA-20201227-4158-WiFi5,2020-12-27 15:35:32,2020-12-27 15:37:58,2020-12-27 21:21:32,Segun,Seun,Chatbot,YOBE,WiFI - 5,Customers End,146.0,343.56666666666666,Critical
AXA-20201230-1501-VOICE,,2020-12-30 17:58:34,2020-12-30 23:42:05,Atiku,Victor,Social Media,KADUNA,Voice,hardware failure,,343.51666666666665,Critical
AXA-20201228-3296-WiFi8,2020-12-28 14:03:31,2020-12-28 14:07:57,2020-12-28 19:51:27,Sola,Wale,USSD,ZAMFARA,WiFI - 8,Customers End,266.0,343.5,Critical
AXA-20201220-5274-WiFi10,2020-12-20 11:14:32,2020-12-20 11:15:10,2020-12-20 16:58:36,Amelia,Kerry,Social Media,DELTA,WiFI - 10,Customers End,38.0,343.43333333333334,Critical
AXA-20201231-1237-HSE,,2020-12-31 01:39:12,2020-12-31 07:22:34,Jonathan,Kerry,Social Media,NIGER,High speed Internet,Line damage,,343.3666666666667,Critical
AXA-20201231-1176-VOICE,,2020-12-31 10:38:11,2020-12-31 16:21:33,Sekina,Victor,Social Media,BORNO,Voice,Customers End,,343.3666666666667,Critical
AXA-20201218-3404-ICS,2020-12-18 09:10:35,2020-12-18 09:13:18,2020-12-18 14:56:39,Amelia,Kerry,Social Media,PLATEAU,Interconnection Services,Line damage,163.0,343.35,Critical
AXA-20201208-3419-C100,2020-12-08 09:21:02,2020-12-08 09:23:32,2020-12-08 15:06:51,Habeeb,Victor,Social Media,ADAMAWA,Cloud100,Customers End,150.0,343.31666666666666,Critical
AXA-20201213-5747-WiFi10,2020-12-13 15:32:48,2020-12-13 15:40:54,2020-12-13 21:24:12,Tunde,Victor,Chatbot,IMO,WiFI - 10,Customers End,486.0,343.3,Critical
AXA-20201223-3770-WiFi3,2020-12-23 11:29:32,2020-12-23 11:38:07,2020-12-23 17:21:24,Jonathan,Kerry,WebForm,ZAMFARA,WiFI - 3,Line damage,515.0,343.28333333333336,Critical
AXA-20201230-1390-CBS,,2020-12-30 21:02:18,2020-12-31 02:45:35,Atiku,Victor,Chatbot,ONDO,Cloud-based services,Customers End,,343.28333333333336,Critical
AXA-20201221-2826-WiFi10,2020-12-21 11:56:23,2020-12-21 11:56:48,2020-12-21 17:39:58,Paul,Seun,Phone Call,OSUN,WiFI - 10,Customers End,25.0,343.1666666666667,Critical
AXA-20201208-3958-WiFi10,2020-12-08 08:50:19,2020-12-08 08:51:47,2020-12-08 14:34:52,Bola,Victor,WebForm,KOGI,WiFI - 10,Not Specified,88.0,343.0833333333333,Critical
AXA-20201206-5346-WiFi9,2020-12-06 10:27:25,2020-12-06 10:30:34,2020-12-06 16:13:39,Jonathan,Kerry,USSD,EKITI,WiFI - 9,Not Specified,189.0,343.0833333333333,Critical
AXA-20201225-4238-HSE,2020-12-25 15:19:32,2020-12-25 15:20:00,2020-12-25 21:03:04,Goodluck,Kerry,USSD,KANO,High speed Internet,Line damage,28.0,343.06666666666666,Critical
AXA-20201231-1520-HSE,,2020-12-31 11:13:28,2020-12-31 16:56:30,Tunde,Victor,Social Media,EDO,High speed Internet,Customers End,,343.03333333333336,Critical
AXA-20201231-1355-WLESS,,2020-12-31 01:04:15,2020-12-31 06:47:03,Bola,Victor,Social Media,PLATEAU,Wireless,Line damage,,342.8,Critical
AXA-20201209-2819-WiFi8,2020-12-09 14:52:05,2020-12-09 15:01:24,2020-12-09 20:44:10,Ore,Seun,WebForm,ANAMBRA,WiFI - 8,Support network failures,559.0,342.76666666666665,Critical
AXA-20201209-4144-HSE,2020-12-09 14:09:51,2020-12-09 14:18:17,2020-12-09 20:01:02,Sherifat,Victor,Social Media,ONDO,High speed Internet,Customers End,506.0,342.75,Critical
AXA-20201223-2217-WLESS,2020-12-23 11:22:21,2020-12-23 11:31:05,2020-12-23 17:13:50,Sola,Wale,USSD,BORNO,Wireless,Customers End,524.0,342.75,Critical
AXA-20201223-3540-VOICE,2020-12-23 10:18:48,2020-12-23 10:23:28,2020-12-23 16:06:09,Tunde,Victor,Phone Call,OGUN,Voice,Customers End,280.0,342.68333333333334,Critical
AXA-20201211-5201-C100,2020-12-11 10:56:39,2020-12-11 11:01:47,2020-12-11 16:44:27,John,Victor,Chatbot,ZAMFARA,Cloud100,Customers End,308.0,342.6666666666667,Critical
AXA-20201229-1231-HSE,,2020-12-29 18:44:29,2020-12-30 00:27:03,Bola,Victor,Social Media,BORNO,High speed Internet,Customers End,,342.56666666666666,Critical
AXA-20201214-2260-WiFi4,2020-12-14 08:58:47,2020-12-14 09:07:09,2020-12-14 14:49:42,Tunde,Victor,WebForm,LAGOS,WiFI - 4,Customers End,502.0,342.55,Critical
AXA-20201203-5423-CBS,2020-12-03 15:05:06,2020-12-03 15:14:40,2020-12-03 20:57:12,John,Victor,Phone Call,KANO,Cloud-based services,Line damage,574.0,342.53333333333336,Critical
AXA-20201223-5726-MAC,2020-12-23 15:39:36,2020-12-23 15:42:46,2020-12-23 21:25:09,Jennifer,Kerry,WebForm,YOBE,Metro Area Connect,Customers End,190.0,342.3833333333333,Critical
AXA-20201225-4377-EVOICE,2020-12-25 12:50:57,2020-12-25 12:55:39,2020-12-25 18:37:59,Habeeb,Victor,WebForm,BAUCHI,EVoice,Customers End,282.0,342.3333333333333,Critical
AXA-20201216-3252-HSE,2020-12-16 13:44:26,2020-12-16 13:54:02,2020-12-16 19:36:18,Atiku,Victor,WebForm,LAGOS,High speed Internet,Line damage,576.0,342.26666666666665,Critical
AXA-20201204-4205-CBS,2020-12-04 10:11:13,2020-12-04 10:19:29,2020-12-04 16:01:42,Mary,Wale,Social Media,FCT ABUJA,Cloud-based services,Customers End,496.0,342.21666666666664,Critical
AXA-20201231-1542-HSE,,2020-12-31 21:33:43,2021-01-01 03:15:55,Mary,Wale,Social Media,BORNO,High speed Internet,Line damage,,342.2,Critical
AXA-20201208-2564-WiFi6,2020-12-08 14:05:48,2020-12-08 14:11:33,2020-12-08 19:53:41,Bola,Victor,Social Media,OGUN,WiFI - 6,Line damage,345.0,342.1333333333333,Critical
AXA-20201216-3372-WiFi4,2020-12-16 11:46:14,2020-12-16 11:55:25,2020-12-16 17:37:33,Sherifat,Victor,Email,FCT ABUJA,WiFI - 4,Customers End,551.0,342.1333333333333,Critical
AXA-20201206-3453-C95,2020-12-06 09:23:02,2020-12-06 09:32:41,2020-12-06 15:14:45,Tunde,Victor,Social Media,ABIA,Cloud95,Customers End,579.0,342.06666666666666,Critical
AXA-20201205-2673-WiFi9,2020-12-05 12:00:47,2020-12-05 12:07:28,2020-12-05 17:49:16,Popoola,Seun,USSD,ADAMAWA,WiFI - 9,Customers End,401.0,341.8,Critical
AXA-20201208-4548-WLESS,2020-12-08 11:07:28,2020-12-08 11:09:48,2020-12-08 16:51:36,Habeeb,Victor,USSD,FCT ABUJA,Wireless,Customers End,140.0,341.8,Critical
AXA-20201215-4399-HSE,2020-12-15 15:37:06,2020-12-15 15:47:20,2020-12-15 21:29:04,John,Victor,USSD,EKITI,High speed Internet,Routine Service,614.0,341.73333333333335,Critical
AXA-20201208-4178-ICS,2020-12-08 12:37:55,2020-12-08 12:48:30,2020-12-08 18:30:14,Goodluck,Kerry,WebForm,ANAMBRA,Interconnection Services,Line damage,635.0,341.73333333333335,Critical
AXA-20201209-3311-WiFi11,2020-12-09 09:50:12,2020-12-09 09:56:54,2020-12-09 15:38:38,Atiku,Victor,WebForm,LAGOS,WiFI - 11,hardware failure,402.0,341.73333333333335,Critical
AXA-20201224-5881-MAC,2020-12-24 08:34:54,2020-12-24 08:35:32,2020-12-24 14:17:12,Boye,Wale,Email,ZAMFARA,Metro Area Connect,Customers End,38.0,341.6666666666667,Critical
AXA-20201224-4827-WiFi6,2020-12-24 09:32:49,2020-12-24 09:42:31,2020-12-24 15:24:09,Sheg,Seun,Social Media,KEBBI,WiFI - 6,hardware failure,582.0,341.6333333333333,Critical
AXA-20201222-2462-WiFi7,2020-12-22 09:25:16,2020-12-22 09:25:35,2020-12-22 15:07:08,Kingsley,Kerry,Phone Call,ANAMBRA,WiFI - 7,Customers End,19.0,341.55,Critical
AXA-20201205-5219-WiFi11,2020-12-05 10:54:42,2020-12-05 11:01:48,2020-12-05 16:43:21,Vitus,Seun,Chatbot,SOKOTO,WiFI - 11,Customers End,426.0,341.55,Critical
AXA-20201215-3422-WiFi6,2020-12-15 15:10:22,2020-12-15 15:10:31,2020-12-15 20:51:59,Sherifat,Victor,Phone Call,OSUN,WiFI - 6,Customers End,9.0,341.46666666666664,Critical
AXA-20201222-4686-WiFi9,2020-12-22 13:37:53,2020-12-22 13:43:07,2020-12-22 19:24:26,Sherifat,Victor,Chatbot,OYO,WiFI - 9,Line damage,314.0,341.31666666666666,Critical
AXA-20201201-2142-CBS,2020-12-01 13:43:08,2020-12-01 13:49:36,2020-12-01 19:30:55,Jonathan,Kerry,WebForm,EKITI,Cloud-based services,Customers End,388.0,341.31666666666666,Critical
AXA-20201212-5790-WiFi8,2020-12-12 09:41:50,2020-12-12 09:49:10,2020-12-12 15:30:29,Myers,Kerry,Social Media,LAGOS,WiFI - 8,hardware failure,440.0,341.31666666666666,Critical
AXA-20201201-4587-C100,2020-12-01 09:31:19,2020-12-01 09:39:26,2020-12-01 15:20:42,Brenda,Kerry,Phone Call,NASARAWA,Cloud100,Customers End,487.0,341.26666666666665,Critical
AXA-20201228-4236-WiFi10,2020-12-28 10:37:18,2020-12-28 10:41:02,2020-12-28 16:22:14,Sherifat,Victor,Email,FCT ABUJA,WiFI - 10,Customers End,224.0,341.2,Critical
AXA-20201227-4568-WiFi3,2020-12-27 10:12:22,2020-12-27 10:13:03,2020-12-27 15:54:15,Myers,Kerry,Phone Call,FCT ABUJA,WiFI - 3,Customers End,41.0,341.2,Critical
AXA-20201228-2087-WLESS,2020-12-28 09:44:11,2020-12-28 09:47:22,2020-12-28 15:28:32,Tunde,Victor,WebForm,RIVERS,Wireless,Customers End,191.0,341.1666666666667,Critical
AXA-20201229-1997-WLESS,,2020-12-29 18:59:19,2020-12-30 00:40:29,Bola,Victor,Social Media,JIGAWA,Wireless,Customers End,,341.1666666666667,Critical
AXA-20201227-4211-WLESS,2020-12-27 15:16:46,2020-12-27 15:26:10,2020-12-27 21:07:15,Atiku,Victor,Phone Call,YOBE,Wireless,Customers End,564.0,341.0833333333333,Critical
AXA-20201218-2550-WiFi3,2020-12-18 11:44:30,2020-12-18 11:53:58,2020-12-18 17:35:02,Vitus,Seun,Phone Call,SOKOTO,WiFI - 3,Customers End,568.0,341.06666666666666,Critical
AXA-20201227-5353-MCON,2020-12-27 09:43:55,2020-12-27 09:54:30,2020-12-27 15:35:33,Atiku,Victor,Phone Call,EDO,M Connect,Line damage,635.0,341.05,Critical
AXA-20201221-3363-EVOICE,2020-12-21 09:58:15,2020-12-21 09:58:22,2020-12-21 15:39:25,Bukky,Wale,Phone Call,ENUGU,EVoice,Customers End,7.0,341.05,Critical
AXA-20201209-2287-WiFi5,2020-12-09 14:53:07,2020-12-09 15:03:44,2020-12-09 20:44:47,Ore,Seun,USSD,EKITI,WiFI - 5,Line damage,637.0,341.05,Critical
AXA-20201205-4458-VOICE,2020-12-05 12:13:08,2020-12-05 12:21:56,2020-12-05 18:02:41,Sherifat,Victor,Phone Call,ZAMFARA,Voice,Customers End,528.0,340.75,Critical
AXA-20201211-5247-C95,2020-12-11 15:07:34,2020-12-11 15:11:08,2020-12-11 20:51:52,Brenda,Kerry,Chatbot,OSUN,Cloud95,Customers End,214.0,340.73333333333335,Critical
AXA-20201222-2654-WiFi11,2020-12-22 10:48:22,2020-12-22 10:52:44,2020-12-22 16:33:28,Bola,Victor,Chatbot,IMO,WiFI - 11,Customers End,262.0,340.73333333333335,Critical
AXA-20201227-6065-WLESS,2020-12-27 12:55:01,2020-12-27 13:00:26,2020-12-27 18:41:07,Sola,Wale,Phone Call,DELTA,Wireless,Customers End,325.0,340.68333333333334,Critical
AXA-20201221-4295-VOICE,2020-12-21 11:38:52,2020-12-21 11:46:13,2020-12-21 17:26:53,Jonathan,Kerry,WebForm,OGUN,Voice,Routine Service,441.0,340.6666666666667,Critical
AXA-20201231-1598-WLESS,,2020-12-31 18:58:42,2021-01-01 00:39:21,Jonathan,Kerry,Social Media,NASARAWA,Wireless,Line damage,,340.65,Critical
AXA-20201208-3999-EVOICE,2020-12-08 15:30:35,2020-12-08 15:38:19,2020-12-08 21:18:50,Bola,Victor,Social Media,DELTA,EVoice,Customers End,464.0,340.51666666666665,Critical
AXA-20201226-2975-WiFi3,2020-12-26 09:59:13,2020-12-26 10:06:56,2020-12-26 15:47:24,Tunde,Victor,WebForm,LAGOS,WiFI - 3,Customers End,463.0,340.46666666666664,Critical
AXA-20201222-4313-EVOICE,2020-12-22 11:43:03,2020-12-22 11:48:32,2020-12-22 17:28:57,John,Victor,Phone Call,DELTA,EVoice,Line damage,329.0,340.4166666666667,Critical
AXA-20201231-1632-HSE,,2020-12-31 15:16:09,2020-12-31 20:56:31,Bukky,Wale,Social Media,AKWA IBOM,High speed Internet,Customers End,,340.3666666666667,Critical
AXA-20201208-2684-HSE,2020-12-08 12:57:02,2020-12-08 13:05:14,2020-12-08 18:45:33,Sherifat,Victor,WebForm,KADUNA,High speed Internet,Line damage,492.0,340.31666666666666,Critical
AXA-20201229-1922-HSE,,2020-12-29 20:24:29,2020-12-30 02:04:44,Ore,Seun,Social Media,EKITI,High speed Internet,Line damage,,340.25,Critical
AXA-20201219-6068-VOICE,2020-12-19 11:11:44,2020-12-19 11:14:22,2020-12-19 16:54:33,Popoola,Seun,Phone Call,KOGI,Voice,Customers End,158.0,340.18333333333334,Critical
AXA-20201218-4579-WiFi8,2020-12-18 10:34:23,2020-12-18 10:40:56,2020-12-18 16:21:07,Bola,Victor,USSD,IMO,WiFI - 8,Customers End,393.0,340.18333333333334,Critical
AXA-20201229-1978-WLESS,,2020-12-29 21:06:49,2020-12-30 02:46:57,Habeeb,Victor,Social Media,CROSS RIVER,Wireless,Customers End,,340.1333333333333,Critical
AXA-20201230-1247-WLESS,,2020-12-30 17:59:11,2020-12-30 23:39:17,Amelia,Kerry,Social Media,RIVERS,Wireless,Customers End,,340.1,Critical
AXA-20201211-5159-MCON,2020-12-11 14:51:39,2020-12-11 14:52:58,2020-12-11 20:33:03,Kingsley,Kerry,Email,PLATEAU,M Connect,Customers End,79.0,340.0833333333333,Critical
AXA-20201204-3970-WLESS,2020-12-04 13:09:06,2020-12-04 13:11:49,2020-12-04 18:51:52,Segun,Seun,USSD,ONDO,Wireless,Customers End,163.0,340.05,Critical
AXA-20201231-1615-WLESS,,2020-12-31 13:28:48,2020-12-31 19:08:33,Sherifat,Victor,Social Media,DELTA,Wireless,Not Specified,,339.75,Critical
AXA-20201221-3183-CBS,2020-12-21 11:14:28,2020-12-21 11:20:55,2020-12-21 17:00:39,Jennifer,Kerry,Chatbot,BORNO,Cloud-based services,Customers End,387.0,339.73333333333335,Critical
AXA-20201215-4139-WiFi3,2020-12-15 08:16:20,2020-12-15 08:22:34,2020-12-15 14:02:18,Atiku,Victor,Social Media,EKITI,WiFI - 3,Customers End,374.0,339.73333333333335,Critical
AXA-20201227-3952-WLESS,2020-12-27 13:12:52,2020-12-27 13:23:38,2020-12-27 19:03:19,Ore,Seun,Email,SOKOTO,Wireless,Customers End,646.0,339.68333333333334,Critical
AXA-20201220-2715-WiFi7,2020-12-20 10:01:51,2020-12-20 10:10:12,2020-12-20 15:49:50,Amelia,Kerry,Chatbot,OYO,WiFI - 7,Customers End,501.0,339.6333333333333,Critical
AXA-20201209-6089-VOICE,2020-12-09 08:17:06,2020-12-09 08:20:17,2020-12-09 13:59:50,Popoola,Seun,USSD,DELTA,Voice,Not Specified,191.0,339.55,Critical
AXA-20201213-5062-WiFi7,2020-12-13 12:11:50,2020-12-13 12:13:25,2020-12-13 17:52:53,Bukky,Wale,Phone Call,IMO,WiFI - 7,Routine Service,95.0,339.46666666666664,Critical
AXA-20201227-4482-WiFi7,2020-12-27 10:39:13,2020-12-27 10:39:49,2020-12-27 16:19:16,John,Victor,Email,RIVERS,WiFI - 7,Routine Service,36.0,339.45,Critical
AXA-20201218-6020-WiFi3,2020-12-18 13:35:47,2020-12-18 13:44:18,2020-12-18 19:23:41,Sola,Wale,Social Media,BAYELSA,WiFI - 3,Customers End,511.0,339.3833333333333,Critical
AXA-20201223-4034-WLESS,2020-12-23 14:08:40,2020-12-23 14:10:52,2020-12-23 19:50:14,Sherifat,Victor,Phone Call,DELTA,Wireless,Customers End,132.0,339.3666666666667,Critical
AXA-20201227-5356-WLESS,2020-12-27 09:07:32,2020-12-27 09:15:14,2020-12-27 14:54:36,Atiku,Victor,WebForm,KANO,Wireless,Routine Service,462.0,339.3666666666667,Critical
AXA-20201217-4936-WLESS,2020-12-17 10:52:13,2020-12-17 10:55:55,2020-12-17 16:35:15,Bola,Victor,Email,IMO,Wireless,Not Specified,222.0,339.3333333333333,Critical
AXA-20201227-3696-WiFi11,2020-12-27 10:08:21,2020-12-27 10:14:37,2020-12-27 15:53:53,Tunde,Victor,Social Media,RIVERS,WiFI - 11,Not Specified,376.0,339.26666666666665,Critical
AXA-20201219-3835-ICS,2020-12-19 09:22:12,2020-12-19 09:32:27,2020-12-19 15:11:40,Tunde,Victor,Email,ZAMFARA,Interconnection Services,Not Specified,615.0,339.21666666666664,Critical
AXA-20201202-6087-MAC,2020-12-02 14:03:13,2020-12-02 14:09:51,2020-12-02 19:49:04,Sherifat,Victor,Email,KOGI,Metro Area Connect,Customers End,398.0,339.21666666666664,Critical
AXA-20201216-2546-VOICE,2020-12-16 15:12:42,2020-12-16 15:17:12,2020-12-16 20:56:18,Mary,Wale,Chatbot,LAGOS,Voice,Line damage,270.0,339.1,Critical
AXA-20201206-4451-C95,2020-12-06 13:31:36,2020-12-06 13:42:19,2020-12-06 19:21:24,Vitus,Seun,WebForm,OYO,Cloud95,Line damage,643.0,339.0833333333333,Critical
AXA-20201202-2281-WiFi7,2020-12-02 10:19:11,2020-12-02 10:26:51,2020-12-02 16:05:55,Myers,Kerry,Social Media,BAYELSA,WiFI - 7,Traffic Spikes,460.0,339.06666666666666,Critical
AXA-20201230-1258-HSE,,2020-12-30 23:07:08,2020-12-31 04:46:11,Brenda,Kerry,Social Media,KATSINA,High speed Internet,Customers End,,339.05,Critical
AXA-20201220-2722-WLESS,2020-12-20 14:50:10,2020-12-20 15:00:21,2020-12-20 20:39:08,John,Victor,Email,KWARA,Wireless,Customers End,611.0,338.78333333333336,Critical
AXA-20201203-2957-EVOICE,2020-12-03 10:33:11,2020-12-03 10:38:28,2020-12-03 16:17:14,Brenda,Kerry,Chatbot,EKITI,EVoice,Customers End,317.0,338.76666666666665,Critical
AXA-20201218-5019-WiFi9,2020-12-18 09:08:04,2020-12-18 09:08:24,2020-12-18 14:47:08,Popoola,Seun,WebForm,OSUN,WiFI - 9,Line damage,20.0,338.73333333333335,Critical
AXA-20201208-4545-ICS,2020-12-08 08:41:40,2020-12-08 08:49:02,2020-12-08 14:27:38,Popoola,Seun,WebForm,NIGER,Interconnection Services,Customers End,442.0,338.6,Critical
AXA-20201220-2584-WLESS,2020-12-20 10:42:05,2020-12-20 10:47:46,2020-12-20 16:26:20,Segun,Seun,WebForm,YOBE,Wireless,Support network failures,341.0,338.56666666666666,Critical
AXA-20201204-4134-WiFi9,2020-12-04 08:16:07,2020-12-04 08:18:50,2020-12-04 13:57:23,Ore,Seun,Chatbot,KANO,WiFI - 9,Customers End,163.0,338.55,Critical
AXA-20201211-6018-WiFi4,2020-12-11 09:42:52,2020-12-11 09:43:58,2020-12-11 15:22:31,John,Victor,Email,ENUGU,WiFI - 4,Customers End,66.0,338.55,Critical
AXA-20201205-4800-WiFi10,2020-12-05 15:33:26,2020-12-05 15:40:03,2020-12-05 21:18:35,Jennifer,Kerry,Social Media,NIGER,WiFI - 10,hardware failure,397.0,338.53333333333336,Critical
AXA-20201226-2657-WLESS,2020-12-26 10:47:20,2020-12-26 10:53:29,2020-12-26 16:32:01,Tunde,Victor,Chatbot,IMO,Wireless,Customers End,369.0,338.53333333333336,Critical
AXA-20201219-5269-MCON,2020-12-19 10:53:18,2020-12-19 10:56:03,2020-12-19 16:34:32,Jonathan,Kerry,Phone Call,BORNO,M Connect,Routine Service,165.0,338.48333333333335,Critical
AXA-20201211-5633-WiFi11,2020-12-11 15:02:29,2020-12-11 15:06:40,2020-12-11 20:45:00,Sekina,Victor,WebForm,KADUNA,WiFI - 11,Customers End,251.0,338.3333333333333,Critical
AXA-20201229-1294-WLESS,,2020-12-29 19:16:12,2020-12-30 00:54:31,Amelia,Kerry,Social Media,ANAMBRA,Wireless,Routine Service,,338.31666666666666,Critical
AXA-20201209-5412-WiFi11,2020-12-09 15:29:27,2020-12-09 15:32:43,2020-12-09 21:11:02,Atiku,Victor,USSD,RIVERS,WiFI - 11,Not Specified,196.0,338.31666666666666,Critical
AXA-20201226-5292-WiFi3,2020-12-26 11:44:21,2020-12-26 11:48:32,2020-12-26 17:26:46,Bola,Victor,Chatbot,LAGOS,WiFI - 3,Routine Service,251.0,338.23333333333335,Critical
AXA-20201214-3169-WiFi6,2020-12-14 15:45:02,2020-12-14 15:51:40,2020-12-14 21:29:52,Popoola,Seun,Phone Call,ANAMBRA,WiFI - 6,Customers End,398.0,338.2,Critical
AXA-20201216-3692-MAC,2020-12-16 15:41:30,2020-12-16 15:45:12,2020-12-16 21:23:23,Popoola,Seun,Phone Call,CROSS RIVER,Metro Area Connect,Line damage,222.0,338.18333333333334,Critical
AXA-20201225-3706-WiFi8,2020-12-25 08:00:14,2020-12-25 08:10:34,2020-12-25 13:48:41,John,Victor,Email,SOKOTO,WiFI - 8,Customers End,620.0,338.1166666666667,Critical
AXA-20201229-1578-WLESS,,2020-12-29 18:53:28,2020-12-30 00:31:30,Sheg,Seun,Social Media,OYO,Wireless,Line damage,,338.03333333333336,Critical
AXA-20201209-3070-C100,2020-12-09 09:48:15,2020-12-09 09:57:36,2020-12-09 15:35:24,Brenda,Kerry,Email,EDO,Cloud100,Line damage,561.0,337.8,Critical
AXA-20201229-1526-HSE,,2020-12-29 15:49:46,2020-12-29 21:27:32,Jennifer,Kerry,Social Media,PLATEAU,High speed Internet,Customers End,,337.76666666666665,Critical
AXA-20201208-4684-EVOICE,2020-12-08 13:23:22,2020-12-08 13:33:30,2020-12-08 19:11:16,Amelia,Kerry,Phone Call,BENUE,EVoice,Line damage,608.0,337.76666666666665,Critical
AXA-20201230-1964-WLESS,,2020-12-30 17:04:28,2020-12-30 22:42:11,Sekina,Victor,Email,ONDO,Wireless,Support network failures,,337.71666666666664,Critical
AXA-20201207-2286-WiFi4,2020-12-07 09:08:26,2020-12-07 09:16:48,2020-12-07 14:54:29,Myers,Kerry,Social Media,GOMBE,WiFI - 4,Routine Service,502.0,337.68333333333334,Critical
AXA-20201230-1345-WLESS,,2020-12-30 10:17:48,2020-12-30 15:55:27,Sekina,Victor,Social Media,ZAMFARA,Wireless,Customers End,,337.65,Critical
AXA-20201231-1940-HSE,,2020-12-31 17:16:25,2020-12-31 22:54:00,Bukky,Wale,Social Media,YOBE,High speed Internet,Customers End,,337.5833333333333,Critical
AXA-20201229-1234-HSE,,2020-12-29 18:35:53,2020-12-30 00:13:27,Sherifat,Victor,Social Media,KOGI,High speed Internet,Customers End,,337.56666666666666,Critical
AXA-20201203-3755-MAC,2020-12-03 14:38:54,2020-12-03 14:41:08,2020-12-03 20:18:41,Bola,Victor,Phone Call,EKITI,Metro Area Connect,Customers End,134.0,337.55,Critical
AXA-20201206-4466-WLESS,2020-12-06 10:16:41,2020-12-06 10:21:20,2020-12-06 15:58:49,Akin,Wale,Email,DELTA,Wireless,Customers End,279.0,337.48333333333335,Critical
AXA-20201217-5094-CBS,2020-12-17 15:41:02,2020-12-17 15:50:26,2020-12-17 21:27:55,Tunde,Victor,Phone Call,OGUN,Cloud-based services,Customers End,564.0,337.48333333333335,Critical
AXA-20201201-4450-EVOICE,2020-12-01 09:47:16,2020-12-01 09:57:00,2020-12-01 15:34:28,Atiku,Victor,USSD,ANAMBRA,EVoice,Customers End,584.0,337.46666666666664,Critical
AXA-20201211-2894-MAC,2020-12-11 12:29:47,2020-12-11 12:32:10,2020-12-11 18:09:36,Brenda,Kerry,Email,BORNO,Metro Area Connect,Line damage,143.0,337.43333333333334,Critical
AXA-20201218-2325-WiFi7,2020-12-18 10:00:55,2020-12-18 10:07:23,2020-12-18 15:44:42,Kingsley,Kerry,Chatbot,ENUGU,WiFI - 7,Support network failures,388.0,337.31666666666666,Critical
AXA-20201204-2528-HSE,2020-12-04 08:57:14,2020-12-04 08:58:32,2020-12-04 14:35:50,Habeeb,Victor,WebForm,NASARAWA,High speed Internet,Customers End,78.0,337.3,Critical
AXA-20201221-2714-WLESS,2020-12-21 09:26:15,2020-12-21 09:33:47,2020-12-21 15:11:04,Bukky,Wale,Social Media,PLATEAU,Wireless,Customers End,452.0,337.28333333333336,Critical
AXA-20201230-1402-WLESS,,2020-12-30 13:14:49,2020-12-30 18:52:04,Atiku,Victor,Social Media,GOMBE,Wireless,Line damage,,337.25,Critical
AXA-20201223-5641-WiFi9,2020-12-23 08:54:52,2020-12-23 08:58:04,2020-12-23 14:35:19,Habeeb,Victor,Social Media,DELTA,WiFI - 9,Customers End,192.0,337.25,Critical
AXA-20201206-4914-WiFi8,2020-12-06 10:10:54,2020-12-06 10:18:00,2020-12-06 15:55:14,Kola,Wale,Email,ANAMBRA,WiFI - 8,Customers End,426.0,337.23333333333335,Critical
AXA-20201224-4971-WiFi10,2020-12-24 14:29:21,2020-12-24 14:35:07,2020-12-24 20:12:19,Atiku,Victor,WebForm,RIVERS,WiFI - 10,Customers End,346.0,337.2,Critical
AXA-20201230-1264-HSE,,2020-12-30 17:06:15,2020-12-30 22:43:22,Atiku,Victor,Social Media,LAGOS,High speed Internet,Customers End,,337.1166666666667,Critical
AXA-20201223-4335-HSE,2020-12-23 11:40:57,2020-12-23 11:43:12,2020-12-23 17:20:16,Sekina,Victor,Email,ENUGU,High speed Internet,Customers End,135.0,337.06666666666666,Critical
AXA-20201208-4880-VOICE,2020-12-08 12:48:28,2020-12-08 12:55:58,2020-12-08 18:33:00,Akin,Wale,Social Media,IMO,Voice,Line damage,450.0,337.03333333333336,Critical
AXA-20201224-5430-WiFi11,2020-12-24 13:49:46,2020-12-24 13:51:59,2020-12-24 19:28:45,Amelia,Kerry,Email,KADUNA,WiFI - 11,Customers End,133.0,336.76666666666665,Critical
AXA-20201202-5402-MCON,2020-12-02 15:22:21,2020-12-02 15:29:43,2020-12-02 21:06:25,Atiku,Victor,Social Media,NASARAWA,M Connect,Line damage,442.0,336.7,Critical
AXA-20201217-2284-WLESS,2020-12-17 09:16:21,2020-12-17 09:25:46,2020-12-17 15:02:28,John,Victor,WebForm,DELTA,Wireless,Customers End,565.0,336.7,Critical
AXA-20201220-4101-WiFi6,2020-12-20 10:51:47,2020-12-20 10:55:27,2020-12-20 16:32:07,Tunde,Victor,Social Media,YOBE,WiFI - 6,Line damage,220.0,336.6666666666667,Critical
AXA-20201227-4253-VOICE,2020-12-27 13:36:53,2020-12-27 13:39:30,2020-12-27 19:16:01,Brenda,Kerry,WebForm,SOKOTO,Voice,Not Specified,157.0,336.51666666666665,Critical
AXA-20201221-3766-WiFi7,2020-12-21 12:08:50,2020-12-21 12:09:12,2020-12-21 17:45:42,Jonathan,Kerry,Social Media,KANO,WiFI - 7,Customers End,22.0,336.5,Critical
AXA-20201231-1849-HSE,,2020-12-31 06:50:47,2020-12-31 12:27:16,Tunde,Victor,Social Media,RIVERS,High speed Internet,Routine Service,,336.48333333333335,Critical
AXA-20201207-5842-WiFi4,2020-12-07 10:09:38,2020-12-07 10:18:05,2020-12-07 15:54:34,Sherifat,Victor,Chatbot,ENUGU,WiFI - 4,Customers End,507.0,336.48333333333335,Critical
AXA-20201229-1874-WLESS,,2020-12-29 21:06:29,2020-12-30 02:42:56,Bola,Victor,Social Media,RIVERS,Wireless,Customers End,,336.45,Critical
AXA-20201214-2521-WiFi7,2020-12-14 10:59:59,2020-12-14 11:01:24,2020-12-14 16:37:43,Sherifat,Victor,Phone Call,BORNO,WiFI - 7,Line damage,85.0,336.31666666666666,Critical
AXA-20201223-6046-CBS,2020-12-23 11:42:15,2020-12-23 11:45:53,2020-12-23 17:22:09,Tunde,Victor,Chatbot,KANO,Cloud-based services,Not Specified,218.0,336.26666666666665,Critical
AXA-20201229-1844-HSE,,2020-12-29 17:51:23,2020-12-29 23:27:29,Paul,Seun,Social Media,RIVERS,High speed Internet,Support network failures,,336.1,Critical
AXA-20201221-4695-EVOICE,2020-12-21 10:35:52,2020-12-21 10:40:14,2020-12-21 16:16:01,Myers,Kerry,Email,YOBE,EVoice,Router Failure,262.0,335.78333333333336,Critical
AXA-20201207-4131-EVOICE,2020-12-07 12:40:01,2020-12-07 12:41:25,2020-12-07 18:17:12,Kingsley,Kerry,Social Media,IMO,EVoice,Customers End,84.0,335.78333333333336,Critical
AXA-20201201-5087-WiFi7,2020-12-01 10:25:35,2020-12-01 10:30:44,2020-12-01 16:06:31,Goodluck,Kerry,Chatbot,PLATEAU,WiFI - 7,Line damage,309.0,335.78333333333336,Critical
AXA-20201219-5344-VOICE,2020-12-19 12:51:09,2020-12-19 12:58:49,2020-12-19 18:34:32,John,Victor,WebForm,ENUGU,Voice,Routine Service,460.0,335.71666666666664,Critical
AXA-20201206-3285-WiFi10,2020-12-06 12:28:31,2020-12-06 12:35:40,2020-12-06 18:11:21,Sherifat,Victor,Phone Call,BENUE,WiFI - 10,Support network failures,429.0,335.68333333333334,Critical
AXA-20201231-1729-WLESS,,2020-12-31 20:52:43,2021-01-01 02:28:22,Sola,Wale,Social Media,DELTA,Wireless,Customers End,,335.65,Critical
AXA-20201222-3760-WiFi6,2020-12-22 14:20:00,2020-12-22 14:22:25,2020-12-22 19:58:03,Habeeb,Victor,WebForm,ONDO,WiFI - 6,Customers End,145.0,335.6333333333333,Critical
AXA-20201231-1842-HSE,,2020-12-31 23:10:46,2021-01-01 04:46:23,Myers,Kerry,Social Media,NASARAWA,High speed Internet,Line damage,,335.6166666666667,Critical
AXA-20201227-4048-ICS,2020-12-27 11:29:22,2020-12-27 11:36:35,2020-12-27 17:12:10,Bola,Victor,Email,RIVERS,Interconnection Services,Line damage,433.0,335.5833333333333,Critical
AXA-20201202-3077-WiFi5,2020-12-02 10:57:29,2020-12-02 11:01:45,2020-12-02 16:37:12,Jonathan,Kerry,Email,DELTA,WiFI - 5,Routine Service,256.0,335.45,Critical
AXA-20201220-5754-MCON,2020-12-20 14:37:55,2020-12-20 14:42:14,2020-12-20 20:17:39,Sekina,Victor,Social Media,LAGOS,M Connect,Customers End,259.0,335.4166666666667,Critical
AXA-20201224-4373-WiFi3,2020-12-24 15:07:04,2020-12-24 15:11:46,2020-12-24 20:47:05,John,Victor,USSD,KOGI,WiFI - 3,Support network failures,282.0,335.31666666666666,Critical
AXA-20201220-2645-VOICE,2020-12-20 13:42:47,2020-12-20 13:46:27,2020-12-20 19:21:41,Myers,Kerry,WebForm,FCT ABUJA,Voice,Customers End,220.0,335.23333333333335,Critical
AXA-20201231-1848-HSE,,2020-12-31 17:45:44,2020-12-31 23:20:55,Habeeb,Victor,Social Media,RIVERS,High speed Internet,Routine Service,,335.18333333333334,Critical
AXA-20201215-3788-C100,2020-12-15 08:51:05,2020-12-15 08:56:27,2020-12-15 14:31:37,Habeeb,Victor,USSD,GOMBE,Cloud100,Not Specified,322.0,335.1666666666667,Critical
AXA-20201224-2472-C95,2020-12-24 15:23:39,2020-12-24 15:33:53,2020-12-24 21:09:01,Kingsley,Kerry,Social Media,FCT ABUJA,Cloud95,Customers End,614.0,335.1333333333333,Critical
AXA-20201218-5433-WLESS,2020-12-18 14:00:44,2020-12-18 14:11:16,2020-12-18 19:46:03,Kingsley,Kerry,Phone Call,KWARA,Wireless,Customers End,632.0,334.78333333333336,Critical
AXA-20201211-4992-WLESS,2020-12-11 09:44:04,2020-12-11 09:53:19,2020-12-11 15:28:06,Sekina,Victor,Social Media,RIVERS,Wireless,Not Specified,555.0,334.78333333333336,Critical
AXA-20201220-3357-WiFi7,2020-12-20 08:33:51,2020-12-20 08:37:04,2020-12-20 14:11:48,Amelia,Kerry,Email,LAGOS,WiFI - 7,Customers End,193.0,334.73333333333335,Critical
AXA-20201231-1563-WLESS,,2020-12-31 10:48:22,2020-12-31 16:22:59,Vitus,Seun,Social Media,IMO,Wireless,Not Specified,,334.6166666666667,Critical
AXA-20201228-5258-WiFi11,2020-12-28 15:08:59,2020-12-28 15:14:36,2020-12-28 20:49:12,Sherifat,Victor,WebForm,EBONYI,WiFI - 11,Power Loss,337.0,334.6,Critical
AXA-20201213-3769-EVOICE,2020-12-13 15:44:23,2020-12-13 15:50:46,2020-12-13 21:25:14,Habeeb,Victor,USSD,SOKOTO,EVoice,Customers End,383.0,334.46666666666664,Critical
AXA-20201210-3283-WiFi10,2020-12-10 09:26:08,2020-12-10 09:28:15,2020-12-10 15:02:40,Paul,Seun,WebForm,LAGOS,WiFI - 10,Line damage,127.0,334.4166666666667,Critical
AXA-20201214-3332-WiFi5,2020-12-14 13:12:37,2020-12-14 13:12:59,2020-12-14 18:47:19,Amelia,Kerry,Phone Call,KADUNA,WiFI - 5,Customers End,22.0,334.3333333333333,Critical
AXA-20201222-4428-WiFi10,2020-12-22 08:28:40,2020-12-22 08:29:08,2020-12-22 14:03:25,Paul,Seun,USSD,KOGI,WiFI - 10,Customers End,28.0,334.28333333333336,Critical
AXA-20201227-5928-WiFi6,2020-12-27 12:13:34,2020-12-27 12:20:47,2020-12-27 17:54:59,Atiku,Victor,Chatbot,NIGER,WiFI - 6,Line damage,433.0,334.2,Critical
AXA-20201211-2943-EVOICE,2020-12-11 09:14:53,2020-12-11 09:22:10,2020-12-11 14:56:21,Ore,Seun,Social Media,ANAMBRA,EVoice,Support network failures,437.0,334.18333333333334,Critical
AXA-20201229-2068-WLESS,,2020-12-29 14:57:34,2020-12-29 20:31:43,Jennifer,Kerry,Social Media,OYO,Wireless,Line damage,,334.15,Critical
AXA-20201219-5766-MCON,2020-12-19 14:11:30,2020-12-19 14:17:39,2020-12-19 19:51:47,Bola,Victor,Phone Call,DELTA,M Connect,Customers End,369.0,334.1333333333333,Critical
AXA-20201230-1321-WLESS,,2020-12-30 17:20:35,2020-12-30 22:54:39,Jennifer,Kerry,Social Media,IMO,Wireless,Routine Service,,334.06666666666666,Critical
AXA-20201205-2611-WLESS,2020-12-05 13:52:14,2020-12-05 13:55:39,2020-12-05 19:29:42,Brenda,Kerry,Chatbot,RIVERS,Wireless,Routine Service,205.0,334.05,Critical
AXA-20201214-4599-WiFi9,2020-12-14 14:27:41,2020-12-14 14:34:29,2020-12-14 20:08:31,Amelia,Kerry,Chatbot,KOGI,WiFI - 9,Not Specified,408.0,334.03333333333336,Critical
AXA-20201222-5925-WLESS,2020-12-22 09:36:22,2020-12-22 09:44:50,2020-12-22 15:18:37,Bukky,Wale,Phone Call,PLATEAU,Wireless,Customers End,508.0,333.78333333333336,Critical
AXA-20201231-1108-HSE,,2020-12-31 08:40:34,2020-12-31 14:14:19,Habeeb,Victor,Social Media,LAGOS,High speed Internet,Customers End,,333.75,Critical
AXA-20201216-3130-WiFi4,2020-12-16 10:41:55,2020-12-16 10:49:14,2020-12-16 16:22:57,Atiku,Victor,Social Media,KOGI,WiFI - 4,Customers End,439.0,333.71666666666664,Critical
AXA-20201219-6050-ICS,2020-12-19 08:39:26,2020-12-19 08:42:59,2020-12-19 14:16:41,Sekina,Victor,WebForm,KANO,Interconnection Services,Customers End,213.0,333.7,Critical
AXA-20201231-1315-WLESS,,2021-01-01 00:00:47,2021-01-01 05:34:24,Fola,Wale,Social Media,EBONYI,Wireless,Customers End,,333.6166666666667,Critical
AXA-20201224-5256-C95,2020-12-24 11:18:11,2020-12-24 11:25:47,2020-12-24 16:59:24,Jennifer,Kerry,Email,NASARAWA,Cloud95,Not Specified,456.0,333.6166666666667,Critical
AXA-20201224-3500-VOICE,2020-12-24 14:21:26,2020-12-24 14:24:50,2020-12-24 19:58:25,Jennifer,Kerry,Email,KOGI,Voice,Line damage,204.0,333.5833333333333,Critical
AXA-20201220-4878-CBS,2020-12-20 08:18:10,2020-12-20 08:18:26,2020-12-20 13:51:57,Sherifat,Victor,WebForm,KANO,Cloud-based services,Customers End,16.0,333.51666666666665,Critical
AXA-20201207-5319-WLESS,2020-12-07 11:22:53,2020-12-07 11:32:10,2020-12-07 17:05:39,Sheg,Seun,Email,ENUGU,Wireless,Customers End,557.0,333.48333333333335,Critical
AXA-20201212-2726-WLESS,2020-12-12 12:47:44,2020-12-12 12:49:05,2020-12-12 18:22:32,Goodluck,Kerry,Social Media,RIVERS,Wireless,Customers End,81.0,333.45,Critical
AXA-20201218-4778-MAC,2020-12-18 14:07:30,2020-12-18 14:17:41,2020-12-18 19:51:08,John,Victor,Chatbot,OGUN,Metro Area Connect,Customers End,611.0,333.45,Critical
AXA-20201211-4250-WiFi8,2020-12-11 10:03:09,2020-12-11 10:11:47,2020-12-11 15:45:10,Jonathan,Kerry,Chatbot,KOGI,WiFI - 8,Routine Service,518.0,333.3833333333333,Critical
AXA-20201211-5957-HSE,2020-12-11 14:11:17,2020-12-11 14:15:02,2020-12-11 19:48:21,Sekina,Victor,Social Media,EDO,High speed Internet,Routine Service,225.0,333.31666666666666,Critical
AXA-20201205-4628-WiFi5,2020-12-05 15:34:22,2020-12-05 15:36:00,2020-12-05 21:09:18,Atiku,Victor,Social Media,NASARAWA,WiFI - 5,Customers End,98.0,333.3,Critical
AXA-20201208-3834-WiFi6,2020-12-08 09:41:30,2020-12-08 09:49:02,2020-12-08 15:22:18,Sekina,Victor,Email,KATSINA,WiFI - 6,Support network failures,452.0,333.26666666666665,Critical
AXA-20201201-4592-MCON,2020-12-01 08:33:56,2020-12-01 08:39:31,2020-12-01 14:12:40,Paul,Seun,Chatbot,FCT ABUJA,M Connect,Support network failures,335.0,333.15,Critical
AXA-20201230-1245-CBS,,2020-12-30 23:52:44,2020-12-31 05:25:47,Amelia,Kerry,USSD,FCT ABUJA,Cloud-based services,Customers End,,333.05,Critical
AXA-20201205-6103-WiFi3,2020-12-05 14:20:06,2020-12-05 14:20:50,2020-12-05 19:53:52,Sherifat,Victor,Email,ANAMBRA,WiFI - 3,Customers End,44.0,333.03333333333336,Critical
AXA-20201202-2878-WLESS,2020-12-02 14:27:45,2020-12-02 14:32:14,2020-12-02 20:05:16,Brenda,Kerry,Social Media,BORNO,Wireless,Customers End,269.0,333.03333333333336,Critical
AXA-20201217-2510-MCON,2020-12-17 09:54:25,2020-12-17 09:54:50,2020-12-17 15:27:36,Atiku,Victor,WebForm,BAYELSA,M Connect,Customers End,25.0,332.76666666666665,Critical
AXA-20201230-1746-WLESS,,2020-12-30 16:48:08,2020-12-30 22:20:53,Jennifer,Kerry,Email,DELTA,Wireless,Not Specified,,332.75,Critical
AXA-20201212-3356-WiFi11,2020-12-12 12:43:20,2020-12-12 12:50:34,2020-12-12 18:23:19,Atiku,Victor,WebForm,OGUN,WiFI - 11,Customers End,434.0,332.75,Critical
AXA-20201215-2665-WLESS,2020-12-15 14:40:09,2020-12-15 14:49:39,2020-12-15 20:22:22,Kachi,Seun,Phone Call,ENUGU,Wireless,Line damage,570.0,332.71666666666664,Critical
AXA-20201212-3301-WiFi7,2020-12-12 08:12:11,2020-12-12 08:13:21,2020-12-12 13:45:59,Bola,Victor,Phone Call,LAGOS,WiFI - 7,Routine Service,70.0,332.6333333333333,Critical
AXA-20201230-1888-WLESS,,2020-12-30 02:07:51,2020-12-30 07:40:27,Segun,Seun,Social Media,KANO,Wireless,Customers End,,332.6,Critical
AXA-20201201-5289-WiFi7,2020-12-01 12:30:43,2020-12-01 12:32:03,2020-12-01 18:04:32,Atiku,Victor,Email,OGUN,WiFI - 7,Customers End,80.0,332.48333333333335,Critical
AXA-20201219-3292-WiFi7,2020-12-19 10:32:35,2020-12-19 10:39:53,2020-12-19 16:12:20,Atiku,Victor,WebForm,KADUNA,WiFI - 7,Customers End,438.0,332.45,Critical
AXA-20201211-4270-HSE,2020-12-11 08:47:41,2020-12-11 08:53:20,2020-12-11 14:25:45,Myers,Kerry,Email,KANO,High speed Internet,Customers End,339.0,332.4166666666667,Critical
AXA-20201211-2242-WiFi10,2020-12-11 13:44:52,2020-12-11 13:52:26,2020-12-11 19:24:41,Vitus,Seun,Email,CROSS RIVER,WiFI - 10,Customers End,454.0,332.25,Critical
AXA-20201223-3537-C100,2020-12-23 10:30:41,2020-12-23 10:41:19,2020-12-23 16:13:33,Jonathan,Kerry,Chatbot,ZAMFARA,Cloud100,Customers End,638.0,332.23333333333335,Critical
AXA-20201231-1451-HSE,,2020-12-31 18:25:48,2020-12-31 23:58:01,Kingsley,Kerry,Social Media,GOMBE,High speed Internet,Not Specified,,332.21666666666664,Critical
AXA-20201226-4477-C95,2020-12-26 10:30:39,2020-12-26 10:32:55,2020-12-26 16:05:04,Bola,Victor,Social Media,ABIA,Cloud95,Customers End,136.0,332.15,Critical
AXA-20201230-1548-HSE,,2020-12-30 08:33:47,2020-12-30 14:05:51,Bola,Victor,Social Media,EKITI,High speed Internet,Line damage,,332.06666666666666,Critical
AXA-20201227-4852-HSE,2020-12-27 12:25:17,2020-12-27 12:28:48,2020-12-27 18:00:52,Sekina,Victor,WebForm,ONDO,High speed Internet,Routine Service,211.0,332.06666666666666,Critical
AXA-20201219-3162-WLESS,2020-12-19 08:02:58,2020-12-19 08:04:33,2020-12-19 13:36:36,Tunde,Victor,WebForm,OSUN,Wireless,Customers End,95.0,332.05,Critical
AXA-20201225-2791-WiFi7,2020-12-25 09:28:30,2020-12-25 09:37:17,2020-12-25 15:09:19,Myers,Kerry,Phone Call,BORNO,WiFI - 7,Customers End,527.0,332.03333333333336,Critical
AXA-20201223-5920-EVOICE,2020-12-23 08:24:08,2020-12-23 08:26:50,2020-12-23 13:58:52,Atiku,Victor,USSD,ANAMBRA,EVoice,Customers End,162.0,332.03333333333336,Critical
AXA-20201229-1890-WLESS,,2020-12-29 14:58:49,2020-12-29 20:30:33,Jennifer,Kerry,Social Media,OYO,Wireless,Line damage,,331.73333333333335,Critical
AXA-20201205-4939-WiFi10,2020-12-05 15:27:36,2020-12-05 15:34:41,2020-12-05 21:06:24,Atiku,Victor,WebForm,ANAMBRA,WiFI - 10,Router Failure,425.0,331.71666666666664,Critical
AXA-20201224-6075-WLESS,2020-12-24 11:18:56,2020-12-24 11:27:07,2020-12-24 16:58:46,Amelia,Kerry,Phone Call,FCT ABUJA,Wireless,Not Specified,491.0,331.65,Critical
AXA-20201202-5025-WiFi10,2020-12-02 12:55:58,2020-12-02 13:03:23,2020-12-02 18:35:00,Atiku,Victor,WebForm,ENUGU,WiFI - 10,Customers End,445.0,331.6166666666667,Critical
AXA-20201229-1119-HSE,,2020-12-29 18:28:17,2020-12-29 23:59:44,John,Victor,Social Media,DELTA,High speed Internet,Customers End,,331.45,Critical
AXA-20201217-3655-WiFi4,2020-12-17 11:36:36,2020-12-17 11:38:23,2020-12-17 17:09:47,Segun,Seun,Phone Call,NIGER,WiFI - 4,Customers End,107.0,331.4,Critical
AXA-20201202-2283-MCON,2020-12-02 14:51:19,2020-12-02 14:57:52,2020-12-02 20:29:14,Tunde,Victor,Email,IMO,M Connect,Customers End,393.0,331.3666666666667,Critical
AXA-20201227-2164-MAC,2020-12-27 10:06:23,2020-12-27 10:15:45,2020-12-27 15:47:04,Kachi,Seun,Chatbot,LAGOS,Metro Area Connect,Not Specified,562.0,331.31666666666666,Critical
AXA-20201210-3246-WiFi3,2020-12-10 13:13:28,2020-12-10 13:18:50,2020-12-10 18:50:07,Mary,Wale,Social Media,KWARA,WiFI - 3,Line damage,322.0,331.28333333333336,Critical
AXA-20201212-5956-WiFi5,2020-12-12 11:53:36,2020-12-12 12:04:10,2020-12-12 17:35:24,Bola,Victor,Phone Call,LAGOS,WiFI - 5,Customers End,634.0,331.23333333333335,Critical
AXA-20201218-5326-C100,2020-12-18 08:24:37,2020-12-18 08:29:59,2020-12-18 14:01:10,John,Victor,Phone Call,GOMBE,Cloud100,Not Specified,322.0,331.18333333333334,Critical
AXA-20201221-2893-WiFi9,2020-12-21 09:28:01,2020-12-21 09:30:42,2020-12-21 15:01:52,Kingsley,Kerry,USSD,DELTA,WiFI - 9,Not Specified,161.0,331.1666666666667,Critical
AXA-20201201-4851-WLESS,2020-12-01 10:49:08,2020-12-01 10:56:21,2020-12-01 16:27:25,Goodluck,Kerry,Chatbot,OGUN,Wireless,Customers End,433.0,331.06666666666666,Critical
AXA-20201202-5660-MCON,2020-12-02 12:06:58,2020-12-02 12:09:39,2020-12-02 17:40:42,John,Victor,WebForm,BORNO,M Connect,Routine Service,161.0,331.05,Critical
AXA-20201223-3221-CBS,2020-12-23 14:20:27,2020-12-23 14:27:37,2020-12-23 19:58:40,Atiku,Victor,Email,RIVERS,Cloud-based services,Routine Service,430.0,331.05,Critical
AXA-20201201-2664-C100,2020-12-01 11:29:40,2020-12-01 11:34:46,2020-12-01 17:05:48,Kachi,Seun,Social Media,NASARAWA,Cloud100,Customers End,306.0,331.03333333333336,Critical
AXA-20201211-2338-MCON,2020-12-11 10:08:47,2020-12-11 10:09:00,2020-12-11 15:39:48,Sola,Wale,Email,KATSINA,M Connect,Not Specified,13.0,330.8,Critical
AXA-20201207-2519-WiFi11,2020-12-07 14:31:39,2020-12-07 14:41:46,2020-12-07 20:12:33,Bola,Victor,Email,IMO,WiFI - 11,Customers End,607.0,330.78333333333336,Critical
AXA-20201214-5064-WLESS,2020-12-14 10:47:11,2020-12-14 10:57:21,2020-12-14 16:28:02,Jonathan,Kerry,Email,RIVERS,Wireless,Line damage,610.0,330.68333333333334,Critical
AXA-20201221-2451-C95,2020-12-21 12:49:37,2020-12-21 12:56:12,2020-12-21 18:26:51,Sekina,Victor,USSD,BORNO,Cloud95,Customers End,395.0,330.65,Critical
AXA-20201217-2582-CBS,2020-12-17 15:14:55,2020-12-17 15:24:42,2020-12-17 20:55:20,Sheg,Seun,Phone Call,BENUE,Cloud-based services,Not Specified,587.0,330.6333333333333,Critical
AXA-20201213-3883-MCON,2020-12-13 09:09:06,2020-12-13 09:19:34,2020-12-13 14:50:11,Sherifat,Victor,USSD,KANO,M Connect,Customers End,628.0,330.6166666666667,Critical
AXA-20201231-1668-HSE,,2020-12-31 13:43:24,2020-12-31 19:13:57,Habeeb,Victor,Phone Call,LAGOS,High speed Internet,Customers End,,330.55,Critical
AXA-20201215-2410-WiFi7,2020-12-15 08:05:32,2020-12-15 08:12:59,2020-12-15 13:43:30,Sola,Wale,WebForm,ANAMBRA,WiFI - 7,Not Specified,447.0,330.51666666666665,Critical
AXA-20201205-5357-WiFi11,2020-12-05 10:24:33,2020-12-05 10:33:57,2020-12-05 16:04:28,Segun,Seun,Phone Call,RIVERS,WiFI - 11,Not Specified,564.0,330.51666666666665,Critical
AXA-20201209-2533-HSE,2020-12-09 12:04:34,2020-12-09 12:06:42,2020-12-09 17:37:11,Kola,Wale,Phone Call,ANAMBRA,High speed Internet,Customers End,128.0,330.48333333333335,Critical
AXA-20201208-3081-WLESS,2020-12-08 08:47:51,2020-12-08 08:52:02,2020-12-08 14:22:28,Sherifat,Victor,Phone Call,GOMBE,Wireless,Line damage,251.0,330.43333333333334,Critical
AXA-20201208-3275-WiFi5,2020-12-08 12:24:57,2020-12-08 12:35:25,2020-12-08 18:05:51,Sherifat,Victor,Phone Call,GOMBE,WiFI - 5,Line damage,628.0,330.43333333333334,Critical
AXA-20201209-2473-EVOICE,2020-12-09 15:50:00,2020-12-09 15:53:45,2020-12-09 21:24:07,Fola,Wale,USSD,KEBBI,EVoice,Customers End,225.0,330.3666666666667,Critical
AXA-20201229-1911-CBS,,2020-12-29 15:40:51,2020-12-29 21:11:13,Bola,Victor,USSD,DELTA,Cloud-based services,Line damage,,330.3666666666667,Critical
AXA-20201219-5432-WiFi8,2020-12-19 08:40:42,2020-12-19 08:41:18,2020-12-19 14:11:39,Kingsley,Kerry,WebForm,RIVERS,WiFI - 8,Customers End,36.0,330.35,Critical
AXA-20201224-5820-WiFi9,2020-12-24 08:38:07,2020-12-24 08:39:25,2020-12-24 14:09:44,Amelia,Kerry,WebForm,FCT ABUJA,WiFI - 9,Routine Service,78.0,330.31666666666666,Critical
AXA-20201223-4539-WiFi8,2020-12-23 10:35:02,2020-12-23 10:37:42,2020-12-23 16:07:57,John,Victor,Chatbot,AKWA IBOM,WiFI - 8,hardware failure,160.0,330.25,Critical
AXA-20201227-5767-WiFi4,2020-12-27 13:03:43,2020-12-27 13:09:12,2020-12-27 18:39:26,Popoola,Seun,USSD,PLATEAU,WiFI - 4,Line damage,329.0,330.23333333333335,Critical
AXA-20201230-1226-HSE,,2020-12-30 21:07:34,2020-12-31 02:37:43,Sherifat,Victor,Social Media,KANO,High speed Internet,Routine Service,,330.15,Critical
AXA-20201210-4740-WiFi7,2020-12-10 15:15:15,2020-12-10 15:17:48,2020-12-10 20:47:57,John,Victor,WebForm,KOGI,WiFI - 7,Customers End,153.0,330.15,Critical
AXA-20201205-4812-WiFi10,2020-12-05 14:38:05,2020-12-05 14:44:13,2020-12-05 20:14:19,Jennifer,Kerry,WebForm,DELTA,WiFI - 10,Customers End,368.0,330.1,Critical
AXA-20201228-4413-C100,2020-12-28 09:29:39,2020-12-28 09:39:27,2020-12-28 15:09:33,Brenda,Kerry,Phone Call,LAGOS,Cloud100,Customers End,588.0,330.1,Critical
AXA-20201207-2205-MCON,2020-12-07 08:16:28,2020-12-07 08:20:42,2020-12-07 13:50:45,Myers,Kerry,USSD,LAGOS,M Connect,Not Specified,254.0,330.05,Critical
AXA-20201217-4595-C100,2020-12-17 15:05:28,2020-12-17 15:12:57,2020-12-17 20:42:38,Jonathan,Kerry,Email,KEBBI,Cloud100,Routine Service,449.0,329.68333333333334,Critical
AXA-20201223-2163-MCON,2020-12-23 09:15:31,2020-12-23 09:15:53,2020-12-23 14:45:33,Sola,Wale,Social Media,KOGI,M Connect,Customers End,22.0,329.6666666666667,Critical
AXA-20201229-1227-HSE,,2020-12-29 20:36:45,2020-12-30 02:06:25,Atiku,Victor,Social Media,KANO,High speed Internet,Customers End,,329.6666666666667,Critical
AXA-20201231-2032-HSE,,2020-12-31 20:57:26,2021-01-01 02:27:04,Bukky,Wale,Social Media,DELTA,High speed Internet,Customers End,,329.6333333333333,Critical
AXA-20201208-5393-WiFi5,2020-12-08 08:01:26,2020-12-08 08:02:45,2020-12-08 13:32:22,Boye,Wale,Chatbot,OGUN,WiFI - 5,Customers End,79.0,329.6166666666667,Critical
AXA-20201225-2429-WiFi4,2020-12-25 10:44:14,2020-12-25 10:51:44,2020-12-25 16:21:18,Atiku,Victor,WebForm,CROSS RIVER,WiFI - 4,Routine Service,450.0,329.56666666666666,Critical
AXA-20201214-4825-WiFi5,2020-12-14 09:24:21,2020-12-14 09:33:09,2020-12-14 15:02:43,Sekina,Victor,Phone Call,FCT ABUJA,WiFI - 5,Not Specified,528.0,329.56666666666666,Critical
AXA-20201229-1480-WLESS,,2020-12-29 21:47:25,2020-12-30 03:16:52,Paul,Seun,Social Media,KANO,Wireless,Customers End,,329.45,Critical
AXA-20201211-3003-VOICE,2020-12-11 10:37:33,2020-12-11 10:45:56,2020-12-11 16:15:23,Kingsley,Kerry,Phone Call,BAUCHI,Voice,Customers End,503.0,329.45,Critical
AXA-20201231-1602-WLESS,,2020-12-31 11:49:44,2020-12-31 17:19:11,Bola,Victor,Social Media,KEBBI,Wireless,Not Specified,,329.45,Critical
AXA-20201229-1492-WLESS,,2020-12-29 18:46:38,2020-12-30 00:16:04,Paul,Seun,Social Media,BENUE,Wireless,Customers End,,329.43333333333334,Critical
AXA-20201204-2841-WiFi9,2020-12-04 14:27:11,2020-12-04 14:27:44,2020-12-04 19:57:04,Kola,Wale,Phone Call,IMO,WiFI - 9,Routine Service,33.0,329.3333333333333,Critical
AXA-20201227-2870-ICS,2020-12-27 10:08:40,2020-12-27 10:16:47,2020-12-27 15:46:07,Brenda,Kerry,Phone Call,ADAMAWA,Interconnection Services,Customers End,487.0,329.3333333333333,Critical
AXA-20201230-1823-HSE,,2020-12-30 22:01:39,2020-12-31 03:30:58,Bola,Victor,Social Media,BORNO,High speed Internet,hardware failure,,329.31666666666666,Critical
AXA-20201204-4638-MCON,2020-12-04 10:24:24,2020-12-04 10:32:04,2020-12-04 16:01:22,Habeeb,Victor,Social Media,ENUGU,M Connect,Customers End,460.0,329.3,Critical
AXA-20201211-5773-HSE,2020-12-11 14:36:00,2020-12-11 14:41:33,2020-12-11 20:10:51,Atiku,Victor,Social Media,YOBE,High speed Internet,Routine Service,333.0,329.3,Critical
AXA-20201226-5578-WiFi9,2020-12-26 12:07:00,2020-12-26 12:16:14,2020-12-26 17:45:31,Atiku,Victor,Social Media,GOMBE,WiFI - 9,Customers End,554.0,329.28333333333336,Critical
AXA-20201205-2821-WLESS,2020-12-05 11:12:22,2020-12-05 11:13:54,2020-12-05 16:43:07,Jennifer,Kerry,WebForm,ENUGU,Wireless,Customers End,92.0,329.21666666666664,Critical
AXA-20201214-3880-WiFi8,2020-12-14 10:15:41,2020-12-14 10:20:48,2020-12-14 15:49:57,Bola,Victor,Email,ONDO,WiFI - 8,Customers End,307.0,329.15,Critical
AXA-20201214-4130-WiFi9,2020-12-14 09:12:39,2020-12-14 09:14:20,2020-12-14 14:43:29,Sherifat,Victor,USSD,DELTA,WiFI - 9,Customers End,101.0,329.15,Critical
AXA-20201210-5839-WLESS,2020-12-10 13:49:47,2020-12-10 13:58:22,2020-12-10 19:27:28,Jennifer,Kerry,Email,RIVERS,Wireless,Customers End,515.0,329.1,Critical
AXA-20201203-3493-WiFi8,2020-12-03 08:54:55,2020-12-03 08:55:07,2020-12-03 14:24:10,Tunde,Victor,USSD,ANAMBRA,WiFI - 8,Customers End,12.0,329.05,Critical
AXA-20201230-1654-MAC,,2020-12-30 18:42:31,2020-12-31 00:11:33,John,Victor,Social Media,FCT ABUJA,Metro Area Connect,Line damage,,329.03333333333336,Critical
AXA-20201224-5197-CBS,2020-12-24 13:31:50,2020-12-24 13:37:37,2020-12-24 19:06:22,John,Victor,USSD,KOGI,Cloud-based services,Customers End,347.0,328.75,Critical
AXA-20201226-2711-HSE,2020-12-26 10:22:58,2020-12-26 10:29:19,2020-12-26 15:57:53,Habeeb,Victor,Email,BORNO,High speed Internet,Not Specified,381.0,328.56666666666666,Critical
AXA-20201231-1974-WLESS,,2020-12-31 20:04:43,2021-01-01 01:33:15,Sola,Wale,Social Media,BENUE,Wireless,Customers End,,328.53333333333336,Critical
AXA-20201211-5495-WiFi9,2020-12-11 10:21:40,2020-12-11 10:28:26,2020-12-11 15:56:58,Atiku,Victor,Chatbot,RIVERS,WiFI - 9,Customers End,406.0,328.53333333333336,Critical
AXA-20201229-1793-WLESS,,2020-12-29 19:38:52,2020-12-30 01:07:23,John,Victor,Social Media,PLATEAU,Wireless,Customers End,,328.51666666666665,Critical
AXA-20201207-3887-CBS,2020-12-07 14:22:07,2020-12-07 14:23:32,2020-12-07 19:51:58,Habeeb,Victor,Email,EKITI,Cloud-based services,Customers End,85.0,328.43333333333334,Critical
AXA-20201201-4283-WiFi7,2020-12-01 08:47:25,2020-12-01 08:54:40,2020-12-01 14:23:04,Tunde,Victor,Email,RIVERS,WiFI - 7,Customers End,435.0,328.4,Critical
AXA-20201210-5863-WLESS,2020-12-10 12:41:48,2020-12-10 12:43:20,2020-12-10 18:11:44,Kachi,Seun,USSD,FCT ABUJA,Wireless,Line damage,92.0,328.4,Critical
AXA-20201203-4057-WiFi8,2020-12-03 14:44:47,2020-12-03 14:44:52,2020-12-03 20:13:15,Sherifat,Victor,Email,RIVERS,WiFI - 8,Customers End,5.0,328.3833333333333,Critical
AXA-20201225-5588-CBS,2020-12-25 14:51:01,2020-12-25 14:51:29,2020-12-25 20:19:51,Brenda,Kerry,Chatbot,YOBE,Cloud-based services,Customers End,28.0,328.3666666666667,Critical
AXA-20201231-1596-WLESS,,2020-12-31 13:44:26,2020-12-31 19:12:44,Sekina,Victor,Social Media,KEBBI,Wireless,Not Specified,,328.3,Critical
AXA-20201220-4621-WiFi5,2020-12-20 15:18:11,2020-12-20 15:19:50,2020-12-20 20:48:06,Boye,Wale,Phone Call,GOMBE,WiFI - 5,Customers End,99.0,328.26666666666665,Critical
AXA-20201223-4551-ICS,2020-12-23 09:43:42,2020-12-23 09:51:57,2020-12-23 15:20:11,Jennifer,Kerry,Social Media,ENUGU,Interconnection Services,Not Specified,495.0,328.23333333333335,Critical
AXA-20201226-3956-VOICE,2020-12-26 09:45:14,2020-12-26 09:52:36,2020-12-26 15:20:45,Popoola,Seun,Phone Call,BENUE,Voice,Customers End,442.0,328.15,Critical
AXA-20201216-5627-CBS,2020-12-16 08:29:29,2020-12-16 08:34:54,2020-12-16 14:03:01,Bola,Victor,Chatbot,DELTA,Cloud-based services,Line damage,325.0,328.1166666666667,Critical
AXA-20201207-2127-WiFi8,2020-12-07 14:05:26,2020-12-07 14:12:32,2020-12-07 19:40:38,Sherifat,Victor,Email,ABIA,WiFI - 8,Line damage,426.0,328.1,Critical
AXA-20201222-3482-ICS,2020-12-22 08:04:33,2020-12-22 08:14:01,2020-12-22 13:41:47,Kingsley,Kerry,Chatbot,ONDO,Interconnection Services,Customers End,568.0,327.76666666666665,Critical
AXA-20201219-2632-WLESS,2020-12-19 14:42:12,2020-12-19 14:46:30,2020-12-19 20:14:15,Habeeb,Victor,Chatbot,ADAMAWA,Wireless,Not Specified,258.0,327.75,Critical
AXA-20201231-1710-WLESS,,2020-12-31 07:40:38,2020-12-31 13:08:19,Sekina,Victor,Social Media,LAGOS,Wireless,Customers End,,327.68333333333334,Critical
AXA-20201206-4670-HSE,2020-12-06 08:07:42,2020-12-06 08:17:23,2020-12-06 13:45:03,Sekina,Victor,Social Media,YOBE,High speed Internet,Support network failures,581.0,327.6666666666667,Critical
AXA-20201216-2775-C95,2020-12-16 08:55:55,2020-12-16 09:06:42,2020-12-16 14:34:22,Vitus,Seun,WebForm,OGUN,Cloud95,Customers End,647.0,327.6666666666667,Critical
AXA-20201206-3609-CBS,2020-12-06 13:10:57,2020-12-06 13:16:14,2020-12-06 18:43:53,Sherifat,Victor,Phone Call,BORNO,Cloud-based services,Customers End,317.0,327.65,Critical
AXA-20201227-3118-HSE,2020-12-27 13:40:06,2020-12-27 13:47:35,2020-12-27 19:15:12,Habeeb,Victor,WebForm,BENUE,High speed Internet,Customers End,449.0,327.6166666666667,Critical
AXA-20201216-6016-WiFi6,2020-12-16 08:06:57,2020-12-16 08:08:30,2020-12-16 13:36:05,Sheg,Seun,WebForm,OYO,WiFI - 6,Customers End,93.0,327.5833333333333,Critical
AXA-20201211-2958-C100,2020-12-11 10:43:48,2020-12-11 10:47:21,2020-12-11 16:14:56,Kingsley,Kerry,Social Media,ANAMBRA,Cloud100,Not Specified,213.0,327.5833333333333,Critical
AXA-20201231-1843-HSE,,2020-12-31 18:54:31,2021-01-01 00:22:03,Kingsley,Kerry,Social Media,NASARAWA,High speed Internet,Line damage,,327.53333333333336,Critical
AXA-20201231-1488-WLESS,,2020-12-31 03:41:24,2020-12-31 09:08:56,Kingsley,Kerry,Social Media,NIGER,Wireless,Line damage,,327.53333333333336,Critical
AXA-20201211-3672-VOICE,2020-12-11 09:02:52,2020-12-11 09:07:25,2020-12-11 14:34:53,Jennifer,Kerry,USSD,ANAMBRA,Voice,Customers End,273.0,327.46666666666664,Critical
AXA-20201201-5208-WiFi7,2020-12-01 11:44:17,2020-12-01 11:54:41,2020-12-01 17:22:09,Habeeb,Victor,Phone Call,OYO,WiFI - 7,Line damage,624.0,327.46666666666664,Critical
AXA-20201211-2483-MCON,2020-12-11 11:57:43,2020-12-11 12:04:24,2020-12-11 17:31:51,Bola,Victor,Email,ZAMFARA,M Connect,Line damage,401.0,327.45,Critical
AXA-20201204-4569-WiFi4,2020-12-04 13:42:45,2020-12-04 13:46:28,2020-12-04 19:13:53,Segun,Seun,Phone Call,GOMBE,WiFI - 4,Customers End,223.0,327.4166666666667,Critical
AXA-20201226-3001-MAC,2020-12-26 12:43:54,2020-12-26 12:54:42,2020-12-26 18:22:05,Sherifat,Victor,Email,RIVERS,Metro Area Connect,Customers End,648.0,327.3833333333333,Critical
AXA-20201231-1831-WLESS,,2020-12-31 13:59:35,2020-12-31 19:26:55,Segun,Seun,Social Media,BORNO,Wireless,Not Specified,,327.3333333333333,Critical
AXA-20201214-3954-WiFi10,2020-12-14 11:02:29,2020-12-14 11:11:05,2020-12-14 16:38:12,John,Victor,Chatbot,OGUN,WiFI - 10,Routine Service,516.0,327.1166666666667,Critical
AXA-20201220-4754-WiFi3,2020-12-20 12:45:08,2020-12-20 12:51:22,2020-12-20 18:18:28,John,Victor,Phone Call,ONDO,WiFI - 3,Customers End,374.0,327.1,Critical
AXA-20201204-3025-MCON,2020-12-04 15:27:02,2020-12-04 15:32:08,2020-12-04 20:59:14,Bukky,Wale,WebForm,NIGER,M Connect,Line damage,306.0,327.1,Critical
AXA-20201226-3573-WLESS,2020-12-26 11:30:02,2020-12-26 11:32:17,2020-12-26 16:59:05,Paul,Seun,Chatbot,ABIA,Wireless,Customers End,135.0,326.8,Critical
AXA-20201209-6005-ICS,2020-12-09 13:58:32,2020-12-09 14:03:55,2020-12-09 19:30:41,Sheg,Seun,Email,FCT ABUJA,Interconnection Services,Customers End,323.0,326.76666666666665,Critical
AXA-20201213-3533-WiFi4,2020-12-13 15:08:46,2020-12-13 15:18:12,2020-12-13 20:44:51,Akin,Wale,Chatbot,ENUGU,WiFI - 4,Customers End,566.0,326.65,Critical
AXA-20201204-3262-WLESS,2020-12-04 14:00:25,2020-12-04 14:06:03,2020-12-04 19:32:41,Tunde,Victor,USSD,RIVERS,Wireless,Customers End,338.0,326.6333333333333,Critical
AXA-20201228-2517-WiFi10,2020-12-28 10:50:42,2020-12-28 10:53:49,2020-12-28 16:20:25,Atiku,Victor,Email,PLATEAU,WiFI - 10,Line damage,187.0,326.6,Critical
AXA-20201202-3443-WiFi7,2020-12-02 12:02:19,2020-12-02 12:10:02,2020-12-02 17:36:37,Sekina,Victor,Chatbot,DELTA,WiFI - 7,Traffic Spikes,463.0,326.5833333333333,Critical
AXA-20201215-3953-WiFi4,2020-12-15 14:52:32,2020-12-15 14:53:40,2020-12-15 20:20:15,Bola,Victor,Chatbot,KANO,WiFI - 4,Customers End,68.0,326.5833333333333,Critical
AXA-20201231-2057-WLESS,,2020-12-31 09:08:24,2020-12-31 14:34:56,Myers,Kerry,Email,RIVERS,Wireless,Not Specified,,326.53333333333336,Critical
AXA-20201231-1802-HSE,,2020-12-31 20:53:28,2021-01-01 02:19:56,Kola,Wale,Social Media,NASARAWA,High speed Internet,Line damage,,326.46666666666664,Critical
AXA-20201225-2923-HSE,2020-12-25 14:36:34,2020-12-25 14:44:09,2020-12-25 20:10:26,Ore,Seun,USSD,JIGAWA,High speed Internet,Customers End,455.0,326.28333333333336,Critical
AXA-20201222-4612-ICS,2020-12-22 15:23:34,2020-12-22 15:24:41,2020-12-22 20:50:58,Paul,Seun,Chatbot,KANO,Interconnection Services,Line damage,67.0,326.28333333333336,Critical
AXA-20201213-3418-C95,2020-12-13 11:37:06,2020-12-13 11:46:21,2020-12-13 17:12:32,Atiku,Victor,USSD,GOMBE,Cloud95,Customers End,555.0,326.18333333333334,Critical
AXA-20201202-3891-HSE,2020-12-02 15:38:40,2020-12-02 15:46:17,2020-12-02 21:12:21,Kingsley,Kerry,WebForm,ENUGU,High speed Internet,Not Specified,457.0,326.06666666666666,Critical
AXA-20201229-1309-WLESS,,2020-12-29 13:15:40,2020-12-29 18:41:28,Jennifer,Kerry,Social Media,IMO,Wireless,Customers End,,325.8,Critical
AXA-20201216-2366-WiFi10,2020-12-16 12:04:13,2020-12-16 12:09:44,2020-12-16 17:35:31,Habeeb,Victor,Chatbot,FCT ABUJA,WiFI - 10,Customers End,331.0,325.78333333333336,Critical
AXA-20201231-1168-VOICE,,2020-12-31 03:22:48,2020-12-31 08:48:32,Kingsley,Kerry,Social Media,ENUGU,Voice,Customers End,,325.73333333333335,Critical
AXA-20201225-3393-MAC,2020-12-25 08:16:17,2020-12-25 08:17:27,2020-12-25 13:43:11,Habeeb,Victor,Chatbot,DELTA,Metro Area Connect,hardware failure,70.0,325.73333333333335,Critical
AXA-20201220-3082-WiFi7,2020-12-20 13:52:01,2020-12-20 13:52:28,2020-12-20 19:18:12,Bola,Victor,USSD,YOBE,WiFI - 7,Routine Service,27.0,325.73333333333335,Critical
AXA-20201211-4265-WiFi6,2020-12-11 12:29:15,2020-12-11 12:30:27,2020-12-11 17:56:06,Sherifat,Victor,Social Media,ADAMAWA,WiFI - 6,Line damage,72.0,325.65,Critical
AXA-20201230-1547-HSE,,2020-12-30 13:55:51,2020-12-30 19:21:29,Sekina,Victor,Social Media,EKITI,High speed Internet,Line damage,,325.6333333333333,Critical
AXA-20201218-2162-WiFi8,2020-12-18 11:35:30,2020-12-18 11:43:16,2020-12-18 17:08:52,Sola,Wale,Chatbot,RIVERS,WiFI - 8,Traffic Spikes,466.0,325.6,Critical
AXA-20201209-2223-MAC,2020-12-09 11:16:57,2020-12-09 11:24:43,2020-12-09 16:50:18,Sherifat,Victor,WebForm,KWARA,Metro Area Connect,Not Specified,466.0,325.5833333333333,Critical
AXA-20201216-3089-WiFi4,2020-12-16 15:15:06,2020-12-16 15:17:35,2020-12-16 20:43:06,Tunde,Victor,WebForm,PLATEAU,WiFI - 4,Customers End,149.0,325.51666666666665,Critical
AXA-20201201-5456-WLESS,2020-12-01 13:49:29,2020-12-01 13:59:52,2020-12-01 19:25:22,Brenda,Kerry,Social Media,ONDO,Wireless,Line damage,623.0,325.5,Critical
AXA-20201229-1950-WLESS,,2020-12-29 21:28:30,2020-12-30 02:53:58,Sherifat,Victor,Social Media,PLATEAU,Wireless,Customers End,,325.46666666666664,Critical
AXA-20201222-4790-WiFi8,2020-12-22 09:06:21,2020-12-22 09:11:31,2020-12-22 14:36:59,Sekina,Victor,Email,ZAMFARA,WiFI - 8,Line damage,310.0,325.46666666666664,Critical
AXA-20201208-2428-WiFi11,2020-12-08 13:30:36,2020-12-08 13:40:18,2020-12-08 19:05:35,Jennifer,Kerry,WebForm,OYO,WiFI - 11,Customers End,582.0,325.28333333333336,Critical
AXA-20201227-2466-WiFi10,2020-12-27 13:38:36,2020-12-27 13:40:09,2020-12-27 19:05:21,Sherifat,Victor,Chatbot,RIVERS,WiFI - 10,Customers End,93.0,325.2,Critical
AXA-20201217-5162-ICS,2020-12-17 12:46:54,2020-12-17 12:47:29,2020-12-17 18:12:39,Jennifer,Kerry,Social Media,KADUNA,Interconnection Services,Customers End,35.0,325.1666666666667,Critical
AXA-20201230-1170-VOICE,,2020-12-30 07:20:49,2020-12-30 12:45:35,Bola,Victor,Social Media,ENUGU,Voice,Customers End,,324.76666666666665,Critical
AXA-20201218-5655-C95,2020-12-18 08:26:13,2020-12-18 08:35:44,2020-12-18 14:00:28,Sekina,Victor,USSD,OYO,Cloud95,Customers End,571.0,324.73333333333335,Critical
AXA-20201204-5581-WLESS,2020-12-04 12:16:21,2020-12-04 12:24:48,2020-12-04 17:49:28,Tunde,Victor,WebForm,RIVERS,Wireless,Line damage,507.0,324.6666666666667,Critical
AXA-20201231-1523-HSE,,2020-12-31 11:29:23,2020-12-31 16:54:01,Sekina,Victor,Social Media,PLATEAU,High speed Internet,Customers End,,324.6333333333333,Critical
AXA-20201207-5998-MAC,2020-12-07 09:05:23,2020-12-07 09:11:29,2020-12-07 14:36:01,Akin,Wale,WebForm,BORNO,Metro Area Connect,Not Specified,366.0,324.53333333333336,Critical
AXA-20201205-4071-ICS,2020-12-05 15:56:13,2020-12-05 15:57:35,2020-12-05 21:22:04,Sola,Wale,Chatbot,NASARAWA,Interconnection Services,Customers End,82.0,324.48333333333335,Critical
AXA-20201227-4879-C95,2020-12-27 09:47:14,2020-12-27 09:51:32,2020-12-27 15:16:00,Segun,Seun,Phone Call,KWARA,Cloud95,Line damage,258.0,324.46666666666664,Critical
AXA-20201231-1265-HSE,,2020-12-31 07:41:28,2020-12-31 13:05:49,Tunde,Victor,Social Media,BORNO,High speed Internet,Customers End,,324.35,Critical
AXA-20201203-2725-WiFi11,2020-12-03 15:45:06,2020-12-03 15:50:52,2020-12-03 21:15:10,John,Victor,Chatbot,AKWA IBOM,WiFI - 11,Routine Service,346.0,324.3,Critical
AXA-20201202-4291-VOICE,2020-12-02 09:42:17,2020-12-02 09:47:35,2020-12-02 15:11:52,Atiku,Victor,Chatbot,YOBE,Voice,Support network failures,318.0,324.28333333333336,Critical
AXA-20201224-4597-EVOICE,2020-12-24 09:29:08,2020-12-24 09:32:39,2020-12-24 14:56:53,Boye,Wale,Chatbot,EKITI,EVoice,Line damage,211.0,324.23333333333335,Critical
AXA-20201222-3845-EVOICE,2020-12-22 15:44:32,2020-12-22 15:45:53,2020-12-22 21:10:04,Sekina,Victor,USSD,RIVERS,EVoice,Customers End,81.0,324.18333333333334,Critical
AXA-20201218-2860-WiFi6,2020-12-18 08:33:57,2020-12-18 08:43:08,2020-12-18 14:07:18,Tunde,Victor,USSD,DELTA,WiFI - 6,Line damage,551.0,324.1666666666667,Critical
AXA-20201208-2132-MAC,2020-12-08 09:52:42,2020-12-08 10:01:56,2020-12-08 15:26:04,Tunde,Victor,Social Media,PLATEAU,Metro Area Connect,Not Specified,554.0,324.1333333333333,Critical
AXA-20201219-3990-WiFi10,2020-12-19 11:32:40,2020-12-19 11:41:25,2020-12-19 17:05:11,John,Victor,WebForm,RIVERS,WiFI - 10,Routine Service,525.0,323.76666666666665,Critical
AXA-20201229-1189-HSE,,2020-12-29 17:29:18,2020-12-29 22:53:03,Sheg,Seun,Social Media,KANO,High speed Internet,Customers End,,323.75,Critical
AXA-20201230-2070-WLESS,,2020-12-30 08:31:55,2020-12-30 13:55:39,Tunde,Victor,Social Media,DELTA,Wireless,Traffic Spikes,,323.73333333333335,Critical
AXA-20201208-2245-HSE,2020-12-08 09:12:55,2020-12-08 09:14:28,2020-12-08 14:38:08,Habeeb,Victor,USSD,GOMBE,High speed Internet,hardware failure,93.0,323.6666666666667,Critical
AXA-20201215-3109-WiFi11,2020-12-15 14:23:28,2020-12-15 14:23:36,2020-12-15 19:47:15,Tunde,Victor,USSD,KANO,WiFI - 11,hardware failure,8.0,323.65,Critical
AXA-20201231-1131-WLESS,,2020-12-31 23:12:32,2021-01-01 04:36:11,Amelia,Kerry,Social Media,NASARAWA,Wireless,Line damage,,323.65,Critical
AXA-20201226-5485-EVOICE,2020-12-26 14:52:48,2020-12-26 14:59:09,2020-12-26 20:22:39,Bola,Victor,Email,OGUN,EVoice,Line damage,381.0,323.5,Critical
AXA-20201219-2862-MCON,2020-12-19 12:27:50,2020-12-19 12:31:30,2020-12-19 17:54:51,Jennifer,Kerry,Phone Call,ANAMBRA,M Connect,Customers End,220.0,323.35,Critical
AXA-20201201-2908-WiFi5,2020-12-01 08:52:27,2020-12-01 08:55:00,2020-12-01 14:18:18,Jonathan,Kerry,USSD,IMO,WiFI - 5,Customers End,153.0,323.3,Critical
AXA-20201223-2396-HSE,2020-12-23 10:39:33,2020-12-23 10:42:41,2020-12-23 16:05:57,Kachi,Seun,USSD,RIVERS,High speed Internet,hardware failure,188.0,323.26666666666665,Critical
AXA-20201204-5089-WLESS,2020-12-04 10:51:24,2020-12-04 11:01:39,2020-12-04 16:24:54,Jonathan,Kerry,Chatbot,LAGOS,Wireless,Not Specified,615.0,323.25,Critical
AXA-20201229-1565-WLESS,,2020-12-29 15:59:45,2020-12-29 21:22:59,Habeeb,Victor,Social Media,IMO,Wireless,Customers End,,323.23333333333335,Critical
AXA-20201208-4383-EVOICE,2020-12-08 10:04:50,2020-12-08 10:14:20,2020-12-08 15:37:34,Tunde,Victor,Email,BENUE,EVoice,Customers End,570.0,323.23333333333335,Critical
AXA-20201206-5039-HSE,2020-12-06 12:43:43,2020-12-06 12:52:31,2020-12-06 18:15:44,Tunde,Victor,Social Media,JIGAWA,High speed Internet,Customers End,528.0,323.21666666666664,Critical
AXA-20201230-1991-WLESS,,2020-12-30 22:25:11,2020-12-31 03:48:18,Bukky,Wale,Social Media,JIGAWA,Wireless,Routine Service,,323.1166666666667,Critical
AXA-20201227-4248-CBS,2020-12-27 08:04:45,2020-12-27 08:14:18,2020-12-27 13:37:24,Goodluck,Kerry,WebForm,OYO,Cloud-based services,Customers End,573.0,323.1,Critical
AXA-20201203-5139-WiFi11,2020-12-03 10:30:54,2020-12-03 10:39:24,2020-12-03 16:02:29,John,Victor,Chatbot,NASARAWA,WiFI - 11,hardware failure,510.0,323.0833333333333,Critical
AXA-20201227-3528-C95,2020-12-27 11:01:01,2020-12-27 11:08:49,2020-12-27 16:31:51,Vitus,Seun,Phone Call,KEBBI,Cloud95,Line damage,468.0,323.03333333333336,Critical
AXA-20201209-3143-EVOICE,2020-12-09 15:24:38,2020-12-09 15:30:25,2020-12-09 20:53:11,Kingsley,Kerry,WebForm,ANAMBRA,EVoice,Customers End,347.0,322.76666666666665,Critical
AXA-20201211-2416-WLESS,2020-12-11 14:35:10,2020-12-11 14:37:49,2020-12-11 20:00:35,Tunde,Victor,Chatbot,OGUN,Wireless,Line damage,159.0,322.76666666666665,Critical
AXA-20201223-3839-WiFi8,2020-12-23 13:03:13,2020-12-23 13:13:43,2020-12-23 18:36:27,Atiku,Victor,Chatbot,KANO,WiFI - 8,Not Specified,630.0,322.73333333333335,Critical
AXA-20201202-4780-C95,2020-12-02 10:46:06,2020-12-02 10:55:43,2020-12-02 16:18:27,Jonathan,Kerry,Social Media,GOMBE,Cloud95,hardware failure,577.0,322.73333333333335,Critical
AXA-20201223-4387-C95,2020-12-23 10:22:21,2020-12-23 10:23:58,2020-12-23 15:46:38,Bola,Victor,Phone Call,RIVERS,Cloud95,Customers End,97.0,322.6666666666667,Critical
AXA-20201201-2490-VOICE,2020-12-01 15:20:06,2020-12-01 15:24:40,2020-12-01 20:47:17,Sekina,Victor,Chatbot,FCT ABUJA,Voice,Support network failures,274.0,322.6166666666667,Critical
AXA-20201216-3546-MAC,2020-12-16 11:08:57,2020-12-16 11:18:23,2020-12-16 16:40:59,Atiku,Victor,Email,DELTA,Metro Area Connect,Line damage,566.0,322.6,Critical
AXA-20201211-5010-WLESS,2020-12-11 15:56:13,2020-12-11 16:03:59,2020-12-11 21:26:31,Sekina,Victor,Social Media,IMO,Wireless,Routine Service,466.0,322.53333333333336,Critical
AXA-20201225-3385-WiFi7,2020-12-25 13:32:17,2020-12-25 13:35:26,2020-12-25 18:57:55,Sekina,Victor,Phone Call,RIVERS,WiFI - 7,Not Specified,189.0,322.48333333333335,Critical
AXA-20201213-2097-WiFi6,2020-12-13 12:20:59,2020-12-13 12:31:19,2020-12-13 17:53:47,Tunde,Victor,Social Media,OYO,WiFI - 6,Customers End,620.0,322.46666666666664,Critical
AXA-20201212-3250-CBS,2020-12-12 09:21:07,2020-12-12 09:30:26,2020-12-12 14:52:45,Myers,Kerry,Email,TARABA,Cloud-based services,Routine Service,559.0,322.31666666666666,Critical
AXA-20201212-3933-WiFi3,2020-12-12 12:40:29,2020-12-12 12:46:55,2020-12-12 18:09:07,Brenda,Kerry,Phone Call,NIGER,WiFI - 3,Not Specified,386.0,322.2,Critical
AXA-20201218-2187-ICS,2020-12-18 08:06:51,2020-12-18 08:07:56,2020-12-18 13:30:08,John,Victor,Social Media,KOGI,Interconnection Services,Line damage,65.0,322.2,Critical
AXA-20201225-4929-VOICE,2020-12-25 08:13:41,2020-12-25 08:18:00,2020-12-25 13:40:11,Bola,Victor,USSD,JIGAWA,Voice,Routine Service,259.0,322.18333333333334,Critical
AXA-20201230-1329-WLESS,,2020-12-30 14:50:28,2020-12-30 20:12:37,John,Victor,Social Media,ZAMFARA,Wireless,Not Specified,,322.15,Critical
AXA-20201201-4152-MCON,2020-12-01 10:11:41,2020-12-01 10:21:28,2020-12-01 15:43:34,Bola,Victor,WebForm,BAUCHI,M Connect,Customers End,587.0,322.1,Critical
AXA-20201225-3722-WiFi6,2020-12-25 12:01:37,2020-12-25 12:12:18,2020-12-25 17:34:03,Habeeb,Victor,Chatbot,ABIA,WiFI - 6,Customers End,641.0,321.75,Critical
AXA-20201211-3683-WLESS,2020-12-11 10:25:17,2020-12-11 10:33:43,2020-12-11 15:55:27,Atiku,Victor,Social Media,ENUGU,Wireless,Not Specified,506.0,321.73333333333335,Critical
AXA-20201205-4081-CBS,2020-12-05 09:24:08,2020-12-05 09:34:50,2020-12-05 14:56:33,Bola,Victor,USSD,OYO,Cloud-based services,Customers End,642.0,321.71666666666664,Critical
AXA-20201210-4438-WiFi11,2020-12-10 10:35:51,2020-12-10 10:37:38,2020-12-10 15:59:17,Tunde,Victor,WebForm,YOBE,WiFI - 11,Support network failures,107.0,321.65,Critical
AXA-20201221-6059-WiFi8,2020-12-21 13:24:06,2020-12-21 13:26:41,2020-12-21 18:48:14,Sherifat,Victor,Email,OYO,WiFI - 8,Support network failures,155.0,321.55,Critical
AXA-20201218-6036-HSE,2020-12-18 12:42:54,2020-12-18 12:44:36,2020-12-18 18:06:06,Jennifer,Kerry,Social Media,TARABA,High speed Internet,Customers End,102.0,321.5,Critical
AXA-20201217-5938-WiFi9,2020-12-17 11:56:36,2020-12-17 11:56:55,2020-12-17 17:18:23,Bola,Victor,Social Media,DELTA,WiFI - 9,Routine Service,19.0,321.46666666666664,Critical
AXA-20201208-3777-WLESS,2020-12-08 08:17:00,2020-12-08 08:25:41,2020-12-08 13:47:08,Segun,Seun,Social Media,YOBE,Wireless,Customers End,521.0,321.45,Critical
AXA-20201231-1539-VOICE,,2020-12-31 09:54:11,2020-12-31 15:15:37,Sekina,Victor,Social Media,PLATEAU,Voice,Support network failures,,321.43333333333334,Critical
AXA-20201208-4889-MAC,2020-12-08 15:10:37,2020-12-08 15:17:15,2020-12-08 20:38:28,Sherifat,Victor,WebForm,ENUGU,Metro Area Connect,Line damage,398.0,321.21666666666664,Critical
AXA-20201231-1688-HSE,,2020-12-31 13:32:53,2020-12-31 18:54:00,John,Victor,Social Media,KATSINA,High speed Internet,Not Specified,,321.1166666666667,Critical
AXA-20201206-4350-WiFi4,2020-12-06 12:09:26,2020-12-06 12:09:36,2020-12-06 17:30:43,Sherifat,Victor,USSD,BENUE,WiFI - 4,Customers End,10.0,321.1166666666667,Critical
AXA-20201214-6056-C100,2020-12-14 15:12:00,2020-12-14 15:18:15,2020-12-14 20:39:21,Jennifer,Kerry,Social Media,EKITI,Cloud100,Routine Service,375.0,321.1,Critical
AXA-20201227-3405-WiFi8,2020-12-27 10:24:03,2020-12-27 10:28:22,2020-12-27 15:49:25,Ore,Seun,WebForm,ANAMBRA,WiFI - 8,Line damage,259.0,321.05,Critical
AXA-20201215-4489-VOICE,2020-12-15 12:18:23,2020-12-15 12:21:30,2020-12-15 17:42:32,Ore,Seun,Social Media,ANAMBRA,Voice,Not Specified,187.0,321.03333333333336,Critical
AXA-20201204-2939-WiFi4,2020-12-04 10:55:10,2020-12-04 10:57:32,2020-12-04 16:18:19,Bola,Victor,Social Media,KWARA,WiFI - 4,Line damage,142.0,320.78333333333336,Critical
AXA-20201220-2804-WiFi8,2020-12-20 12:22:30,2020-12-20 12:30:36,2020-12-20 17:51:22,Jonathan,Kerry,Email,KATSINA,WiFI - 8,Customers End,486.0,320.76666666666665,Critical
AXA-20201217-3320-WiFi7,2020-12-17 08:19:43,2020-12-17 08:26:12,2020-12-17 13:46:55,Amelia,Kerry,Chatbot,SOKOTO,WiFI - 7,Routine Service,389.0,320.71666666666664,Critical
AXA-20201210-4251-WiFi6,2020-12-10 13:27:18,2020-12-10 13:31:36,2020-12-10 18:52:12,Sherifat,Victor,WebForm,RIVERS,WiFI - 6,Line damage,258.0,320.6,Critical
AXA-20201230-1525-HSE,,2020-12-30 13:17:13,2020-12-30 18:37:49,John,Victor,Social Media,PLATEAU,High speed Internet,Customers End,,320.6,Critical
AXA-20201219-3669-HSE,2020-12-19 15:58:41,2020-12-19 16:02:15,2020-12-19 21:22:49,Amelia,Kerry,Social Media,RIVERS,High speed Internet,Customers End,214.0,320.56666666666666,Critical
AXA-20201225-4944-WiFi7,2020-12-25 13:23:37,2020-12-25 13:30:11,2020-12-25 18:50:41,Jonathan,Kerry,Chatbot,DELTA,WiFI - 7,Customers End,394.0,320.5,Critical
AXA-20201216-2186-MAC,2020-12-16 08:50:38,2020-12-16 08:53:14,2020-12-16 14:13:41,Brenda,Kerry,WebForm,DELTA,Metro Area Connect,Customers End,156.0,320.45,Critical
AXA-20201205-4455-C100,2020-12-05 14:26:01,2020-12-05 14:28:49,2020-12-05 19:49:14,Paul,Seun,Social Media,YOBE,Cloud100,Support network failures,168.0,320.4166666666667,Critical
AXA-20201224-3328-WiFi9,2020-12-24 11:04:51,2020-12-24 11:07:24,2020-12-24 16:27:46,Bola,Victor,Social Media,NASARAWA,WiFI - 9,Customers End,153.0,320.3666666666667,Critical
AXA-20201229-1634-HSE,,2020-12-29 19:16:36,2020-12-30 00:36:57,Kola,Wale,Social Media,AKWA IBOM,High speed Internet,Customers End,,320.35,Critical
AXA-20201227-3574-WiFi5,2020-12-27 10:58:57,2020-12-27 11:09:24,2020-12-27 16:29:38,Amelia,Kerry,USSD,DELTA,WiFI - 5,hardware failure,627.0,320.23333333333335,Critical
AXA-20201229-1797-HSE,,2020-12-29 14:55:22,2020-12-29 20:15:33,Myers,Kerry,Social Media,OYO,High speed Internet,Line damage,,320.18333333333334,Critical
AXA-20201219-5400-WiFi8,2020-12-19 15:35:29,2020-12-19 15:43:47,2020-12-19 21:03:55,Kingsley,Kerry,WebForm,NASARAWA,WiFI - 8,Customers End,498.0,320.1333333333333,Critical
AXA-20201202-5441-WiFi8,2020-12-02 13:58:33,2020-12-02 14:07:41,2020-12-02 19:27:28,Goodluck,Kerry,Phone Call,YOBE,WiFI - 8,Not Specified,548.0,319.78333333333336,Critical
AXA-20201207-2567-C100,2020-12-07 09:53:43,2020-12-07 09:56:26,2020-12-07 15:16:08,Mary,Wale,Social Media,SOKOTO,Cloud100,Customers End,163.0,319.7,Critical
AXA-20201217-2913-WiFi5,2020-12-17 13:25:02,2020-12-17 13:34:41,2020-12-17 18:54:21,Habeeb,Victor,Chatbot,ONDO,WiFI - 5,Line damage,579.0,319.6666666666667,Critical
AXA-20201208-5519-ICS,2020-12-08 14:18:03,2020-12-08 14:28:50,2020-12-08 19:48:28,Sheg,Seun,Chatbot,IMO,Interconnection Services,Customers End,647.0,319.6333333333333,Critical
AXA-20201216-2262-C95,2020-12-16 14:01:50,2020-12-16 14:09:19,2020-12-16 19:28:46,Goodluck,Kerry,Social Media,OYO,Cloud95,Routine Service,449.0,319.45,Critical
AXA-20201219-4854-HSE,2020-12-19 11:02:47,2020-12-19 11:03:56,2020-12-19 16:23:17,Sherifat,Victor,WebForm,NIGER,High speed Internet,Routine Service,69.0,319.35,Critical
AXA-20201229-1929-HSE,,2020-12-29 20:29:27,2020-12-30 01:48:44,Goodluck,Kerry,Social Media,ENUGU,High speed Internet,Customers End,,319.28333333333336,Critical
AXA-20201212-4016-WiFi11,2020-12-12 13:19:31,2020-12-12 13:20:03,2020-12-12 18:39:18,Habeeb,Victor,WebForm,KADUNA,WiFI - 11,Line damage,32.0,319.25,Critical
AXA-20201220-4794-WLESS,2020-12-20 11:24:57,2020-12-20 11:25:03,2020-12-20 16:44:17,Sheg,Seun,WebForm,GOMBE,Wireless,Traffic Spikes,6.0,319.23333333333335,Critical
AXA-20201229-1759-WLESS,,2020-12-29 20:16:20,2020-12-30 01:35:32,Sheg,Seun,Social Media,ENUGU,Wireless,Customers End,,319.2,Critical
AXA-20201230-1609-WLESS,,2020-12-30 12:11:32,2020-12-30 17:30:43,Habeeb,Victor,Social Media,DELTA,Wireless,Customers End,,319.18333333333334,Critical
AXA-20201221-2280-HSE,2020-12-21 08:35:04,2020-12-21 08:35:31,2020-12-21 13:54:40,Bola,Victor,Social Media,KEBBI,High speed Internet,Customers End,27.0,319.15,Critical
AXA-20201211-5445-WLESS,2020-12-11 15:12:15,2020-12-11 15:12:51,2020-12-11 20:31:59,John,Victor,Chatbot,ANAMBRA,Wireless,Customers End,36.0,319.1333333333333,Critical
AXA-20201222-4532-WiFi9,2020-12-22 15:57:51,2020-12-22 16:07:09,2020-12-22 21:26:15,Jonathan,Kerry,Email,OSUN,WiFI - 9,Not Specified,558.0,319.1,Critical
AXA-20201206-3964-HSE,2020-12-06 10:21:09,2020-12-06 10:23:52,2020-12-06 15:42:57,Jennifer,Kerry,Chatbot,BORNO,High speed Internet,Support network failures,163.0,319.0833333333333,Critical
AXA-20201218-4033-C100,2020-12-18 14:54:11,2020-12-18 15:03:22,2020-12-18 20:22:06,Paul,Seun,Email,LAGOS,Cloud100,hardware failure,551.0,318.73333333333335,Critical
AXA-20201209-2798-MCON,2020-12-09 15:55:37,2020-12-09 16:01:10,2020-12-09 21:19:50,Ore,Seun,Email,BORNO,M Connect,Routine Service,333.0,318.6666666666667,Critical
AXA-20201220-4644-HSE,2020-12-20 11:13:51,2020-12-20 11:23:31,2020-12-20 16:42:03,Sekina,Victor,Email,KANO,High speed Internet,Support network failures,580.0,318.53333333333336,Critical
AXA-20201204-5173-MCON,2020-12-04 10:13:03,2020-12-04 10:16:42,2020-12-04 15:35:13,Atiku,Victor,Email,ENUGU,M Connect,Customers End,219.0,318.51666666666665,Critical
AXA-20201231-1474-WLESS,,2020-12-31 17:31:14,2020-12-31 22:49:44,Akin,Wale,Social Media,ZAMFARA,Wireless,Customers End,,318.5,Critical
AXA-20201209-5531-WiFi5,2020-12-09 12:12:25,2020-12-09 12:19:08,2020-12-09 17:37:36,Ore,Seun,WebForm,LAGOS,WiFI - 5,Customers End,403.0,318.46666666666664,Critical
AXA-20201220-2256-MAC,2020-12-20 12:38:17,2020-12-20 12:48:22,2020-12-20 18:06:47,John,Victor,USSD,ANAMBRA,Metro Area Connect,Not Specified,605.0,318.4166666666667,Critical
AXA-20201218-3979-WiFi6,2020-12-18 12:47:02,2020-12-18 12:47:09,2020-12-18 18:05:33,Segun,Seun,Social Media,ENUGU,WiFI - 6,Customers End,7.0,318.4,Critical
AXA-20201211-2651-WLESS,2020-12-11 08:09:02,2020-12-11 08:11:38,2020-12-11 13:30:01,Jonathan,Kerry,WebForm,NIGER,Wireless,Not Specified,156.0,318.3833333333333,Critical
AXA-20201202-5991-WiFi4,2020-12-02 11:52:19,2020-12-02 11:57:55,2020-12-02 17:16:18,John,Victor,WebForm,GOMBE,WiFI - 4,Customers End,336.0,318.3833333333333,Critical
AXA-20201223-2172-WLESS,2020-12-23 09:49:31,2020-12-23 09:54:55,2020-12-23 15:13:12,Sherifat,Victor,Chatbot,BORNO,Wireless,Not Specified,324.0,318.28333333333336,Critical
AXA-20201213-5169-ICS,2020-12-13 09:11:00,2020-12-13 09:15:47,2020-12-13 14:34:04,Habeeb,Victor,USSD,LAGOS,Interconnection Services,Support network failures,287.0,318.28333333333336,Critical
AXA-20201222-6034-MAC,2020-12-22 10:11:15,2020-12-22 10:15:44,2020-12-22 15:34:00,Sekina,Victor,WebForm,ADAMAWA,Metro Area Connect,Customers End,269.0,318.26666666666665,Critical
AXA-20201205-5936-WLESS,2020-12-05 11:02:35,2020-12-05 11:04:11,2020-12-05 16:22:27,John,Victor,USSD,KEBBI,Wireless,Customers End,96.0,318.26666666666665,Critical
AXA-20201202-4511-HSE,2020-12-02 11:31:49,2020-12-02 11:42:08,2020-12-02 17:00:23,Atiku,Victor,Chatbot,DELTA,High speed Internet,Not Specified,619.0,318.25,Critical
AXA-20201224-3807-WiFi6,2020-12-24 08:01:25,2020-12-24 08:11:04,2020-12-24 13:29:18,Sherifat,Victor,Phone Call,KADUNA,WiFI - 6,Customers End,579.0,318.23333333333335,Critical
AXA-20201209-2189-C95,2020-12-09 12:39:53,2020-12-09 12:48:37,2020-12-09 18:06:49,Atiku,Victor,Phone Call,OYO,Cloud95,Customers End,524.0,318.2,Critical
AXA-20201220-5307-C95,2020-12-20 14:36:05,2020-12-20 14:45:34,2020-12-20 20:03:45,Sherifat,Victor,WebForm,OGUN,Cloud95,Customers End,569.0,318.18333333333334,Critical
AXA-20201220-4741-HSE,2020-12-20 11:08:43,2020-12-20 11:18:11,2020-12-20 16:36:19,Kingsley,Kerry,Email,ONDO,High speed Internet,Customers End,568.0,318.1333333333333,Critical
AXA-20201221-4949-WiFi9,2020-12-21 08:47:22,2020-12-21 08:48:06,2020-12-21 14:06:12,Sola,Wale,USSD,BORNO,WiFI - 9,Line damage,44.0,318.1,Critical
AXA-20201207-2404-MCON,2020-12-07 13:05:42,2020-12-07 13:08:49,2020-12-07 18:26:54,Amelia,Kerry,Chatbot,OGUN,M Connect,Line damage,187.0,318.0833333333333,Critical
AXA-20201226-5260-WiFi5,2020-12-26 15:21:42,2020-12-26 15:30:47,2020-12-26 20:48:50,Vitus,Seun,Chatbot,OYO,WiFI - 5,Customers End,545.0,318.05,Critical
AXA-20201225-3827-MAC,2020-12-25 12:15:20,2020-12-25 12:16:05,2020-12-25 17:33:49,Tunde,Victor,Chatbot,OYO,Metro Area Connect,Customers End,45.0,317.73333333333335,Critical
AXA-20201230-1419-CBS,,2020-12-30 23:47:20,2020-12-31 05:05:03,Jonathan,Kerry,Social Media,OSUN,Cloud-based services,Customers End,,317.71666666666664,Critical
AXA-20201207-2099-WiFi4,2020-12-07 14:33:02,2020-12-07 14:35:10,2020-12-07 19:52:51,Goodluck,Kerry,USSD,KADUNA,WiFI - 4,Not Specified,128.0,317.68333333333334,Critical
AXA-20201222-5276-WiFi7,2020-12-22 12:17:00,2020-12-22 12:23:20,2020-12-22 17:41:00,Jennifer,Kerry,Social Media,KATSINA,WiFI - 7,Customers End,380.0,317.6666666666667,Critical
AXA-20201224-5486-HSE,2020-12-24 15:51:26,2020-12-24 15:54:58,2020-12-24 21:12:38,Sekina,Victor,Social Media,DELTA,High speed Internet,Customers End,212.0,317.6666666666667,Critical
AXA-20201230-1956-WLESS,,2020-12-30 22:58:24,2020-12-31 04:16:03,Habeeb,Victor,Social Media,ENUGU,Wireless,Customers End,,317.65,Critical
AXA-20201207-2091-CBS,2020-12-07 10:43:12,2020-12-07 10:43:54,2020-12-07 16:01:28,Atiku,Victor,USSD,NIGER,Cloud-based services,Customers End,42.0,317.56666666666666,Critical
AXA-20201225-3896-C95,2020-12-25 13:14:03,2020-12-25 13:15:18,2020-12-25 18:32:49,Sekina,Victor,Phone Call,KANO,Cloud95,Customers End,75.0,317.51666666666665,Critical
AXA-20201209-4117-VOICE,2020-12-09 12:14:31,2020-12-09 12:18:00,2020-12-09 17:35:30,Jonathan,Kerry,USSD,ZAMFARA,Voice,Customers End,209.0,317.5,Critical
AXA-20201202-3312-WiFi11,2020-12-02 09:36:50,2020-12-02 09:46:55,2020-12-02 15:04:23,Habeeb,Victor,Social Media,BENUE,WiFI - 11,Customers End,605.0,317.46666666666664,Critical
AXA-20201213-3462-WiFi8,2020-12-13 12:47:35,2020-12-13 12:47:59,2020-12-13 18:05:27,Sherifat,Victor,Email,NASARAWA,WiFI - 8,Customers End,24.0,317.46666666666664,Critical
AXA-20201206-5003-HSE,2020-12-06 08:33:17,2020-12-06 08:40:34,2020-12-06 13:57:49,Jennifer,Kerry,Social Media,BORNO,High speed Internet,Customers End,437.0,317.25,Critical
AXA-20201207-3841-WiFi4,2020-12-07 12:11:07,2020-12-07 12:15:28,2020-12-07 17:32:42,Jonathan,Kerry,WebForm,OYO,WiFI - 4,Router Failure,261.0,317.23333333333335,Critical
AXA-20201230-1549-HSE,,2020-12-30 08:34:13,2020-12-30 13:51:21,Tunde,Victor,Social Media,EKITI,High speed Internet,Line damage,,317.1333333333333,Critical
AXA-20201228-5040-MCON,2020-12-28 14:41:54,2020-12-28 14:45:29,2020-12-28 20:02:33,Tunde,Victor,Email,DELTA,M Connect,Customers End,215.0,317.06666666666666,Critical
AXA-20201226-5596-C100,2020-12-26 08:34:28,2020-12-26 08:34:33,2020-12-26 13:51:36,Bola,Victor,Social Media,BENUE,Cloud100,Customers End,5.0,317.05,Critical
AXA-20201208-2646-WiFi3,2020-12-08 15:32:20,2020-12-08 15:38:31,2020-12-08 20:55:34,Sekina,Victor,WebForm,BORNO,WiFI - 3,hardware failure,371.0,317.05,Critical
AXA-20201231-1883-C95,,2020-12-31 14:50:54,2020-12-31 20:07:56,Tunde,Victor,Social Media,LAGOS,Cloud95,Line damage,,317.03333333333336,Critical
AXA-20201211-4723-WiFi6,2020-12-11 09:52:22,2020-12-11 09:55:58,2020-12-11 15:12:45,Amelia,Kerry,WebForm,LAGOS,WiFI - 6,Not Specified,216.0,316.78333333333336,Critical
AXA-20201201-2858-WiFi3,2020-12-01 12:43:52,2020-12-01 12:51:27,2020-12-01 18:08:11,Jennifer,Kerry,Phone Call,OYO,WiFI - 3,Customers End,455.0,316.73333333333335,Critical
AXA-20201218-3786-CBS,2020-12-18 08:22:26,2020-12-18 08:29:39,2020-12-18 13:46:20,Atiku,Victor,WebForm,KWARA,Cloud-based services,Intrusions,433.0,316.68333333333334,Critical
AXA-20201226-4431-WiFi10,2020-12-26 09:34:59,2020-12-26 09:35:17,2020-12-26 14:51:58,Segun,Seun,Chatbot,ENUGU,WiFI - 10,hardware failure,18.0,316.68333333333334,Critical
AXA-20201222-3195-EVOICE,2020-12-22 13:51:43,2020-12-22 13:59:12,2020-12-22 19:15:51,Sekina,Victor,Email,NASARAWA,EVoice,Customers End,449.0,316.65,Critical
AXA-20201222-5649-VOICE,2020-12-22 12:07:59,2020-12-22 12:18:33,2020-12-22 17:35:07,Sola,Wale,Chatbot,NASARAWA,Voice,Line damage,634.0,316.56666666666666,Critical
AXA-20201228-5179-C95,2020-12-28 14:09:22,2020-12-28 14:10:37,2020-12-28 19:27:11,Sekina,Victor,Email,LAGOS,Cloud95,Customers End,75.0,316.56666666666666,Critical
AXA-20201202-4252-WiFi5,2020-12-02 10:45:06,2020-12-02 10:55:11,2020-12-02 16:11:43,Tunde,Victor,USSD,YOBE,WiFI - 5,hardware failure,605.0,316.53333333333336,Critical
AXA-20201201-4220-WiFi5,2020-12-01 15:52:35,2020-12-01 15:57:42,2020-12-01 21:14:03,Myers,Kerry,Email,DELTA,WiFI - 5,Customers End,307.0,316.35,Critical
AXA-20201204-5043-VOICE,2020-12-04 15:58:29,2020-12-04 16:06:00,2020-12-04 21:22:21,Segun,Seun,Social Media,BENUE,Voice,Customers End,451.0,316.35,Critical
AXA-20201222-3474-WiFi7,2020-12-22 14:52:17,2020-12-22 14:55:35,2020-12-22 20:11:54,Habeeb,Victor,Email,OYO,WiFI - 7,Routine Service,198.0,316.31666666666666,Critical
AXA-20201228-4598-ICS,2020-12-28 10:11:32,2020-12-28 10:19:15,2020-12-28 15:35:32,Paul,Seun,USSD,ABIA,Interconnection Services,Line damage,463.0,316.28333333333336,Critical
AXA-20201220-6093-WLESS,2020-12-20 10:59:39,2020-12-20 11:05:02,2020-12-20 16:21:18,Sekina,Victor,Email,IMO,Wireless,Routine Service,323.0,316.26666666666665,Critical
AXA-20201210-5027-WiFi11,2020-12-10 13:03:31,2020-12-10 13:12:55,2020-12-10 18:29:09,Atiku,Victor,USSD,SOKOTO,WiFI - 11,Line damage,564.0,316.23333333333335,Critical
AXA-20201203-3931-C95,2020-12-03 11:11:36,2020-12-03 11:12:51,2020-12-03 16:29:04,Jonathan,Kerry,Chatbot,TARABA,Cloud95,Support network failures,75.0,316.21666666666664,Critical
AXA-20201202-3585-EVOICE,2020-12-02 08:00:25,2020-12-02 08:05:10,2020-12-02 13:21:20,Bola,Victor,Chatbot,CROSS RIVER,EVoice,Customers End,285.0,316.1666666666667,Critical
AXA-20201206-3975-WiFi8,2020-12-06 12:28:46,2020-12-06 12:30:04,2020-12-06 17:46:12,John,Victor,Phone Call,KANO,WiFI - 8,Customers End,78.0,316.1333333333333,Critical
AXA-20201224-4040-ICS,2020-12-24 09:18:16,2020-12-24 09:22:37,2020-12-24 14:38:44,Jennifer,Kerry,USSD,IMO,Interconnection Services,Line damage,261.0,316.1166666666667,Critical
AXA-20201221-3399-HSE,2020-12-21 08:37:05,2020-12-21 08:47:15,2020-12-21 14:03:20,Brenda,Kerry,Email,SOKOTO,High speed Internet,Line damage,610.0,316.0833333333333,Critical
AXA-20201208-3464-WiFi8,2020-12-08 15:39:54,2020-12-08 15:47:20,2020-12-08 21:03:05,Habeeb,Victor,WebForm,YOBE,WiFI - 8,Line damage,446.0,315.75,Critical
AXA-20201206-6009-WLESS,2020-12-06 09:13:06,2020-12-06 09:18:49,2020-12-06 14:34:33,Bukky,Wale,Social Media,NIGER,Wireless,Line damage,343.0,315.73333333333335,Critical
AXA-20201211-3831-WiFi6,2020-12-11 14:42:36,2020-12-11 14:50:00,2020-12-11 20:05:43,Sekina,Victor,USSD,ZAMFARA,WiFI - 6,Customers End,444.0,315.71666666666664,Critical
AXA-20201218-5666-MCON,2020-12-18 14:08:30,2020-12-18 14:19:05,2020-12-18 19:34:45,Bola,Victor,Phone Call,ENUGU,M Connect,Customers End,635.0,315.6666666666667,Critical
AXA-20201214-4611-WiFi3,2020-12-14 11:26:28,2020-12-14 11:33:08,2020-12-14 16:48:45,Myers,Kerry,WebForm,DELTA,WiFI - 3,Line damage,400.0,315.6166666666667,Critical
AXA-20201229-1737-WLESS,,2020-12-29 16:45:41,2020-12-29 22:01:18,Atiku,Victor,Social Media,YOBE,Wireless,Customers End,,315.6166666666667,Critical
AXA-20201212-4412-WiFi11,2020-12-12 11:29:53,2020-12-12 11:36:07,2020-12-12 16:51:42,Kola,Wale,Email,DELTA,WiFI - 11,Not Specified,374.0,315.5833333333333,Critical
AXA-20201205-5095-WLESS,2020-12-05 08:40:34,2020-12-05 08:47:04,2020-12-05 14:02:38,Tunde,Victor,Phone Call,RIVERS,Wireless,Customers End,390.0,315.56666666666666,Critical
AXA-20201218-5587-HSE,2020-12-18 15:18:56,2020-12-18 15:22:31,2020-12-18 20:38:02,John,Victor,Social Media,OYO,High speed Internet,Line damage,215.0,315.51666666666665,Critical
AXA-20201203-4932-WLESS,2020-12-03 12:28:11,2020-12-03 12:35:41,2020-12-03 17:51:03,Mary,Wale,Email,EKITI,Wireless,Customers End,450.0,315.3666666666667,Critical
AXA-20201205-2626-ICS,2020-12-05 11:02:37,2020-12-05 11:12:14,2020-12-05 16:27:35,Habeeb,Victor,Phone Call,OGUN,Interconnection Services,Line damage,577.0,315.35,Critical
AXA-20201228-2169-WiFi4,2020-12-28 12:03:20,2020-12-28 12:10:25,2020-12-28 17:25:45,Brenda,Kerry,Email,OYO,WiFI - 4,Line damage,425.0,315.3333333333333,Critical
AXA-20201210-5301-WiFi8,2020-12-10 10:11:42,2020-12-10 10:19:55,2020-12-10 15:35:14,Bola,Victor,Social Media,DELTA,WiFI - 8,hardware failure,493.0,315.31666666666666,Critical
AXA-20201211-3323-WiFi7,2020-12-11 15:43:14,2020-12-11 15:50:26,2020-12-11 21:05:45,Kingsley,Kerry,WebForm,FCT ABUJA,WiFI - 7,Customers End,432.0,315.31666666666666,Critical
AXA-20201201-6012-EVOICE,2020-12-01 08:10:19,2020-12-01 08:16:59,2020-12-01 13:32:17,Goodluck,Kerry,Phone Call,ANAMBRA,EVoice,Routine Service,400.0,315.3,Critical
AXA-20201227-4964-ICS,2020-12-27 11:25:32,2020-12-27 11:36:20,2020-12-27 16:51:37,Tunde,Victor,Email,FCT ABUJA,Interconnection Services,Customers End,648.0,315.28333333333336,Critical
AXA-20201211-2746-WiFi5,2020-12-11 09:34:37,2020-12-11 09:34:46,2020-12-11 14:49:56,Habeeb,Victor,Phone Call,RIVERS,WiFI - 5,Customers End,9.0,315.1666666666667,Critical
AXA-20201221-4018-WiFi11,2020-12-21 09:49:21,2020-12-21 09:57:55,2020-12-21 15:13:01,Bukky,Wale,Phone Call,NASARAWA,WiFI - 11,Customers End,514.0,315.1,Critical
AXA-20201221-3164-WiFi9,2020-12-21 11:48:55,2020-12-21 11:54:39,2020-12-21 17:09:45,Sherifat,Victor,Email,ENUGU,WiFI - 9,Customers End,344.0,315.1,Critical
AXA-20201225-5033-MCON,2020-12-25 14:47:47,2020-12-25 14:56:23,2020-12-25 20:11:25,John,Victor,WebForm,LAGOS,M Connect,Customers End,516.0,315.03333333333336,Critical
AXA-20201202-4000-C95,2020-12-02 14:14:40,2020-12-02 14:22:18,2020-12-02 19:37:20,Jennifer,Kerry,USSD,RIVERS,Cloud95,Not Specified,458.0,315.03333333333336,Critical
AXA-20201215-3445-WiFi3,2020-12-15 09:10:35,2020-12-15 09:11:47,2020-12-15 14:26:49,Tunde,Victor,Phone Call,KANO,WiFI - 3,Customers End,72.0,315.03333333333336,Critical
AXA-20201210-3702-WiFi7,2020-12-10 11:15:42,2020-12-10 11:16:19,2020-12-10 16:30:57,Atiku,Victor,USSD,OGUN,WiFI - 7,Customers End,37.0,314.6333333333333,Critical
AXA-20201216-4354-MAC,2020-12-16 13:55:37,2020-12-16 14:06:01,2020-12-16 19:20:37,Sekina,Victor,Phone Call,CROSS RIVER,Metro Area Connect,Customers End,624.0,314.6,Critical
AXA-20201224-2817-C100,2020-12-24 09:44:36,2020-12-24 09:49:23,2020-12-24 15:03:56,Sherifat,Victor,USSD,OGUN,Cloud100,Customers End,287.0,314.55,Critical
AXA-20201223-4672-HSE,2020-12-23 12:15:10,2020-12-23 12:16:53,2020-12-23 17:31:26,Habeeb,Victor,Chatbot,OSUN,High speed Internet,Customers End,103.0,314.55,Critical
AXA-20201201-2615-WiFi8,2020-12-01 12:43:28,2020-12-01 12:45:07,2020-12-01 17:59:40,Kola,Wale,Chatbot,ABIA,WiFI - 8,Line damage,99.0,314.55,Critical
AXA-20201206-2999-WiFi8,2020-12-06 12:06:55,2020-12-06 12:16:18,2020-12-06 17:30:46,Myers,Kerry,Email,BORNO,WiFI - 8,Routine Service,563.0,314.46666666666664,Critical
AXA-20201224-3239-C95,2020-12-24 09:10:18,2020-12-24 09:20:30,2020-12-24 14:34:58,Habeeb,Victor,WebForm,ENUGU,Cloud95,Customers End,612.0,314.46666666666664,Critical
AXA-20201223-3209-HSE,2020-12-23 14:47:46,2020-12-23 14:55:05,2020-12-23 20:09:29,Kola,Wale,USSD,RIVERS,High speed Internet,Routine Service,439.0,314.4,Critical
AXA-20201231-1273-HSE,,2020-12-31 04:54:31,2020-12-31 10:08:52,Bola,Victor,Social Media,NIGER,High speed Internet,Line damage,,314.35,Critical
AXA-20201214-3899-WiFi8,2020-12-14 10:23:19,2020-12-14 10:26:58,2020-12-14 15:41:15,Sekina,Victor,Social Media,EKITI,WiFI - 8,Customers End,219.0,314.28333333333336,Critical
AXA-20201231-1361-WLESS,,2020-12-31 17:27:56,2020-12-31 22:42:13,Tunde,Victor,Social Media,ANAMBRA,Wireless,Routine Service,,314.28333333333336,Critical
AXA-20201226-3240-WiFi10,2020-12-26 15:52:23,2020-12-26 16:00:33,2020-12-26 21:14:47,Habeeb,Victor,USSD,EKITI,WiFI - 10,Customers End,490.0,314.23333333333335,Critical
AXA-20201205-2914-WiFi9,2020-12-05 13:57:59,2020-12-05 14:06:22,2020-12-05 19:20:36,Jonathan,Kerry,WebForm,NASARAWA,WiFI - 9,Routine Service,503.0,314.23333333333335,Critical
AXA-20201227-5081-C95,2020-12-27 09:14:50,2020-12-27 09:18:23,2020-12-27 14:32:35,Jennifer,Kerry,Social Media,KATSINA,Cloud95,Customers End,213.0,314.2,Critical
AXA-20201231-1624-HSE,,2020-12-31 15:58:15,2020-12-31 21:12:24,Bola,Victor,Social Media,ABIA,High speed Internet,Not Specified,,314.15,Critical
AXA-20201216-5613-WiFi8,2020-12-16 11:05:47,2020-12-16 11:07:35,2020-12-16 16:21:42,Paul,Seun,Chatbot,ONDO,WiFI - 8,Line damage,108.0,314.1166666666667,Critical
AXA-20201221-4346-MCON,2020-12-21 10:35:50,2020-12-21 10:37:26,2020-12-21 15:51:29,Ore,Seun,USSD,ADAMAWA,M Connect,Customers End,96.0,314.05,Critical
AXA-20201224-3277-HSE,2020-12-24 12:33:06,2020-12-24 12:35:21,2020-12-24 17:49:06,Jennifer,Kerry,Email,ENUGU,High speed Internet,Customers End,135.0,313.75,Critical
AXA-20201223-2579-CBS,2020-12-23 11:55:29,2020-12-23 11:56:58,2020-12-23 17:10:42,Sherifat,Victor,Social Media,BORNO,Cloud-based services,Routine Service,89.0,313.73333333333335,Critical
AXA-20201229-1868-CBS,,2020-12-29 17:18:28,2020-12-29 22:32:12,Atiku,Victor,Social Media,LAGOS,Cloud-based services,Router Failure,,313.73333333333335,Critical
AXA-20201205-3879-WiFi8,2020-12-05 11:04:35,2020-12-05 11:08:06,2020-12-05 16:21:40,John,Victor,USSD,SOKOTO,WiFI - 8,Customers End,211.0,313.56666666666666,Critical
AXA-20201205-2758-MCON,2020-12-05 15:17:42,2020-12-05 15:19:04,2020-12-05 20:32:37,Bola,Victor,Email,PLATEAU,M Connect,Not Specified,82.0,313.55,Critical
AXA-20201204-5760-WiFi10,2020-12-04 15:03:18,2020-12-04 15:10:37,2020-12-04 20:24:03,Jonathan,Kerry,Phone Call,ENUGU,WiFI - 10,Customers End,439.0,313.43333333333334,Critical
AXA-20201221-3836-WiFi10,2020-12-21 14:08:43,2020-12-21 14:17:05,2020-12-21 19:30:27,Tunde,Victor,Email,OGUN,WiFI - 10,Customers End,502.0,313.3666666666667,Critical
AXA-20201213-4671-WiFi4,2020-12-13 11:03:11,2020-12-13 11:10:19,2020-12-13 16:23:39,Fola,Wale,WebForm,ZAMFARA,WiFI - 4,Routine Service,428.0,313.3333333333333,Critical
AXA-20201230-1551-HSE,,2020-12-30 06:23:38,2020-12-30 11:36:57,Atiku,Victor,Social Media,EKITI,High speed Internet,Line damage,,313.31666666666666,Critical
AXA-20201228-5652-WiFi6,2020-12-28 15:06:30,2020-12-28 15:16:35,2020-12-28 20:29:53,Jonathan,Kerry,WebForm,KANO,WiFI - 6,Line damage,605.0,313.3,Critical
AXA-20201226-2540-C100,2020-12-26 13:35:55,2020-12-26 13:46:39,2020-12-26 18:59:52,John,Victor,Email,PLATEAU,Cloud100,Line damage,644.0,313.21666666666664,Critical
AXA-20201213-5008-WLESS,2020-12-13 11:21:45,2020-12-13 11:30:28,2020-12-13 16:43:38,Sekina,Victor,WebForm,AKWA IBOM,Wireless,Not Specified,523.0,313.1666666666667,Critical
AXA-20201204-3792-WiFi7,2020-12-04 08:11:35,2020-12-04 08:22:02,2020-12-04 13:35:10,Paul,Seun,WebForm,DELTA,WiFI - 7,Line damage,627.0,313.1333333333333,Critical
AXA-20201209-4991-EVOICE,2020-12-09 14:47:33,2020-12-09 14:58:18,2020-12-09 20:11:22,Habeeb,Victor,WebForm,PLATEAU,EVoice,Not Specified,645.0,313.06666666666666,Critical
AXA-20201204-3198-HSE,2020-12-04 09:51:49,2020-12-04 09:56:59,2020-12-04 15:10:03,Brenda,Kerry,USSD,BENUE,High speed Internet,Customers End,310.0,313.06666666666666,Critical
AXA-20201216-3196-WLESS,2020-12-16 13:26:56,2020-12-16 13:33:02,2020-12-16 18:46:04,Popoola,Seun,WebForm,GOMBE,Wireless,Customers End,366.0,313.03333333333336,Critical
AXA-20201218-2976-WLESS,2020-12-18 10:42:34,2020-12-18 10:50:42,2020-12-18 16:03:44,Tunde,Victor,Chatbot,NIGER,Wireless,Intrusions,488.0,313.03333333333336,Critical
AXA-20201215-5102-WiFi7,2020-12-15 14:28:06,2020-12-15 14:32:28,2020-12-15 19:45:12,Myers,Kerry,USSD,DELTA,WiFI - 7,Routine Service,262.0,312.73333333333335,Critical
AXA-20201218-5414-WiFi9,2020-12-18 13:50:22,2020-12-18 13:58:41,2020-12-18 19:11:21,Bola,Victor,Chatbot,ANAMBRA,WiFI - 9,Line damage,499.0,312.6666666666667,Critical
AXA-20201210-2173-HSE,2020-12-10 08:02:51,2020-12-10 08:12:05,2020-12-10 13:24:43,Amelia,Kerry,Social Media,ANAMBRA,High speed Internet,Line damage,554.0,312.6333333333333,Critical
AXA-20201229-1469-WLESS,,2020-12-29 11:56:14,2020-12-29 17:08:46,Myers,Kerry,Social Media,OYO,Wireless,Customers End,,312.53333333333336,Critical
AXA-20201215-5714-WiFi4,2020-12-15 15:25:21,2020-12-15 15:35:04,2020-12-15 20:47:36,Myers,Kerry,Social Media,KADUNA,WiFI - 4,Routine Service,583.0,312.53333333333336,Critical
AXA-20201204-2370-C95,2020-12-04 15:00:19,2020-12-04 15:06:47,2020-12-04 20:19:19,Bola,Victor,WebForm,YOBE,Cloud95,Customers End,388.0,312.53333333333336,Critical
AXA-20201201-3326-EVOICE,2020-12-01 11:45:08,2020-12-01 11:50:41,2020-12-01 17:03:09,Jennifer,Kerry,Chatbot,ANAMBRA,EVoice,Customers End,333.0,312.46666666666664,Critical
AXA-20201218-3889-C95,2020-12-18 12:49:04,2020-12-18 12:54:51,2020-12-18 18:07:15,Jonathan,Kerry,Email,KADUNA,Cloud95,Customers End,347.0,312.4,Critical
AXA-20201207-3295-WiFi11,2020-12-07 14:43:20,2020-12-07 14:45:07,2020-12-07 19:57:29,Brenda,Kerry,Social Media,DELTA,WiFI - 11,Customers End,107.0,312.3666666666667,Critical
AXA-20201209-4520-ICS,2020-12-09 09:42:27,2020-12-09 09:48:04,2020-12-09 15:00:26,Amelia,Kerry,USSD,ONDO,Interconnection Services,Customers End,337.0,312.3666666666667,Critical
AXA-20201222-5388-WLESS,2020-12-22 12:54:09,2020-12-22 12:55:15,2020-12-22 18:07:35,Habeeb,Victor,Phone Call,KANO,Wireless,Line damage,66.0,312.3333333333333,Critical
AXA-20201208-5742-WLESS,2020-12-08 14:25:44,2020-12-08 14:27:24,2020-12-08 19:39:43,Amelia,Kerry,Social Media,KEBBI,Wireless,Routine Service,100.0,312.31666666666666,Critical
AXA-20201205-5447-WiFi3,2020-12-05 13:24:20,2020-12-05 13:34:33,2020-12-05 18:46:50,Tunde,Victor,WebForm,EKITI,WiFI - 3,Customers End,613.0,312.28333333333336,Critical
AXA-20201213-5577-WiFi11,2020-12-13 10:25:11,2020-12-13 10:27:42,2020-12-13 15:39:58,Sheg,Seun,WebForm,SOKOTO,WiFI - 11,Customers End,151.0,312.26666666666665,Critical
AXA-20201227-3614-WiFi4,2020-12-27 14:00:11,2020-12-27 14:09:35,2020-12-27 19:21:49,Myers,Kerry,Email,RIVERS,WiFI - 4,Routine Service,564.0,312.23333333333335,Critical
AXA-20201231-1117-HSE,,2020-12-31 09:19:20,2020-12-31 14:31:33,Tunde,Victor,Social Media,DELTA,High speed Internet,Routine Service,,312.21666666666664,Critical
AXA-20201229-1477-WLESS,,2020-12-29 19:59:34,2020-12-30 01:11:45,Tunde,Victor,Social Media,EKITI,Wireless,Customers End,,312.18333333333334,Critical
AXA-20201222-2759-WLESS,2020-12-22 14:02:28,2020-12-22 14:09:36,2020-12-22 19:21:47,John,Victor,Social Media,RIVERS,Wireless,Customers End,428.0,312.18333333333334,Critical
AXA-20201231-1998-WLESS,,2020-12-31 04:36:12,2020-12-31 09:48:22,Sekina,Victor,Social Media,KADUNA,Wireless,Routine Service,,312.1666666666667,Critical
AXA-20201217-5824-C95,2020-12-17 08:08:25,2020-12-17 08:16:07,2020-12-17 13:28:16,Sekina,Victor,Social Media,ONDO,Cloud95,Line damage,462.0,312.15,Critical
AXA-20201222-5759-WiFi11,2020-12-22 14:28:06,2020-12-22 14:34:27,2020-12-22 19:46:32,Bola,Victor,Chatbot,BORNO,WiFI - 11,Customers End,381.0,312.0833333333333,Critical
AXA-20201203-2847-C100,2020-12-03 13:38:54,2020-12-03 13:40:00,2020-12-03 18:52:03,John,Victor,Phone Call,OYO,Cloud100,Routine Service,66.0,312.05,Critical
AXA-20201223-5190-C100,2020-12-23 13:10:26,2020-12-23 13:17:09,2020-12-23 18:29:11,John,Victor,USSD,EKITI,Cloud100,Customers End,403.0,312.03333333333336,Critical
AXA-20201211-4398-HSE,2020-12-11 11:43:20,2020-12-11 11:49:46,2020-12-11 17:01:29,Boye,Wale,Chatbot,RIVERS,High speed Internet,Routine Service,386.0,311.71666666666664,Critical
AXA-20201212-4759-VOICE,2020-12-12 14:50:53,2020-12-12 15:01:36,2020-12-12 20:13:18,Sekina,Victor,Chatbot,KANO,Voice,Customers End,643.0,311.7,Critical
AXA-20201202-4148-EVOICE,2020-12-02 11:52:24,2020-12-02 11:57:33,2020-12-02 17:09:12,Kingsley,Kerry,WebForm,PLATEAU,EVoice,Customers End,309.0,311.65,Critical
AXA-20201207-2631-WLESS,2020-12-07 09:55:52,2020-12-07 10:04:30,2020-12-07 15:16:08,Bola,Victor,USSD,KANO,Wireless,Line damage,518.0,311.6333333333333,Critical
AXA-20201227-5542-EVOICE,2020-12-27 10:32:51,2020-12-27 10:35:10,2020-12-27 15:46:47,Sheg,Seun,WebForm,CROSS RIVER,EVoice,Router Failure,139.0,311.6166666666667,Critical
AXA-20201223-5121-WiFi5,2020-12-23 14:46:22,2020-12-23 14:56:45,2020-12-23 20:08:20,Jonathan,Kerry,Chatbot,RIVERS,WiFI - 5,Line damage,623.0,311.5833333333333,Critical
AXA-20201230-1300-WLESS,,2020-12-30 15:35:32,2020-12-30 20:47:07,Jonathan,Kerry,Social Media,IMO,Wireless,Customers End,,311.5833333333333,Critical
AXA-20201230-1216-HSE,,2020-12-30 16:58:57,2020-12-30 22:10:31,Sherifat,Victor,Social Media,GOMBE,High speed Internet,Customers End,,311.56666666666666,Critical
AXA-20201224-4504-WiFi7,2020-12-24 13:34:31,2020-12-24 13:40:16,2020-12-24 18:51:48,Tunde,Victor,USSD,BAUCHI,WiFI - 7,Line damage,345.0,311.53333333333336,Critical
AXA-20201214-3505-WLESS,2020-12-14 10:17:44,2020-12-14 10:23:08,2020-12-14 15:34:34,Habeeb,Victor,Email,DELTA,Wireless,Not Specified,324.0,311.43333333333334,Critical
AXA-20201229-1617-WLESS,,2020-12-29 14:35:20,2020-12-29 19:46:44,Sekina,Victor,Social Media,DELTA,Wireless,Customers End,,311.4,Critical
AXA-20201202-2504-WiFi11,2020-12-02 15:43:04,2020-12-02 15:53:16,2020-12-02 21:04:40,Atiku,Victor,Phone Call,GOMBE,WiFI - 11,Customers End,612.0,311.4,Critical
AXA-20201216-4437-HSE,2020-12-16 11:48:37,2020-12-16 11:49:19,2020-12-16 17:00:42,Fola,Wale,USSD,KEBBI,High speed Internet,Customers End,42.0,311.3833333333333,Critical
AXA-20201205-4461-WLESS,2020-12-05 14:02:56,2020-12-05 14:03:07,2020-12-05 19:14:28,Tunde,Victor,Social Media,KADUNA,Wireless,Not Specified,11.0,311.35,Critical
AXA-20201231-1174-VOICE,,2020-12-31 19:56:13,2021-01-01 01:07:28,Mary,Wale,Social Media,BORNO,Voice,Routine Service,,311.25,Critical
AXA-20201203-4596-ICS,2020-12-03 12:10:51,2020-12-03 12:20:09,2020-12-03 17:31:18,Myers,Kerry,Phone Call,KANO,Interconnection Services,Line damage,558.0,311.15,Critical
AXA-20201223-5185-WiFi5,2020-12-23 08:50:19,2020-12-23 08:58:35,2020-12-23 14:09:42,Jennifer,Kerry,WebForm,OGUN,WiFI - 5,Support network failures,496.0,311.1166666666667,Critical
AXA-20201227-5476-WiFi4,2020-12-27 14:16:25,2020-12-27 14:24:13,2020-12-27 19:35:17,Goodluck,Kerry,USSD,OYO,WiFI - 4,Line damage,468.0,311.06666666666666,Critical
AXA-20201210-4225-HSE,2020-12-10 09:28:29,2020-12-10 09:37:38,2020-12-10 14:48:42,Kingsley,Kerry,Social Media,BAYELSA,High speed Internet,Not Specified,549.0,311.06666666666666,Critical
AXA-20201216-4479-C100,2020-12-16 14:44:51,2020-12-16 14:52:05,2020-12-16 20:03:08,Vitus,Seun,WebForm,ONDO,Cloud100,Customers End,434.0,311.05,Critical
AXA-20201225-4281-CBS,2020-12-25 09:26:27,2020-12-25 09:36:48,2020-12-25 14:47:36,Mary,Wale,Social Media,NASARAWA,Cloud-based services,Not Specified,621.0,310.8,Critical
AXA-20201205-4085-WiFi7,2020-12-05 09:29:53,2020-12-05 09:40:16,2020-12-05 14:50:55,Sherifat,Victor,USSD,RIVERS,WiFI - 7,Customers End,623.0,310.65,Critical
AXA-20201209-5352-VOICE,2020-12-09 13:10:08,2020-12-09 13:17:44,2020-12-09 18:28:21,Sekina,Victor,Email,LAGOS,Voice,Customers End,456.0,310.6166666666667,Critical
AXA-20201210-4400-WiFi6,2020-12-10 13:35:19,2020-12-10 13:42:50,2020-12-10 18:53:27,Jonathan,Kerry,USSD,DELTA,WiFI - 6,Customers End,451.0,310.6166666666667,Critical
AXA-20201204-5150-HSE,2020-12-04 08:03:01,2020-12-04 08:13:21,2020-12-04 13:23:57,Sherifat,Victor,USSD,KANO,High speed Internet,Customers End,620.0,310.6,Critical
AXA-20201220-2838-WiFi8,2020-12-20 10:52:13,2020-12-20 10:57:36,2020-12-20 16:08:12,Jonathan,Kerry,Email,KADUNA,WiFI - 8,Customers End,323.0,310.6,Critical
AXA-20201218-4805-WiFi11,2020-12-18 13:48:27,2020-12-18 13:58:34,2020-12-18 19:09:10,Vitus,Seun,Chatbot,ABIA,WiFI - 11,Line damage,607.0,310.6,Critical
AXA-20201201-3245-WiFi10,2020-12-01 11:56:05,2020-12-01 11:59:47,2020-12-01 17:10:19,Habeeb,Victor,Chatbot,RIVERS,WiFI - 10,Routine Service,222.0,310.53333333333336,Critical
AXA-20201218-6069-WiFi4,2020-12-18 08:51:38,2020-12-18 08:52:46,2020-12-18 14:03:14,Myers,Kerry,USSD,OYO,WiFI - 4,Routine Service,68.0,310.46666666666664,Critical
AXA-20201212-4819-WiFi7,2020-12-12 11:36:17,2020-12-12 11:36:51,2020-12-12 16:47:18,Sheg,Seun,Email,BAUCHI,WiFI - 7,Customers End,34.0,310.45,Critical
AXA-20201224-5594-ICS,2020-12-24 11:19:28,2020-12-24 11:24:34,2020-12-24 16:35:00,Goodluck,Kerry,Email,GOMBE,Interconnection Services,Customers End,306.0,310.43333333333334,Critical
AXA-20201209-2745-MAC,2020-12-09 08:02:19,2020-12-09 08:03:51,2020-12-09 13:14:16,Sherifat,Victor,Social Media,DELTA,Metro Area Connect,Line damage,92.0,310.4166666666667,Critical
AXA-20201222-2230-MAC,2020-12-22 13:03:54,2020-12-22 13:04:22,2020-12-22 18:14:47,Jennifer,Kerry,WebForm,OGUN,Metro Area Connect,hardware failure,28.0,310.4166666666667,Critical
AXA-20201204-5527-WiFi3,2020-12-04 15:31:36,2020-12-04 15:34:57,2020-12-04 20:45:16,Goodluck,Kerry,WebForm,ANAMBRA,WiFI - 3,Line damage,201.0,310.31666666666666,Critical
AXA-20201202-4411-MCON,2020-12-02 08:49:05,2020-12-02 08:57:35,2020-12-02 14:07:51,Bola,Victor,WebForm,ONDO,M Connect,Customers End,510.0,310.26666666666665,Critical
AXA-20201215-4776-WiFi7,2020-12-15 09:20:02,2020-12-15 09:22:41,2020-12-15 14:32:54,Myers,Kerry,Phone Call,PLATEAU,WiFI - 7,Line damage,159.0,310.21666666666664,Critical
AXA-20201230-1920-HSE,,2020-12-30 06:32:11,2020-12-30 11:42:23,Tunde,Victor,Social Media,EKITI,High speed Internet,Line damage,,310.2,Critical
AXA-20201203-3334-MAC,2020-12-03 13:08:09,2020-12-03 13:09:25,2020-12-03 18:19:36,Myers,Kerry,Chatbot,GOMBE,Metro Area Connect,Customers End,76.0,310.18333333333334,Critical
AXA-20201207-2224-MCON,2020-12-07 08:00:08,2020-12-07 08:10:35,2020-12-07 13:20:42,Habeeb,Victor,Social Media,BORNO,M Connect,Customers End,627.0,310.1166666666667,Critical
AXA-20201217-2128-WiFi5,2020-12-17 15:41:22,2020-12-17 15:51:03,2020-12-17 21:01:10,John,Victor,Email,SOKOTO,WiFI - 5,Customers End,581.0,310.1166666666667,Critical
AXA-20201217-3129-WiFi4,2020-12-17 12:03:21,2020-12-17 12:07:42,2020-12-17 17:17:48,Goodluck,Kerry,Phone Call,BAUCHI,WiFI - 4,Not Specified,261.0,310.1,Critical
AXA-20201227-2501-VOICE,2020-12-27 13:09:40,2020-12-27 13:11:09,2020-12-27 18:21:15,Brenda,Kerry,Social Media,IMO,Voice,Routine Service,89.0,310.1,Critical
AXA-20201202-3762-WLESS,2020-12-02 11:49:28,2020-12-02 11:55:52,2020-12-02 17:05:58,John,Victor,WebForm,IMO,Wireless,Customers End,384.0,310.1,Critical
AXA-20201216-2590-WiFi9,2020-12-16 08:27:10,2020-12-16 08:27:42,2020-12-16 13:37:47,Jennifer,Kerry,WebForm,NASARAWA,WiFI - 9,Line damage,32.0,310.0833333333333,Critical
AXA-20201214-4089-WLESS,2020-12-14 11:07:19,2020-12-14 11:10:34,2020-12-14 16:20:22,Popoola,Seun,USSD,CROSS RIVER,Wireless,Support network failures,195.0,309.8,Critical
AXA-20201225-4323-C95,2020-12-25 13:45:04,2020-12-25 13:52:09,2020-12-25 19:01:53,Brenda,Kerry,Email,NASARAWA,Cloud95,Line damage,425.0,309.73333333333335,Critical
AXA-20201224-5245-CBS,2020-12-24 09:52:06,2020-12-24 09:56:43,2020-12-24 15:06:26,Segun,Seun,WebForm,PLATEAU,Cloud-based services,Customers End,277.0,309.71666666666664,Critical
AXA-20201211-3433-WiFi9,2020-12-11 15:56:18,2020-12-11 15:59:29,2020-12-11 21:09:08,Brenda,Kerry,Phone Call,BAUCHI,WiFI - 9,Customers End,191.0,309.65,Critical
AXA-20201204-4008-WiFi10,2020-12-04 14:47:16,2020-12-04 14:53:26,2020-12-04 20:03:05,Bola,Victor,USSD,DELTA,WiFI - 10,Routine Service,370.0,309.65,Critical
AXA-20201204-3145-WiFi11,2020-12-04 14:10:46,2020-12-04 14:17:31,2020-12-04 19:27:08,Habeeb,Victor,Social Media,GOMBE,WiFI - 11,Customers End,405.0,309.6166666666667,Critical
AXA-20201210-2346-WiFi7,2020-12-10 15:46:02,2020-12-10 15:46:33,2020-12-10 20:56:10,Habeeb,Victor,USSD,EKITI,WiFI - 7,Customers End,31.0,309.6166666666667,Critical
AXA-20201230-1486-HSE,,2020-12-30 21:04:10,2020-12-31 02:13:46,Tunde,Victor,Social Media,BORNO,High speed Internet,Routine Service,,309.6,Critical
AXA-20201223-3186-WiFi8,2020-12-23 11:28:52,2020-12-23 11:29:04,2020-12-23 16:38:38,Vitus,Seun,Phone Call,EDO,WiFI - 8,Customers End,12.0,309.56666666666666,Critical
AXA-20201203-2219-C100,2020-12-03 13:06:00,2020-12-03 13:14:17,2020-12-03 18:23:48,Bola,Victor,Email,DELTA,Cloud100,Customers End,497.0,309.51666666666665,Critical
AXA-20201229-1338-WLESS,,2020-12-29 20:26:20,2020-12-30 01:35:46,Kachi,Seun,Social Media,EDO,Wireless,Customers End,,309.43333333333334,Critical
AXA-20201207-5488-WiFi8,2020-12-07 12:09:11,2020-12-07 12:17:55,2020-12-07 17:27:14,Habeeb,Victor,USSD,SOKOTO,WiFI - 8,Router Failure,524.0,309.31666666666666,Critical
AXA-20201230-1584-WLESS,,2020-12-30 16:34:37,2020-12-30 21:43:55,Jennifer,Kerry,Social Media,KATSINA,Wireless,Customers End,,309.3,Critical
AXA-20201204-2936-CBS,2020-12-04 14:15:10,2020-12-04 14:17:16,2020-12-04 19:26:32,Brenda,Kerry,Social Media,ANAMBRA,Cloud-based services,Customers End,126.0,309.26666666666665,Critical
AXA-20201220-4905-WiFi4,2020-12-20 11:59:04,2020-12-20 12:05:31,2020-12-20 17:14:47,Habeeb,Victor,Email,BORNO,WiFI - 4,Not Specified,387.0,309.26666666666665,Critical
AXA-20201229-1909-WLESS,,2020-12-29 13:36:34,2020-12-29 18:45:49,Kachi,Seun,Social Media,BENUE,Wireless,Customers End,,309.25,Critical
AXA-20201227-3468-WiFi6,2020-12-27 10:58:45,2020-12-27 11:00:23,2020-12-27 16:09:38,John,Victor,Social Media,RIVERS,WiFI - 6,Customers End,98.0,309.25,Critical
AXA-20201203-6049-CBS,2020-12-03 15:20:52,2020-12-03 15:26:10,2020-12-03 20:35:22,Sherifat,Victor,Chatbot,KOGI,Cloud-based services,Routine Service,318.0,309.2,Critical
AXA-20201226-4286-CBS,2020-12-26 11:33:17,2020-12-26 11:41:53,2020-12-26 16:51:04,Myers,Kerry,Chatbot,RIVERS,Cloud-based services,Customers End,516.0,309.18333333333334,Critical
AXA-20201207-5752-C95,2020-12-07 14:06:54,2020-12-07 14:17:28,2020-12-07 19:26:36,Sekina,Victor,Chatbot,LAGOS,Cloud95,Customers End,634.0,309.1333333333333,Critical
AXA-20201213-5113-WiFi9,2020-12-13 14:07:53,2020-12-13 14:18:40,2020-12-13 19:27:46,Kingsley,Kerry,USSD,BORNO,WiFI - 9,Customers End,647.0,309.1,Critical
AXA-20201221-3488-WiFi3,2020-12-21 15:14:48,2020-12-21 15:16:12,2020-12-21 20:25:17,John,Victor,Social Media,OGUN,WiFI - 3,Routine Service,84.0,309.0833333333333,Critical
AXA-20201231-1910-CBS,,2020-12-31 04:54:19,2020-12-31 10:03:23,Sekina,Victor,Social Media,RIVERS,Cloud-based services,Customers End,,309.06666666666666,Critical
AXA-20201218-3708-WiFi8,2020-12-18 09:58:25,2020-12-18 09:58:42,2020-12-18 15:07:29,Sekina,Victor,Email,ENUGU,WiFI - 8,Customers End,17.0,308.78333333333336,Critical
AXA-20201231-1953-WLESS,,2020-12-31 04:48:28,2020-12-31 09:57:15,Atiku,Victor,Social Media,OGUN,Wireless,Line damage,,308.78333333333336,Critical
AXA-20201230-1230-HSE,,2020-12-30 17:33:41,2020-12-30 22:42:26,Amelia,Kerry,Social Media,BORNO,High speed Internet,Routine Service,,308.75,Critical
AXA-20201214-3377-MCON,2020-12-14 15:10:00,2020-12-14 15:20:38,2020-12-14 20:29:17,Bola,Victor,Email,ANAMBRA,M Connect,Customers End,638.0,308.65,Critical
AXA-20201227-4993-C100,2020-12-27 12:18:30,2020-12-27 12:24:18,2020-12-27 17:32:56,John,Victor,USSD,BORNO,Cloud100,Support network failures,348.0,308.6333333333333,Critical
AXA-20201221-3346-ICS,2020-12-21 13:38:12,2020-12-21 13:47:50,2020-12-21 18:56:26,Kingsley,Kerry,WebForm,NASARAWA,Interconnection Services,Customers End,578.0,308.6,Critical
AXA-20201226-2720-MCON,2020-12-26 09:19:04,2020-12-26 09:22:11,2020-12-26 14:30:44,Amelia,Kerry,Social Media,NASARAWA,M Connect,Customers End,187.0,308.55,Critical
AXA-20201215-3925-WiFi7,2020-12-15 12:02:15,2020-12-15 12:10:03,2020-12-15 17:18:34,Sekina,Victor,USSD,KEBBI,WiFI - 7,Routine Service,468.0,308.51666666666665,Critical
AXA-20201213-5034-WiFi11,2020-12-13 11:08:10,2020-12-13 11:09:30,2020-12-13 16:18:00,Sekina,Victor,WebForm,AKWA IBOM,WiFI - 11,Customers End,80.0,308.5,Critical
AXA-20201204-5904-ICS,2020-12-04 10:42:09,2020-12-04 10:45:55,2020-12-04 15:54:22,John,Victor,WebForm,DELTA,Interconnection Services,Support network failures,226.0,308.45,Critical
AXA-20201214-5549-WiFi5,2020-12-14 10:19:17,2020-12-14 10:30:04,2020-12-14 15:38:28,Tunde,Victor,WebForm,KEBBI,WiFI - 5,Customers End,647.0,308.4,Critical
AXA-20201218-3224-HSE,2020-12-18 14:20:35,2020-12-18 14:24:42,2020-12-18 19:33:00,Bola,Victor,Chatbot,ANAMBRA,High speed Internet,Customers End,247.0,308.3,Critical
AXA-20201209-5300-MAC,2020-12-09 12:55:04,2020-12-09 12:56:18,2020-12-09 18:04:35,Sola,Wale,Phone Call,KOGI,Metro Area Connect,Line damage,74.0,308.28333333333336,Critical
AXA-20201231-1845-HSE,,2020-12-31 12:52:41,2020-12-31 18:00:57,John,Victor,Social Media,FCT ABUJA,High speed Internet,Customers End,,308.26666666666665,Critical
AXA-20201208-4314-WiFi3,2020-12-08 14:21:30,2020-12-08 14:31:48,2020-12-08 19:40:03,Jennifer,Kerry,Phone Call,SOKOTO,WiFI - 3,Customers End,618.0,308.25,Critical
AXA-20201226-2697-MAC,2020-12-26 15:15:15,2020-12-26 15:20:47,2020-12-26 20:29:01,Tunde,Victor,Chatbot,EKITI,Metro Area Connect,Customers End,332.0,308.23333333333335,Critical
AXA-20201231-1904-WLESS,,2020-12-31 17:11:32,2020-12-31 22:19:43,Amelia,Kerry,Social Media,BAUCHI,Wireless,Line damage,,308.18333333333334,Critical
AXA-20201221-4738-MCON,2020-12-21 09:28:11,2020-12-21 09:38:31,2020-12-21 14:46:37,Segun,Seun,Email,OSUN,M Connect,Not Specified,620.0,308.1,Critical
AXA-20201211-3154-WiFi7,2020-12-11 12:20:53,2020-12-11 12:21:39,2020-12-11 17:29:22,John,Victor,Chatbot,RIVERS,WiFI - 7,Customers End,46.0,307.71666666666664,Critical
AXA-20201225-4318-CBS,2020-12-25 10:28:54,2020-12-25 10:37:59,2020-12-25 15:45:39,Habeeb,Victor,Chatbot,KWARA,Cloud-based services,Customers End,545.0,307.6666666666667,Critical
AXA-20201227-5975-WiFi7,2020-12-27 12:31:11,2020-12-27 12:36:30,2020-12-27 17:44:04,Kola,Wale,Email,EKITI,WiFI - 7,Line damage,319.0,307.56666666666666,Critical
AXA-20201230-1653-MAC,,2020-12-30 18:43:29,2020-12-30 23:51:03,Amelia,Kerry,Social Media,FCT ABUJA,Metro Area Connect,Not Specified,,307.56666666666666,Critical
AXA-20201226-4120-HSE,2020-12-26 11:20:12,2020-12-26 11:25:22,2020-12-26 16:32:52,Vitus,Seun,Email,DELTA,High speed Internet,Line damage,310.0,307.5,Critical
AXA-20201228-3649-WiFi7,2020-12-28 15:34:20,2020-12-28 15:42:07,2020-12-28 20:49:30,Sherifat,Victor,WebForm,KEBBI,WiFI - 7,Not Specified,467.0,307.3833333333333,Critical
AXA-20201213-2849-EVOICE,2020-12-13 11:49:00,2020-12-13 11:50:39,2020-12-13 16:58:01,Vitus,Seun,WebForm,IMO,EVoice,Customers End,99.0,307.3666666666667,Critical
AXA-20201201-4392-HSE,2020-12-01 10:23:52,2020-12-01 10:32:00,2020-12-01 15:39:19,Myers,Kerry,Chatbot,ENUGU,High speed Internet,Router Failure,488.0,307.31666666666666,Critical
AXA-20201212-2442-HSE,2020-12-12 12:11:02,2020-12-12 12:20:47,2020-12-12 17:28:05,Bola,Victor,Phone Call,ANAMBRA,High speed Internet,Customers End,585.0,307.3,Critical
AXA-20201202-2402-WiFi8,2020-12-02 15:35:56,2020-12-02 15:38:35,2020-12-02 20:45:50,Brenda,Kerry,Chatbot,ONDO,WiFI - 8,Customers End,159.0,307.25,Critical
AXA-20201231-1533-WLESS,,2020-12-31 16:47:51,2020-12-31 21:55:01,Fola,Wale,Social Media,FCT ABUJA,Wireless,Customers End,,307.1666666666667,Critical
AXA-20201205-5382-WiFi11,2020-12-05 12:32:12,2020-12-05 12:37:18,2020-12-05 17:44:27,John,Victor,Email,KOGI,WiFI - 11,Line damage,306.0,307.15,Critical
AXA-20201225-3208-WiFi6,2020-12-25 08:15:49,2020-12-25 08:16:57,2020-12-25 13:24:02,Bola,Victor,Chatbot,ADAMAWA,WiFI - 6,Line damage,68.0,307.0833333333333,Critical
AXA-20201218-5981-WLESS,2020-12-18 13:32:49,2020-12-18 13:43:17,2020-12-18 18:50:20,Akin,Wale,Social Media,TARABA,Wireless,Customers End,628.0,307.05,Critical
AXA-20201218-3682-EVOICE,2020-12-18 15:24:25,2020-12-18 15:28:03,2020-12-18 20:35:05,Kingsley,Kerry,Phone Call,ANAMBRA,EVoice,Customers End,218.0,307.03333333333336,Critical
AXA-20201230-1457-HSE,,2020-12-30 21:25:19,2020-12-31 02:32:21,Kingsley,Kerry,Social Media,BORNO,High speed Internet,Line damage,,307.03333333333336,Critical
AXA-20201210-2240-C100,2020-12-10 09:09:06,2020-12-10 09:12:15,2020-12-10 14:19:00,Fola,Wale,Social Media,BORNO,Cloud100,Routine Service,189.0,306.75,Critical
AXA-20201225-3549-ICS,2020-12-25 15:38:49,2020-12-25 15:41:17,2020-12-25 20:48:02,Bukky,Wale,Email,ADAMAWA,Interconnection Services,Not Specified,148.0,306.75,Critical
AXA-20201204-2489-HSE,2020-12-04 11:32:39,2020-12-04 11:35:14,2020-12-04 16:41:58,Jennifer,Kerry,Social Media,RIVERS,High speed Internet,Customers End,155.0,306.73333333333335,Critical
AXA-20201202-2830-WiFi3,2020-12-02 15:51:53,2020-12-02 16:00:09,2020-12-02 21:06:48,Boye,Wale,WebForm,BAUCHI,WiFI - 3,hardware failure,496.0,306.65,Critical
AXA-20201205-3344-C100,2020-12-05 10:20:46,2020-12-05 10:24:51,2020-12-05 15:31:30,Sherifat,Victor,USSD,OGUN,Cloud100,Customers End,245.0,306.65,Critical
AXA-20201231-1767-WLESS,,2020-12-31 14:50:48,2020-12-31 19:57:26,Bukky,Wale,Social Media,KOGI,Wireless,Customers End,,306.6333333333333,Critical
AXA-20201231-1517-HSE,,2021-01-01 00:00:17,2021-01-01 05:06:44,Jennifer,Kerry,Social Media,EDO,High speed Internet,Customers End,,306.45,Critical
AXA-20201203-3104-HSE,2020-12-03 10:47:59,2020-12-03 10:58:24,2020-12-03 16:04:49,Bola,Victor,Email,ABIA,High speed Internet,Routine Service,625.0,306.4166666666667,Critical
AXA-20201220-4573-CBS,2020-12-20 08:46:56,2020-12-20 08:52:20,2020-12-20 13:58:45,Sola,Wale,Chatbot,KEBBI,Cloud-based services,Customers End,324.0,306.4166666666667,Critical
AXA-20201203-3783-WiFi3,2020-12-03 11:21:27,2020-12-03 11:23:43,2020-12-03 16:30:07,Habeeb,Victor,Email,ONDO,WiFI - 3,Customers End,136.0,306.4,Critical
AXA-20201217-3824-WiFi3,2020-12-17 10:21:08,2020-12-17 10:30:37,2020-12-17 15:36:59,Atiku,Victor,WebForm,KWARA,WiFI - 3,Line damage,569.0,306.3666666666667,Critical
AXA-20201213-3055-WiFi6,2020-12-13 08:33:09,2020-12-13 08:43:35,2020-12-13 13:49:55,Tunde,Victor,Chatbot,FCT ABUJA,WiFI - 6,Routine Service,626.0,306.3333333333333,Critical
AXA-20201231-1202-HSE,,2020-12-31 08:13:51,2020-12-31 13:20:10,Bola,Victor,Social Media,OGUN,High speed Internet,Customers End,,306.31666666666666,Critical
AXA-20201211-2594-WiFi8,2020-12-11 09:23:42,2020-12-11 09:31:19,2020-12-11 14:37:34,Myers,Kerry,WebForm,LAGOS,WiFI - 8,Line damage,457.0,306.25,Critical
AXA-20201226-5178-WiFi6,2020-12-26 09:16:44,2020-12-26 09:21:56,2020-12-26 14:28:05,Fola,Wale,WebForm,OYO,WiFI - 6,Line damage,312.0,306.15,Critical
AXA-20201220-5629-ICS,2020-12-20 14:14:03,2020-12-20 14:23:11,2020-12-20 19:28:59,Mary,Wale,WebForm,ANAMBRA,Interconnection Services,Customers End,548.0,305.8,Critical
AXA-20201204-5980-WiFi10,2020-12-04 15:22:11,2020-12-04 15:27:55,2020-12-04 20:33:43,Amelia,Kerry,USSD,NIGER,WiFI - 10,Not Specified,344.0,305.8,Critical
AXA-20201230-2001-WLESS,,2020-12-30 19:58:50,2020-12-31 01:04:35,Sherifat,Victor,Social Media,KEBBI,Wireless,Routine Service,,305.75,Critical
AXA-20201207-5438-WiFi5,2020-12-07 14:24:07,2020-12-07 14:26:48,2020-12-07 19:32:31,John,Victor,Social Media,DELTA,WiFI - 5,Line damage,161.0,305.71666666666664,Critical
AXA-20201228-2904-WiFi6,2020-12-28 15:03:14,2020-12-28 15:05:49,2020-12-28 20:11:29,Sherifat,Victor,WebForm,OYO,WiFI - 6,Customers End,155.0,305.6666666666667,Critical
AXA-20201206-2296-WiFi5,2020-12-06 14:03:55,2020-12-06 14:04:01,2020-12-06 19:09:39,Bukky,Wale,WebForm,FCT ABUJA,WiFI - 5,Customers End,6.0,305.6333333333333,Critical
AXA-20201227-2535-HSE,2020-12-27 13:20:24,2020-12-27 13:26:52,2020-12-27 18:32:27,Bola,Victor,Email,SOKOTO,High speed Internet,Customers End,388.0,305.5833333333333,Critical
AXA-20201201-5529-WiFi5,2020-12-01 14:30:44,2020-12-01 14:36:27,2020-12-01 19:41:56,Sekina,Victor,Phone Call,ANAMBRA,WiFI - 5,Customers End,343.0,305.48333333333335,Critical
AXA-20201224-5211-MAC,2020-12-24 14:10:54,2020-12-24 14:19:06,2020-12-24 19:24:32,Habeeb,Victor,Email,BORNO,Metro Area Connect,Customers End,492.0,305.43333333333334,Critical
AXA-20201219-4756-WiFi6,2020-12-19 13:28:10,2020-12-19 13:33:15,2020-12-19 18:38:39,Bola,Victor,Chatbot,LAGOS,WiFI - 6,Support network failures,305.0,305.4,Critical
AXA-20201211-5539-MAC,2020-12-11 14:12:06,2020-12-11 14:14:42,2020-12-11 19:19:59,Amelia,Kerry,USSD,RIVERS,Metro Area Connect,Customers End,156.0,305.28333333333336,Critical
AXA-20201231-1538-VOICE,,2020-12-31 10:59:08,2020-12-31 16:04:20,Sekina,Victor,Email,OGUN,Voice,Power Loss,,305.2,Critical
AXA-20201208-4947-WiFi8,2020-12-08 12:45:59,2020-12-08 12:54:19,2020-12-08 17:59:28,Sherifat,Victor,Phone Call,EDO,WiFI - 8,Line damage,500.0,305.15,Critical
AXA-20201204-4657-WiFi5,2020-12-04 09:49:44,2020-12-04 09:57:08,2020-12-04 15:02:14,Mary,Wale,Email,EDO,WiFI - 5,Customers End,444.0,305.1,Critical
AXA-20201201-3548-WiFi8,2020-12-01 08:00:10,2020-12-01 08:00:36,2020-12-01 13:05:40,John,Victor,Chatbot,LAGOS,WiFI - 8,Customers End,26.0,305.06666666666666,Critical
AXA-20201213-4173-WiFi10,2020-12-13 12:07:37,2020-12-13 12:17:23,2020-12-13 17:22:26,Goodluck,Kerry,Phone Call,NASARAWA,WiFI - 10,Customers End,586.0,305.05,Critical
AXA-20201201-5514-CBS,2020-12-01 09:36:59,2020-12-01 09:39:13,2020-12-01 14:43:54,Brenda,Kerry,WebForm,ENUGU,Cloud-based services,Customers End,134.0,304.68333333333334,Critical
AXA-20201201-2934-WiFi4,2020-12-01 15:55:57,2020-12-01 16:03:11,2020-12-01 21:07:50,John,Victor,Email,CROSS RIVER,WiFI - 4,Customers End,434.0,304.65,Critical
AXA-20201221-2992-C100,2020-12-21 12:59:34,2020-12-21 13:05:57,2020-12-21 18:10:33,Atiku,Victor,WebForm,ANAMBRA,Cloud100,Customers End,383.0,304.6,Critical
AXA-20201228-5794-HSE,2020-12-28 13:04:06,2020-12-28 13:09:18,2020-12-28 18:13:49,Myers,Kerry,Email,KOGI,High speed Internet,Traffic Spikes,312.0,304.51666666666665,Critical
AXA-20201228-5193-WLESS,2020-12-28 14:41:52,2020-12-28 14:52:36,2020-12-28 19:57:01,Sekina,Victor,USSD,ENUGU,Wireless,Routine Service,644.0,304.4166666666667,Critical
AXA-20201214-3485-WiFi9,2020-12-14 12:32:22,2020-12-14 12:38:43,2020-12-14 17:43:04,Fola,Wale,Chatbot,FCT ABUJA,WiFI - 9,hardware failure,381.0,304.35,Critical
AXA-20201202-4924-WiFi11,2020-12-02 12:45:51,2020-12-02 12:55:59,2020-12-02 18:00:19,Habeeb,Victor,Email,YOBE,WiFI - 11,Not Specified,608.0,304.3333333333333,Critical
AXA-20201215-3408-WLESS,2020-12-15 13:28:03,2020-12-15 13:37:37,2020-12-15 18:41:57,Ore,Seun,Social Media,NASARAWA,Wireless,Line damage,574.0,304.3333333333333,Critical
AXA-20201230-1783-WLESS,,2020-12-30 20:04:30,2020-12-31 01:08:48,Bola,Victor,Social Media,SOKOTO,Wireless,Routine Service,,304.3,Critical
AXA-20201208-3580-WiFi5,2020-12-08 09:55:53,2020-12-08 09:57:11,2020-12-08 15:01:27,Sekina,Victor,WebForm,OYO,WiFI - 5,Customers End,78.0,304.26666666666665,Critical
AXA-20201229-2061-WLESS,,2020-12-29 14:53:12,2020-12-29 19:57:26,Jennifer,Kerry,Social Media,OYO,Wireless,Line damage,,304.23333333333335,Critical
AXA-20201218-4198-HSE,2020-12-18 13:45:13,2020-12-18 13:55:35,2020-12-18 18:59:47,Jonathan,Kerry,USSD,KOGI,High speed Internet,Customers End,622.0,304.2,Critical
AXA-20201231-1639-HSE,,2020-12-31 17:29:50,2020-12-31 22:33:59,Bola,Victor,Social Media,ABIA,High speed Internet,Routine Service,,304.15,Critical
AXA-20201203-2311-WiFi11,2020-12-03 08:19:15,2020-12-03 08:19:41,2020-12-03 13:23:47,Kingsley,Kerry,Chatbot,YOBE,WiFI - 11,Customers End,26.0,304.1,Critical
AXA-20201213-2922-WiFi8,2020-12-13 11:57:44,2020-12-13 12:05:13,2020-12-13 17:09:17,Brenda,Kerry,Chatbot,PLATEAU,WiFI - 8,Customers End,449.0,304.06666666666666,Critical
AXA-20201227-5222-WiFi10,2020-12-27 15:39:15,2020-12-27 15:46:31,2020-12-27 20:50:33,Brenda,Kerry,Chatbot,DELTA,WiFI - 10,Customers End,436.0,304.03333333333336,Critical
AXA-20201214-4410-WLESS,2020-12-14 09:55:16,2020-12-14 09:59:44,2020-12-14 15:03:30,Ore,Seun,WebForm,EDO,Wireless,Customers End,268.0,303.76666666666665,Critical
AXA-20201206-2299-WiFi7,2020-12-06 13:56:24,2020-12-06 14:05:03,2020-12-06 19:08:49,John,Victor,Email,KWARA,WiFI - 7,Customers End,519.0,303.76666666666665,Critical
AXA-20201209-3832-C100,2020-12-09 11:20:05,2020-12-09 11:22:29,2020-12-09 16:26:10,Tunde,Victor,Phone Call,RIVERS,Cloud100,Customers End,144.0,303.68333333333334,Critical
AXA-20201231-1148-WLESS,,2020-12-31 20:55:52,2021-01-01 01:59:30,Sola,Wale,Social Media,IMO,Wireless,Customers End,,303.6333333333333,Critical
AXA-20201202-3576-CBS,2020-12-02 13:48:45,2020-12-02 13:58:54,2020-12-02 19:02:31,Atiku,Victor,Email,RIVERS,Cloud-based services,Customers End,609.0,303.6166666666667,Critical
AXA-20201210-5671-WLESS,2020-12-10 14:17:35,2020-12-10 14:26:05,2020-12-10 19:29:38,Amelia,Kerry,Social Media,DELTA,Wireless,Customers End,510.0,303.55,Critical
AXA-20201203-3865-C95,2020-12-03 12:01:16,2020-12-03 12:03:59,2020-12-03 17:07:32,Myers,Kerry,Phone Call,ANAMBRA,Cloud95,Customers End,163.0,303.55,Critical
AXA-20201231-1718-WLESS,,2020-12-31 10:53:10,2020-12-31 15:56:39,Myers,Kerry,Social Media,BENUE,Wireless,hardware failure,,303.48333333333335,Critical
AXA-20201218-3256-WLESS,2020-12-18 09:56:12,2020-12-18 10:05:21,2020-12-18 15:08:45,John,Victor,Chatbot,FCT ABUJA,Wireless,Not Specified,549.0,303.4,Critical
AXA-20201202-5874-ICS,2020-12-02 15:02:48,2020-12-02 15:06:04,2020-12-02 20:09:26,Segun,Seun,Phone Call,GOMBE,Interconnection Services,Routine Service,196.0,303.3666666666667,Critical
AXA-20201227-4582-MCON,2020-12-27 10:40:35,2020-12-27 10:46:17,2020-12-27 15:49:39,Sola,Wale,Email,DELTA,M Connect,Customers End,342.0,303.3666666666667,Critical
AXA-20201214-5002-ICS,2020-12-14 15:39:13,2020-12-14 15:48:29,2020-12-14 20:51:50,Bola,Victor,Email,OYO,Interconnection Services,Line damage,556.0,303.35,Critical
AXA-20201225-2323-WiFi5,2020-12-25 10:12:27,2020-12-25 10:14:53,2020-12-25 15:18:13,Sherifat,Victor,Email,KOGI,WiFI - 5,Routine Service,146.0,303.3333333333333,Critical
AXA-20201231-1932-HSE,,2020-12-31 09:15:39,2020-12-31 14:18:58,Brenda,Kerry,Social Media,KWARA,High speed Internet,Not Specified,,303.31666666666666,Critical
AXA-20201231-1691-HSE,,2020-12-31 17:05:45,2020-12-31 22:09:03,Brenda,Kerry,Social Media,BAUCHI,High speed Internet,Line damage,,303.3,Critical
AXA-20201207-4796-MAC,2020-12-07 11:14:40,2020-12-07 11:20:23,2020-12-07 16:23:39,Bukky,Wale,Phone Call,OSUN,Metro Area Connect,Line damage,343.0,303.26666666666665,Critical
AXA-20201226-2294-C95,2020-12-26 10:20:34,2020-12-26 10:21:59,2020-12-26 15:25:12,Sherifat,Victor,Chatbot,OSUN,Cloud95,Line damage,85.0,303.21666666666664,Critical
AXA-20201214-2094-WiFi9,2020-12-14 15:14:27,2020-12-14 15:24:11,2020-12-14 20:27:21,Jonathan,Kerry,Email,OYO,WiFI - 9,Line damage,584.0,303.1666666666667,Critical
AXA-20201202-4772-WLESS,2020-12-02 14:37:55,2020-12-02 14:38:32,2020-12-02 19:41:38,Kingsley,Kerry,Phone Call,KEBBI,Wireless,Not Specified,37.0,303.1,Critical
AXA-20201217-4562-WiFi6,2020-12-17 14:29:01,2020-12-17 14:29:43,2020-12-17 19:32:46,Brenda,Kerry,USSD,RIVERS,WiFI - 6,Customers End,42.0,303.05,Critical
AXA-20201205-2668-ICS,2020-12-05 14:41:24,2020-12-05 14:42:43,2020-12-05 19:45:45,Brenda,Kerry,USSD,KANO,Interconnection Services,Line damage,79.0,303.03333333333336,Critical
AXA-20201201-3015-ICS,2020-12-01 11:29:53,2020-12-01 11:40:24,2020-12-01 16:43:12,Akin,Wale,Email,KEBBI,Interconnection Services,Customers End,631.0,302.8,Critical
AXA-20201202-6066-WLESS,2020-12-02 13:03:34,2020-12-02 13:07:48,2020-12-02 18:10:27,Sola,Wale,Phone Call,ABIA,Wireless,Customers End,254.0,302.65,Critical
AXA-20201225-2642-VOICE,2020-12-25 12:48:14,2020-12-25 12:53:32,2020-12-25 17:56:08,Amelia,Kerry,Phone Call,ENUGU,Voice,Not Specified,318.0,302.6,Critical
AXA-20201231-1489-WLESS,,2020-12-31 21:19:42,2021-01-01 02:22:17,Brenda,Kerry,Social Media,ANAMBRA,Wireless,Routine Service,,302.5833333333333,Critical
AXA-20201225-2484-C95,2020-12-25 08:50:10,2020-12-25 08:50:37,2020-12-25 13:53:08,Bola,Victor,Chatbot,ANAMBRA,Cloud95,Routine Service,27.0,302.51666666666665,Critical
AXA-20201205-2458-WiFi5,2020-12-05 11:18:51,2020-12-05 11:25:03,2020-12-05 16:27:30,Segun,Seun,WebForm,ONDO,WiFI - 5,Line damage,372.0,302.45,Critical
AXA-20201215-5133-EVOICE,2020-12-15 12:19:32,2020-12-15 12:27:05,2020-12-15 17:29:32,Paul,Seun,WebForm,KWARA,EVoice,hardware failure,453.0,302.45,Critical
AXA-20201223-4170-WiFi8,2020-12-23 14:04:07,2020-12-23 14:09:12,2020-12-23 19:11:34,Akin,Wale,Chatbot,IMO,WiFI - 8,Customers End,305.0,302.3666666666667,Critical
AXA-20201222-2988-WiFi8,2020-12-22 09:23:31,2020-12-22 09:33:44,2020-12-22 14:36:04,Vitus,Seun,Social Media,ENUGU,WiFI - 8,Customers End,613.0,302.3333333333333,Critical
AXA-20201206-4915-WiFi8,2020-12-06 08:05:50,2020-12-06 08:06:11,2020-12-06 13:08:24,Kola,Wale,Social Media,EKITI,WiFI - 8,Customers End,21.0,302.21666666666664,Critical
AXA-20201214-3197-WLESS,2020-12-14 10:37:31,2020-12-14 10:47:42,2020-12-14 15:49:51,Sherifat,Victor,Social Media,SOKOTO,Wireless,Customers End,611.0,302.15,Critical
AXA-20201201-3512-WiFi6,2020-12-01 13:36:22,2020-12-01 13:41:47,2020-12-01 18:43:56,Brenda,Kerry,Email,ONDO,WiFI - 6,Customers End,325.0,302.15,Critical
AXA-20201231-1256-HSE,,2020-12-31 22:53:40,2021-01-01 03:55:48,Mary,Wale,Social Media,KATSINA,High speed Internet,Customers End,,302.1333333333333,Critical
AXA-20201229-1450-WLESS,,2020-12-29 18:21:50,2020-12-29 23:23:55,Jennifer,Kerry,Social Media,RIVERS,Wireless,Routine Service,,302.0833333333333,Critical
AXA-20201231-1627-HSE,,2020-12-31 12:04:12,2020-12-31 17:05:51,Bola,Victor,Social Media,ENUGU,High speed Internet,Not Specified,,301.65,Critical
AXA-20201203-4277-MAC,2020-12-03 15:25:05,2020-12-03 15:35:19,2020-12-03 20:36:58,Sola,Wale,Phone Call,ENUGU,Metro Area Connect,Customers End,614.0,301.65,Critical
AXA-20201218-2271-WiFi8,2020-12-18 12:44:22,2020-12-18 12:44:27,2020-12-18 17:46:04,Boye,Wale,Email,BENUE,WiFI - 8,Line damage,5.0,301.6166666666667,Critical
AXA-20201217-3324-WiFi8,2020-12-17 14:17:24,2020-12-17 14:26:54,2020-12-17 19:28:23,Sherifat,Victor,Phone Call,ENUGU,WiFI - 8,Customers End,570.0,301.48333333333335,Critical
AXA-20201215-5214-MCON,2020-12-15 14:23:15,2020-12-15 14:32:50,2020-12-15 19:34:18,John,Victor,Chatbot,KWARA,M Connect,Customers End,575.0,301.46666666666664,Critical
AXA-20201217-6094-WiFi8,2020-12-17 13:24:25,2020-12-17 13:26:00,2020-12-17 18:27:23,Atiku,Victor,Social Media,NASARAWA,WiFI - 8,Customers End,95.0,301.3833333333333,Critical
AXA-20201210-5703-VOICE,2020-12-10 10:47:58,2020-12-10 10:58:25,2020-12-10 15:59:43,Sherifat,Victor,Chatbot,ZAMFARA,Voice,Customers End,627.0,301.3,Critical
AXA-20201218-3932-EVOICE,2020-12-18 14:59:24,2020-12-18 15:00:12,2020-12-18 20:01:27,Atiku,Victor,WebForm,GOMBE,EVoice,Routine Service,48.0,301.25,Critical
AXA-20201229-1606-WLESS,,2020-12-29 15:23:39,2020-12-29 20:24:52,Bola,Victor,Social Media,ANAMBRA,Wireless,Customers End,,301.21666666666664,Critical
AXA-20201226-3553-CBS,2020-12-26 13:44:30,2020-12-26 13:47:35,2020-12-26 18:48:41,Jonathan,Kerry,Social Media,SOKOTO,Cloud-based services,Line damage,185.0,301.1,Critical
AXA-20201207-4427-MCON,2020-12-07 10:11:21,2020-12-07 10:17:31,2020-12-07 15:18:35,Ore,Seun,Social Media,RIVERS,M Connect,Customers End,370.0,301.06666666666666,Critical
AXA-20201204-3388-WLESS,2020-12-04 12:31:55,2020-12-04 12:34:27,2020-12-04 17:35:15,Bukky,Wale,Phone Call,DELTA,Wireless,Customers End,152.0,300.8,Critical
AXA-20201227-5311-WiFi11,2020-12-27 15:35:50,2020-12-27 15:39:37,2020-12-27 20:40:25,Paul,Seun,Social Media,KANO,WiFI - 11,Line damage,227.0,300.8,Critical
AXA-20201212-4680-MCON,2020-12-12 13:43:29,2020-12-12 13:45:45,2020-12-12 18:46:29,Jonathan,Kerry,Phone Call,KATSINA,M Connect,Line damage,136.0,300.73333333333335,Critical
AXA-20201209-3269-WiFi7,2020-12-09 13:11:58,2020-12-09 13:15:27,2020-12-09 18:16:10,Sekina,Victor,Phone Call,KOGI,WiFI - 7,Routine Service,209.0,300.71666666666664,Critical
AXA-20201216-2629-WLESS,2020-12-16 13:33:59,2020-12-16 13:36:30,2020-12-16 18:37:11,Sherifat,Victor,Social Media,ANAMBRA,Wireless,hardware failure,151.0,300.68333333333334,Critical
AXA-20201218-5795-C95,2020-12-18 10:07:58,2020-12-18 10:09:31,2020-12-18 15:10:11,Mary,Wale,Chatbot,KOGI,Cloud95,Line damage,93.0,300.6666666666667,Critical
AXA-20201221-4565-WLESS,2020-12-21 12:29:21,2020-12-21 12:38:33,2020-12-21 17:39:08,Fola,Wale,Chatbot,ANAMBRA,Wireless,Line damage,552.0,300.5833333333333,Critical
AXA-20201213-5277-WLESS,2020-12-13 15:19:01,2020-12-13 15:24:36,2020-12-13 20:25:06,Habeeb,Victor,WebForm,OGUN,Wireless,Not Specified,335.0,300.5,Critical
AXA-20201211-3647-C95,2020-12-11 14:17:46,2020-12-11 14:25:34,2020-12-11 19:26:03,Sheg,Seun,Email,ADAMAWA,Cloud95,Support network failures,468.0,300.48333333333335,Critical
AXA-20201223-6095-WiFi10,2020-12-23 15:04:44,2020-12-23 15:07:32,2020-12-23 20:08:01,Sherifat,Victor,WebForm,DELTA,WiFI - 10,Line damage,168.0,300.48333333333335,Critical
AXA-20201204-2765-WiFi10,2020-12-04 08:52:33,2020-12-04 08:53:47,2020-12-04 13:54:15,Habeeb,Victor,Chatbot,LAGOS,WiFI - 10,Line damage,74.0,300.46666666666664,Critical
AXA-20201224-4540-C100,2020-12-24 13:37:18,2020-12-24 13:44:05,2020-12-24 18:44:24,Sekina,Victor,Email,KEBBI,Cloud100,Customers End,407.0,300.31666666666666,Critical
AXA-20201224-2926-WLESS,2020-12-24 10:49:33,2020-12-24 10:56:13,2020-12-24 15:56:30,Myers,Kerry,Chatbot,EDO,Wireless,Line damage,400.0,300.28333333333336,Critical
AXA-20201224-5782-CBS,2020-12-24 10:40:55,2020-12-24 10:42:18,2020-12-24 15:42:35,Vitus,Seun,USSD,PLATEAU,Cloud-based services,Customers End,83.0,300.28333333333336,Critical
AXA-20201230-1824-HSE,,2020-12-30 10:50:47,2020-12-30 15:51:01,John,Victor,Social Media,BORNO,High speed Internet,Customers End,,300.23333333333335,Critical
AXA-20201210-4095-MAC,2020-12-10 10:11:01,2020-12-10 10:18:37,2020-12-10 15:18:49,Habeeb,Victor,WebForm,BAUCHI,Metro Area Connect,Customers End,456.0,300.2,Critical
AXA-20201207-2341-ICS,2020-12-07 10:06:13,2020-12-07 10:06:53,2020-12-07 15:07:05,Segun,Seun,Email,BORNO,Interconnection Services,Customers End,40.0,300.2,Critical
AXA-20201202-4046-WLESS,2020-12-02 13:58:40,2020-12-02 14:06:23,2020-12-02 19:06:35,John,Victor,Social Media,KATSINA,Wireless,Customers End,463.0,300.2,Critical
AXA-20201223-5584-WLESS,2020-12-23 14:38:07,2020-12-23 14:38:26,2020-12-23 19:38:36,Paul,Seun,Phone Call,ENUGU,Wireless,Customers End,19.0,300.1666666666667,Critical
AXA-20201208-2767-WiFi10,2020-12-08 10:49:58,2020-12-08 10:52:46,2020-12-08 15:52:55,Sherifat,Victor,USSD,RIVERS,WiFI - 10,Customers End,168.0,300.15,Critical
AXA-20201217-4145-WiFi5,2020-12-17 10:57:07,2020-12-17 11:04:31,2020-12-17 16:04:38,Jennifer,Kerry,Social Media,NASARAWA,WiFI - 5,Customers End,444.0,300.1166666666667,Critical
AXA-20201208-3795-VOICE,2020-12-08 12:40:24,2020-12-08 12:40:41,2020-12-08 17:40:46,Goodluck,Kerry,WebForm,BAUCHI,Voice,hardware failure,17.0,300.0833333333333,Critical
AXA-20201215-5647-WLESS,2020-12-15 14:30:13,2020-12-15 14:32:22,2020-12-15 19:32:24,Bola,Victor,WebForm,BORNO,Wireless,Line damage,129.0,300.03333333333336,Critical
AXA-20201229-1319-CBS,,2020-12-29 14:09:29,2020-12-29 18:55:17,Myers,Kerry,Social Media,KEBBI,Cloud-based services,Line damage,,285.8,Critical
AXA-20201231-1621-HSE,,2020-12-31 00:09:50,2020-12-31 04:55:27,Kingsley,Kerry,Social Media,GOMBE,High speed Internet,Customers End,,285.6166666666667,Critical
AXA-20201206-5774-WiFi9,2020-12-06 14:42:49,2020-12-06 14:53:12,2020-12-06 19:38:46,Amelia,Kerry,Phone Call,KWARA,WiFI - 9,Line damage,623.0,285.56666666666666,Critical
AXA-20201224-5948-WiFi11,2020-12-24 11:18:35,2020-12-24 11:26:57,2020-12-24 16:12:31,Amelia,Kerry,Phone Call,KOGI,WiFI - 11,Line damage,502.0,285.56666666666666,Critical
AXA-20201227-5359-WiFi11,2020-12-27 11:57:27,2020-12-27 12:07:52,2020-12-27 16:53:24,Sherifat,Victor,Social Media,ENUGU,WiFI - 11,Customers End,625.0,285.53333333333336,Critical
AXA-20201219-5497-WLESS,2020-12-19 09:41:53,2020-12-19 09:44:09,2020-12-19 14:29:40,Sola,Wale,Social Media,PLATEAU,Wireless,Customers End,136.0,285.51666666666665,Critical
AXA-20201224-2124-VOICE,2020-12-24 11:11:49,2020-12-24 11:22:18,2020-12-24 16:07:48,Tunde,Victor,Chatbot,KATSINA,Voice,Router Failure,629.0,285.5,Critical
AXA-20201223-5063-ICS,2020-12-23 08:35:07,2020-12-23 08:37:12,2020-12-23 13:22:36,Jonathan,Kerry,USSD,KOGI,Interconnection Services,Customers End,125.0,285.4,Critical
AXA-20201231-1124-WLESS,,2020-12-31 04:36:27,2020-12-31 09:21:46,Bola,Victor,Social Media,KADUNA,Wireless,Customers End,,285.31666666666666,Critical
AXA-20201222-3946-C100,2020-12-22 10:31:12,2020-12-22 10:31:55,2020-12-22 15:17:06,Sherifat,Victor,Chatbot,NIGER,Cloud100,Line damage,43.0,285.18333333333334,Critical
AXA-20201231-1803-HSE,,2020-12-31 18:41:12,2020-12-31 23:26:23,Amelia,Kerry,Social Media,NASARAWA,High speed Internet,Line damage,,285.18333333333334,Critical
AXA-20201222-4165-WLESS,2020-12-22 14:59:10,2020-12-22 15:07:28,2020-12-22 19:52:35,Ore,Seun,Phone Call,OYO,Wireless,Line damage,498.0,285.1166666666667,Critical
AXA-20201214-5243-WiFi3,2020-12-14 11:49:35,2020-12-14 11:52:11,2020-12-14 16:37:18,John,Victor,WebForm,EDO,WiFI - 3,Line damage,156.0,285.1166666666667,Critical
AXA-20201201-2393-HSE,2020-12-01 09:35:21,2020-12-01 09:45:40,2020-12-01 14:30:46,Sola,Wale,Chatbot,BORNO,High speed Internet,Line damage,619.0,285.1,Critical
AXA-20201218-3668-MCON,2020-12-18 11:22:57,2020-12-18 11:26:20,2020-12-18 16:11:26,Bola,Victor,WebForm,EBONYI,M Connect,Customers End,203.0,285.1,Critical
AXA-20201212-2272-WiFi3,2020-12-12 15:25:16,2020-12-12 15:26:52,2020-12-12 20:11:56,Sekina,Victor,USSD,KANO,WiFI - 3,Customers End,96.0,285.06666666666666,Critical
AXA-20201207-2970-ICS,2020-12-07 12:33:05,2020-12-07 12:41:24,2020-12-07 17:26:28,Habeeb,Victor,Chatbot,DELTA,Interconnection Services,Routine Service,499.0,285.06666666666666,Critical
AXA-20201226-5482-MAC,2020-12-26 09:17:30,2020-12-26 09:25:15,2020-12-26 14:10:03,Sekina,Victor,Chatbot,DELTA,Metro Area Connect,Customers End,465.0,284.8,Critical
AXA-20201216-4038-WiFi4,2020-12-16 13:39:38,2020-12-16 13:46:15,2020-12-16 18:31:02,John,Victor,Social Media,OYO,WiFI - 4,Customers End,397.0,284.78333333333336,Critical
AXA-20201205-3763-C95,2020-12-05 13:02:59,2020-12-05 13:10:29,2020-12-05 17:55:13,Ore,Seun,Phone Call,ENUGU,Cloud95,Routine Service,450.0,284.73333333333335,Critical
AXA-20201207-4875-MAC,2020-12-07 11:45:38,2020-12-07 11:55:47,2020-12-07 16:40:25,Bola,Victor,Phone Call,PLATEAU,Metro Area Connect,Customers End,609.0,284.6333333333333,Critical
AXA-20201203-5253-MCON,2020-12-03 15:10:26,2020-12-03 15:15:57,2020-12-03 20:00:34,Tunde,Victor,Chatbot,BAYELSA,M Connect,hardware failure,331.0,284.6166666666667,Critical
AXA-20201230-1937-HSE,,2020-12-30 17:22:30,2020-12-30 22:07:05,Jonathan,Kerry,Social Media,IMO,High speed Internet,Routine Service,,284.5833333333333,Critical
AXA-20201231-1872-WLESS,,2020-12-31 18:29:20,2020-12-31 23:13:46,Akin,Wale,Social Media,RIVERS,Wireless,Customers End,,284.43333333333334,Critical
AXA-20201207-4154-MAC,2020-12-07 11:26:30,2020-12-07 11:32:42,2020-12-07 16:17:05,Kachi,Seun,Social Media,EKITI,Metro Area Connect,Not Specified,372.0,284.3833333333333,Critical
AXA-20201231-1471-WLESS,,2020-12-31 01:05:46,2020-12-31 05:50:03,Jonathan,Kerry,Social Media,ANAMBRA,Wireless,Routine Service,,284.28333333333336,Critical
AXA-20201201-2960-WiFi5,2020-12-01 12:45:04,2020-12-01 12:53:50,2020-12-01 17:38:02,Sekina,Victor,Phone Call,EKITI,WiFI - 5,Not Specified,526.0,284.2,Critical
AXA-20201204-5164-WiFi4,2020-12-04 12:03:07,2020-12-04 12:07:17,2020-12-04 16:51:05,Jonathan,Kerry,Phone Call,DELTA,WiFI - 4,Line damage,250.0,283.8,Critical
AXA-20201231-1945-WLESS,,2020-12-31 17:10:16,2020-12-31 21:54:03,Habeeb,Victor,Phone Call,KANO,Wireless,Not Specified,,283.78333333333336,Critical
AXA-20201224-5129-MAC,2020-12-24 12:29:51,2020-12-24 12:30:57,2020-12-24 17:14:39,Bukky,Wale,Email,ADAMAWA,Metro Area Connect,Line damage,66.0,283.7,Critical
AXA-20201230-1149-WLESS,,2020-12-30 21:55:37,2020-12-31 02:39:18,Atiku,Victor,Social Media,IMO,Wireless,Customers End,,283.68333333333334,Critical
AXA-20201209-3423-WLESS,2020-12-09 15:07:41,2020-12-09 15:12:52,2020-12-09 19:56:29,John,Victor,WebForm,YOBE,Wireless,Customers End,311.0,283.6166666666667,Critical
AXA-20201217-5524-VOICE,2020-12-17 08:53:14,2020-12-17 08:57:56,2020-12-17 13:41:32,Bola,Victor,USSD,YOBE,Voice,hardware failure,282.0,283.6,Critical
AXA-20201204-4274-WLESS,2020-12-04 12:58:10,2020-12-04 13:06:39,2020-12-04 17:50:05,John,Victor,Chatbot,ENUGU,Wireless,Line damage,509.0,283.43333333333334,Critical
AXA-20201212-2825-WiFi4,2020-12-12 08:41:24,2020-12-12 08:50:09,2020-12-12 13:33:34,Sekina,Victor,Social Media,AKWA IBOM,WiFI - 4,Customers End,525.0,283.4166666666667,Critical
AXA-20201227-4308-WLESS,2020-12-27 10:46:43,2020-12-27 10:50:22,2020-12-27 15:33:47,Kachi,Seun,USSD,DELTA,Wireless,Customers End,219.0,283.4166666666667,Critical
AXA-20201231-1946-WiFi7,,2020-12-31 12:28:18,2020-12-31 17:11:43,Tunde,Victor,Email,OGUN,WiFI - 7,Traffic Spikes,,283.4166666666667,Critical
AXA-20201228-4594-WiFi3,2020-12-28 08:52:08,2020-12-28 09:02:14,2020-12-28 13:45:32,Sola,Wale,USSD,RIVERS,WiFI - 3,Customers End,606.0,283.3,Critical
AXA-20201222-2166-WLESS,2020-12-22 10:38:09,2020-12-22 10:38:56,2020-12-22 15:22:14,Habeeb,Victor,Chatbot,ANAMBRA,Wireless,Customers End,47.0,283.3,Critical
AXA-20201213-4420-HSE,2020-12-13 15:24:27,2020-12-13 15:28:58,2020-12-13 20:12:16,Bola,Victor,Phone Call,LAGOS,High speed Internet,Customers End,271.0,283.3,Critical
AXA-20201205-5387-WiFi5,2020-12-05 08:44:08,2020-12-05 08:51:29,2020-12-05 13:34:47,Sherifat,Victor,Chatbot,DELTA,WiFI - 5,Customers End,441.0,283.3,Critical
AXA-20201231-1963-WLESS,,2020-12-31 17:40:46,2020-12-31 22:24:02,Boye,Wale,Social Media,ONDO,Wireless,Customers End,,283.26666666666665,Critical
AXA-20201212-4699-HSE,2020-12-12 10:08:35,2020-12-12 10:13:50,2020-12-12 14:57:02,Goodluck,Kerry,Chatbot,CROSS RIVER,High speed Internet,Customers End,315.0,283.2,Critical
AXA-20201207-5281-HSE,2020-12-07 14:16:18,2020-12-07 14:19:05,2020-12-07 19:02:17,Sheg,Seun,WebForm,DELTA,High speed Internet,hardware failure,167.0,283.2,Critical
AXA-20201204-2188-C100,2020-12-04 12:48:04,2020-12-04 12:51:30,2020-12-04 17:34:42,Paul,Seun,USSD,ADAMAWA,Cloud100,Customers End,206.0,283.2,Critical
AXA-20201231-1821-WLESS,,2020-12-31 10:38:27,2020-12-31 15:21:34,Sherifat,Victor,Social Media,CROSS RIVER,Wireless,Routine Service,,283.1166666666667,Critical
AXA-20201211-4488-WLESS,2020-12-11 11:49:15,2020-12-11 11:57:23,2020-12-11 16:40:29,Ore,Seun,Chatbot,ANAMBRA,Wireless,Support network failures,488.0,283.1,Critical
AXA-20201231-1337-WLESS,,2020-12-31 17:08:43,2020-12-31 21:51:46,Kingsley,Kerry,Social Media,BAUCHI,Wireless,Line damage,,283.05,Critical
AXA-20201230-1342-CBS,,2020-12-30 15:19:32,2020-12-30 20:02:34,Habeeb,Victor,Social Media,ADAMAWA,Cloud-based services,Customers End,,283.03333333333336,Critical
AXA-20201225-4193-WiFi5,2020-12-25 11:25:56,2020-12-25 11:26:23,2020-12-25 16:09:25,Kingsley,Kerry,Social Media,KADUNA,WiFI - 5,Routine Service,27.0,283.03333333333336,Critical
AXA-20201203-5946-MAC,2020-12-03 09:57:38,2020-12-03 10:01:25,2020-12-03 14:44:27,Tunde,Victor,Phone Call,AKWA IBOM,Metro Area Connect,Customers End,227.0,283.03333333333336,Critical
AXA-20201226-6010-WiFi9,2020-12-26 11:44:47,2020-12-26 11:48:35,2020-12-26 16:31:18,Goodluck,Kerry,Email,BAUCHI,WiFI - 9,Customers End,228.0,282.71666666666664,Critical
AXA-20201202-5796-WiFi9,2020-12-02 12:50:28,2020-12-02 12:50:37,2020-12-02 17:33:17,Habeeb,Victor,Social Media,NASARAWA,WiFI - 9,Line damage,9.0,282.6666666666667,Critical
AXA-20201226-3555-WiFi3,2020-12-26 09:43:17,2020-12-26 09:47:52,2020-12-26 14:30:30,John,Victor,Social Media,YOBE,WiFI - 3,Customers End,275.0,282.6333333333333,Critical
AXA-20201217-5500-HSE,2020-12-17 14:21:17,2020-12-17 14:25:46,2020-12-17 19:08:23,Sekina,Victor,Social Media,ENUGU,High speed Internet,Line damage,269.0,282.6166666666667,Critical
AXA-20201216-3267-WLESS,2020-12-16 11:36:27,2020-12-16 11:45:14,2020-12-16 16:27:50,Tunde,Victor,Email,NIGER,Wireless,Customers End,527.0,282.6,Critical
AXA-20201221-2455-WiFi8,2020-12-21 14:14:45,2020-12-21 14:16:12,2020-12-21 18:58:44,Bola,Victor,Phone Call,YOBE,WiFI - 8,Line damage,87.0,282.53333333333336,Critical
AXA-20201217-5728-CBS,2020-12-17 10:22:47,2020-12-17 10:24:24,2020-12-17 15:06:51,Tunde,Victor,Chatbot,OYO,Cloud-based services,Customers End,97.0,282.45,Critical
AXA-20201201-4180-C95,2020-12-01 11:55:16,2020-12-01 12:00:59,2020-12-01 16:43:18,John,Victor,Phone Call,RIVERS,Cloud95,Customers End,343.0,282.31666666666666,Critical
AXA-20201202-3631-HSE,2020-12-02 10:03:10,2020-12-02 10:13:45,2020-12-02 14:55:58,Bola,Victor,USSD,OGUN,High speed Internet,Customers End,635.0,282.21666666666664,Critical
AXA-20201228-3829-WiFi7,2020-12-28 14:50:11,2020-12-28 14:56:21,2020-12-28 19:38:33,Mary,Wale,USSD,TARABA,WiFI - 7,Support network failures,370.0,282.2,Critical
AXA-20201231-1435-WLESS,,2020-12-31 08:38:29,2020-12-31 13:20:40,Jonathan,Kerry,Email,DELTA,Wireless,Customers End,,282.18333333333334,Critical
AXA-20201222-3351-WiFi10,2020-12-22 14:02:37,2020-12-22 14:03:51,2020-12-22 18:45:58,Kingsley,Kerry,Social Media,DELTA,WiFI - 10,Line damage,74.0,282.1166666666667,Critical
AXA-20201208-3923-C100,2020-12-08 11:59:14,2020-12-08 12:09:38,2020-12-08 16:51:41,Paul,Seun,USSD,ANAMBRA,Cloud100,Routine Service,624.0,282.05,Critical
AXA-20201222-3545-WiFi5,2020-12-22 10:50:25,2020-12-22 10:53:31,2020-12-22 15:35:34,Atiku,Victor,Phone Call,FCT ABUJA,WiFI - 5,Customers End,186.0,282.05,Critical
AXA-20201213-2569-MCON,2020-12-13 12:55:41,2020-12-13 13:01:53,2020-12-13 17:43:55,John,Victor,Chatbot,KATSINA,M Connect,Customers End,372.0,282.03333333333336,Critical
AXA-20201222-3644-C95,2020-12-22 13:44:20,2020-12-22 13:51:44,2020-12-22 18:33:30,Goodluck,Kerry,Email,GOMBE,Cloud95,Not Specified,444.0,281.76666666666665,Critical
AXA-20201224-5175-WiFi5,2020-12-24 15:30:47,2020-12-24 15:40:28,2020-12-24 20:22:11,Habeeb,Victor,Phone Call,ZAMFARA,WiFI - 5,Customers End,581.0,281.71666666666664,Critical
AXA-20201219-5262-HSE,2020-12-19 15:33:58,2020-12-19 15:41:26,2020-12-19 20:23:07,Jonathan,Kerry,USSD,OYO,High speed Internet,hardware failure,448.0,281.68333333333334,Critical
AXA-20201221-5995-HSE,2020-12-21 12:12:31,2020-12-21 12:15:04,2020-12-21 16:56:45,Atiku,Victor,Phone Call,OYO,High speed Internet,Line damage,153.0,281.68333333333334,Critical
AXA-20201201-5314-WLESS,2020-12-01 08:39:41,2020-12-01 08:46:50,2020-12-01 13:28:24,Jonathan,Kerry,Email,DELTA,Wireless,Not Specified,429.0,281.56666666666666,Critical
AXA-20201231-2049-HSE,,2020-12-31 17:13:09,2020-12-31 21:54:40,Jennifer,Kerry,Social Media,BAUCHI,High speed Internet,Line damage,,281.51666666666665,Critical
AXA-20201215-2425-ICS,2020-12-15 13:13:33,2020-12-15 13:13:58,2020-12-15 17:55:29,Myers,Kerry,USSD,OYO,Interconnection Services,Line damage,25.0,281.51666666666665,Critical
AXA-20201203-3011-VOICE,2020-12-03 12:32:38,2020-12-03 12:40:48,2020-12-03 17:22:15,Segun,Seun,USSD,EKITI,Voice,Line damage,490.0,281.45,Critical
AXA-20201220-3727-CBS,2020-12-20 13:08:52,2020-12-20 13:16:11,2020-12-20 17:57:36,Bukky,Wale,Phone Call,KATSINA,Cloud-based services,Routine Service,439.0,281.4166666666667,Critical
AXA-20201206-4682-WiFi3,2020-12-06 13:03:44,2020-12-06 13:03:52,2020-12-06 17:45:16,Habeeb,Victor,USSD,PLATEAU,WiFI - 3,Customers End,8.0,281.4,Critical
AXA-20201229-1885-HSE,,2020-12-29 17:26:38,2020-12-29 22:08:01,Popoola,Seun,Social Media,OSUN,High speed Internet,Customers End,,281.3833333333333,Critical
AXA-20201230-1912-MAC,,2020-12-30 18:32:53,2020-12-30 23:14:13,Amelia,Kerry,Social Media,OGUN,Metro Area Connect,Line damage,,281.3333333333333,Critical
AXA-20201221-2506-WLESS,2020-12-21 11:58:30,2020-12-21 12:07:35,2020-12-21 16:48:55,John,Victor,USSD,OYO,Wireless,Line damage,545.0,281.3333333333333,Critical
AXA-20201202-2717-WiFi8,2020-12-02 08:31:21,2020-12-02 08:33:00,2020-12-02 13:14:18,John,Victor,Email,KANO,WiFI - 8,Not Specified,99.0,281.3,Critical
AXA-20201207-3885-VOICE,2020-12-07 10:09:41,2020-12-07 10:13:47,2020-12-07 14:54:57,Goodluck,Kerry,WebForm,IMO,Voice,Not Specified,246.0,281.1666666666667,Critical
AXA-20201210-2872-CBS,2020-12-10 14:24:13,2020-12-10 14:31:48,2020-12-10 19:12:56,Popoola,Seun,Social Media,EKITI,Cloud-based services,Customers End,455.0,281.1333333333333,Critical
AXA-20201214-4421-WLESS,2020-12-14 13:04:40,2020-12-14 13:06:56,2020-12-14 17:48:03,Myers,Kerry,Email,IMO,Wireless,Not Specified,136.0,281.1166666666667,Critical
AXA-20201203-5449-WLESS,2020-12-03 14:03:10,2020-12-03 14:05:52,2020-12-03 18:46:39,Vitus,Seun,WebForm,ENUGU,Wireless,Customers End,162.0,280.78333333333336,Critical
AXA-20201226-4199-WiFi4,2020-12-26 08:36:33,2020-12-26 08:40:43,2020-12-26 13:21:29,Jennifer,Kerry,USSD,KEBBI,WiFI - 4,Customers End,250.0,280.76666666666665,Critical
AXA-20201224-2233-WiFi10,2020-12-24 09:21:03,2020-12-24 09:31:47,2020-12-24 14:12:33,Atiku,Victor,Phone Call,TARABA,WiFI - 10,Customers End,644.0,280.76666666666665,Critical
AXA-20201212-2349-CBS,2020-12-12 14:37:08,2020-12-12 14:37:33,2020-12-12 19:18:17,Tunde,Victor,WebForm,NIGER,Cloud-based services,Customers End,25.0,280.73333333333335,Critical
AXA-20201206-2964-C95,2020-12-06 14:58:45,2020-12-06 15:09:24,2020-12-06 19:50:08,Fola,Wale,Social Media,KANO,Cloud95,hardware failure,639.0,280.73333333333335,Critical
AXA-20201230-1792-WLESS,,2020-12-30 19:37:19,2020-12-31 00:18:03,Paul,Seun,Social Media,PLATEAU,Wireless,Routine Service,,280.73333333333335,Critical
AXA-20201225-5399-MCON,2020-12-25 10:53:04,2020-12-25 10:56:27,2020-12-25 15:37:11,Sherifat,Victor,Email,NASARAWA,M Connect,Line damage,203.0,280.73333333333335,Critical
AXA-20201223-2160-VOICE,2020-12-23 12:09:45,2020-12-23 12:10:04,2020-12-23 16:50:47,Bola,Victor,Phone Call,ADAMAWA,Voice,Line damage,19.0,280.71666666666664,Critical
AXA-20201230-1113-HSE,,2020-12-30 04:33:37,2020-12-30 09:14:13,Popoola,Seun,Social Media,LAGOS,High speed Internet,Customers End,,280.6,Critical
AXA-20201231-1769-WLESS,,2020-12-31 07:33:32,2020-12-31 12:14:08,Atiku,Victor,Social Media,KOGI,Wireless,Customers End,,280.6,Critical
AXA-20201203-5961-C95,2020-12-03 10:12:05,2020-12-03 10:13:49,2020-12-03 14:54:20,Sheg,Seun,Social Media,RIVERS,Cloud95,Customers End,104.0,280.51666666666665,Critical
AXA-20201223-6109-WLESS,2020-12-23 14:38:49,2020-12-23 14:49:22,2020-12-23 19:29:52,John,Victor,WebForm,CROSS RIVER,Wireless,Support network failures,633.0,280.5,Critical
AXA-20201214-2526-WiFi9,2020-12-14 15:54:49,2020-12-14 16:03:02,2020-12-14 20:43:32,Tunde,Victor,Email,ADAMAWA,WiFI - 9,Customers End,493.0,280.5,Critical
AXA-20201210-5073-HSE,2020-12-10 12:56:36,2020-12-10 13:00:47,2020-12-10 17:41:14,Goodluck,Kerry,Chatbot,ENUGU,High speed Internet,Not Specified,251.0,280.45,Critical
AXA-20201208-2837-HSE,2020-12-08 11:57:21,2020-12-08 12:06:01,2020-12-08 16:46:26,Atiku,Victor,Social Media,DELTA,High speed Internet,Not Specified,520.0,280.4166666666667,Critical
AXA-20201205-3811-WiFi5,2020-12-05 11:53:04,2020-12-05 12:00:51,2020-12-05 16:41:14,Myers,Kerry,USSD,KATSINA,WiFI - 5,Customers End,467.0,280.3833333333333,Critical
AXA-20201225-5047-C95,2020-12-25 08:26:22,2020-12-25 08:33:09,2020-12-25 13:13:31,Amelia,Kerry,USSD,FCT ABUJA,Cloud95,Customers End,407.0,280.3666666666667,Critical
AXA-20201218-3960-HSE,2020-12-18 15:40:19,2020-12-18 15:44:53,2020-12-18 20:25:05,Goodluck,Kerry,Email,KATSINA,High speed Internet,Customers End,274.0,280.2,Critical
AXA-20201225-3799-WiFi4,2020-12-25 15:22:57,2020-12-25 15:29:20,2020-12-25 20:09:28,Atiku,Victor,USSD,IMO,WiFI - 4,Customers End,383.0,280.1333333333333,Critical
AXA-20201216-4262-C100,2020-12-16 11:42:04,2020-12-16 11:50:52,2020-12-16 16:30:58,Jonathan,Kerry,Chatbot,PLATEAU,Cloud100,Line damage,528.0,280.1,Critical
AXA-20201215-2628-WLESS,2020-12-15 08:29:23,2020-12-15 08:36:55,2020-12-15 13:17:01,Brenda,Kerry,USSD,LAGOS,Wireless,Customers End,452.0,280.1,Critical
AXA-20201217-6047-HSE,2020-12-17 11:09:23,2020-12-17 11:19:49,2020-12-17 15:59:55,Ore,Seun,USSD,KOGI,High speed Internet,Line damage,626.0,280.1,Critical
AXA-20201223-3874-WLESS,2020-12-23 10:11:01,2020-12-23 10:16:11,2020-12-23 14:56:17,Tunde,Victor,Phone Call,OGUN,Wireless,Line damage,310.0,280.1,Critical
AXA-20201209-5971-CBS,2020-12-09 12:50:54,2020-12-09 12:56:33,2020-12-09 17:36:21,Jennifer,Kerry,WebForm,NIGER,Cloud-based services,Customers End,339.0,279.8,Critical
AXA-20201210-5386-WiFi3,2020-12-10 15:48:20,2020-12-10 15:58:27,2020-12-10 20:38:12,Sekina,Victor,Chatbot,KWARA,WiFI - 3,Line damage,607.0,279.75,Critical
AXA-20201214-5504-WiFi3,2020-12-14 12:03:20,2020-12-14 12:09:50,2020-12-14 16:49:32,Sekina,Victor,Social Media,IMO,WiFI - 3,Customers End,390.0,279.7,Critical
AXA-20201229-1433-WLESS,,2020-12-29 14:14:00,2020-12-29 18:53:41,Bola,Victor,USSD,OGUN,Wireless,Support network failures,,279.68333333333334,Critical
AXA-20201227-2421-WiFi8,2020-12-27 09:38:21,2020-12-27 09:39:42,2020-12-27 14:19:23,Habeeb,Victor,WebForm,ANAMBRA,WiFI - 8,Customers End,81.0,279.68333333333334,Critical
AXA-20201206-5544-WiFi7,2020-12-06 08:38:47,2020-12-06 08:47:02,2020-12-06 13:26:43,Myers,Kerry,Chatbot,BAYELSA,WiFI - 7,Line damage,495.0,279.68333333333334,Critical
AXA-20201229-1554-HSE,,2020-12-29 20:26:34,2020-12-30 01:06:15,Segun,Seun,Social Media,EKITI,High speed Internet,Line damage,,279.68333333333334,Critical
AXA-20201229-1162-HSE,,2020-12-29 21:01:44,2020-12-30 01:41:21,Habeeb,Victor,Social Media,GOMBE,High speed Internet,Not Specified,,279.6166666666667,Critical
AXA-20201230-1143-WLESS,,2020-12-30 08:15:49,2020-12-30 12:55:23,Jonathan,Kerry,WebForm,ABIA,Wireless,hardware failure,,279.56666666666666,Critical
AXA-20201220-2335-MAC,2020-12-20 09:27:42,2020-12-20 09:33:24,2020-12-20 14:12:58,Sekina,Victor,USSD,KANO,Metro Area Connect,Line damage,342.0,279.56666666666666,Critical
AXA-20201209-3986-HSE,2020-12-09 15:44:37,2020-12-09 15:46:55,2020-12-09 20:26:26,Paul,Seun,Phone Call,NASARAWA,High speed Internet,Customers End,138.0,279.51666666666665,Critical
AXA-20201230-1684-HSE,,2020-12-30 06:40:25,2020-12-30 11:19:55,Sherifat,Victor,Social Media,ANAMBRA,High speed Internet,Customers End,,279.5,Critical
AXA-20201231-1276-WLESS,,2020-12-31 23:26:38,2021-01-01 04:06:08,Boye,Wale,Social Media,ENUGU,Wireless,Customers End,,279.5,Critical
AXA-20201202-3052-WiFi4,2020-12-02 14:20:51,2020-12-02 14:22:39,2020-12-02 19:01:54,Popoola,Seun,Chatbot,ANAMBRA,WiFI - 4,Customers End,108.0,279.25,Critical
AXA-20201229-1240-HSE,,2020-12-29 19:00:25,2020-12-29 23:39:30,Sherifat,Victor,Social Media,SOKOTO,High speed Internet,Customers End,,279.0833333333333,Critical
AXA-20201231-1406-WLESS,,2020-12-31 23:05:58,2021-01-01 03:45:01,Myers,Kerry,Social Media,NASARAWA,Wireless,Line damage,,279.05,Critical
AXA-20201231-1278-WLESS,,2020-12-31 00:24:49,2020-12-31 05:03:37,Sheg,Seun,Social Media,DELTA,Wireless,Routine Service,,278.8,Critical
AXA-20201204-4678-HSE,2020-12-04 15:52:10,2020-12-04 15:56:52,2020-12-04 20:35:33,Kingsley,Kerry,WebForm,PLATEAU,High speed Internet,Customers End,282.0,278.68333333333334,Critical
AXA-20201208-4835-WiFi7,2020-12-08 10:29:19,2020-12-08 10:39:53,2020-12-08 15:18:31,Sherifat,Victor,Email,ANAMBRA,WiFI - 7,Customers End,634.0,278.6333333333333,Critical
AXA-20201202-2710-WiFi5,2020-12-02 15:43:31,2020-12-02 15:43:49,2020-12-02 20:22:26,Brenda,Kerry,Social Media,NASARAWA,WiFI - 5,Routine Service,18.0,278.6166666666667,Critical
AXA-20201215-5074-MAC,2020-12-15 13:22:14,2020-12-15 13:22:41,2020-12-15 18:01:17,Tunde,Victor,WebForm,KEBBI,Metro Area Connect,Line damage,27.0,278.6,Critical
AXA-20201214-5922-VOICE,2020-12-14 14:20:16,2020-12-14 14:28:52,2020-12-14 19:07:22,John,Victor,WebForm,BORNO,Voice,Customers End,516.0,278.5,Critical
AXA-20201219-2115-WiFi7,2020-12-19 12:29:14,2020-12-19 12:37:23,2020-12-19 17:15:49,John,Victor,Email,ENUGU,WiFI - 7,Customers End,489.0,278.43333333333334,Critical
AXA-20201229-1340-WLESS,,2020-12-29 22:50:50,2020-12-30 03:29:16,Kachi,Seun,Social Media,NIGER,Wireless,Customers End,,278.43333333333334,Critical
AXA-20201226-4186-WLESS,2020-12-26 13:33:03,2020-12-26 13:36:43,2020-12-26 18:14:54,Jennifer,Kerry,Phone Call,NIGER,Wireless,Routine Service,220.0,278.18333333333334,Critical
AXA-20201228-2397-WiFi9,2020-12-28 15:20:40,2020-12-28 15:29:20,2020-12-28 20:07:27,Mary,Wale,USSD,FCT ABUJA,WiFI - 9,Customers End,520.0,278.1166666666667,Critical
AXA-20201214-5152-WiFi4,2020-12-14 13:12:03,2020-12-14 13:17:13,2020-12-14 17:55:20,Amelia,Kerry,USSD,CROSS RIVER,WiFI - 4,Customers End,310.0,278.1166666666667,Critical
AXA-20201214-5677-ICS,2020-12-14 11:21:52,2020-12-14 11:30:27,2020-12-14 16:08:34,Goodluck,Kerry,Chatbot,BORNO,Interconnection Services,Customers End,515.0,278.1166666666667,Critical
AXA-20201229-1394-CBS,,2020-12-29 15:46:39,2020-12-29 20:24:23,Atiku,Victor,USSD,RIVERS,Cloud-based services,Traffic Spikes,,277.73333333333335,Critical
AXA-20201221-5716-CBS,2020-12-21 08:05:53,2020-12-21 08:09:36,2020-12-21 12:47:14,John,Victor,Email,KANO,Cloud-based services,Customers End,223.0,277.6333333333333,Critical
AXA-20201211-2285-WiFi8,2020-12-11 11:22:12,2020-12-11 11:27:31,2020-12-11 16:05:04,Sherifat,Victor,Email,BORNO,WiFI - 8,Not Specified,319.0,277.55,Critical
AXA-20201202-5643-MAC,2020-12-02 11:54:03,2020-12-02 11:59:10,2020-12-02 16:36:42,Tunde,Victor,Email,KANO,Metro Area Connect,Routine Service,307.0,277.53333333333336,Critical
AXA-20201211-2202-VOICE,2020-12-11 15:20:34,2020-12-11 15:25:15,2020-12-11 20:02:41,Paul,Seun,Phone Call,OSUN,Voice,Line damage,281.0,277.43333333333334,Critical
AXA-20201225-4917-C95,2020-12-25 12:52:14,2020-12-25 13:00:53,2020-12-25 17:38:17,Atiku,Victor,WebForm,RIVERS,Cloud95,Customers End,519.0,277.4,Critical
AXA-20201202-3687-WiFi10,2020-12-02 10:35:33,2020-12-02 10:36:59,2020-12-02 15:14:22,Bola,Victor,USSD,KEBBI,WiFI - 10,Line damage,86.0,277.3833333333333,Critical
AXA-20201231-1658-HSE,,2021-01-01 00:01:34,2021-01-01 04:38:54,Bukky,Wale,Social Media,GOMBE,High speed Internet,Customers End,,277.3333333333333,Critical
AXA-20201222-4222-WiFi10,2020-12-22 12:41:12,2020-12-22 12:44:33,2020-12-22 17:21:52,Vitus,Seun,Social Media,YOBE,WiFI - 10,Customers End,201.0,277.31666666666666,Critical
AXA-20201217-2448-EVOICE,2020-12-17 15:44:23,2020-12-17 15:45:10,2020-12-17 20:22:27,John,Victor,Phone Call,OYO,EVoice,Routine Service,47.0,277.28333333333336,Critical
AXA-20201220-3435-WiFi8,2020-12-20 11:13:25,2020-12-20 11:21:02,2020-12-20 15:58:15,Sekina,Victor,Social Media,NIGER,WiFI - 8,Customers End,457.0,277.21666666666664,Critical
AXA-20201229-1586-WLESS,,2020-12-29 16:32:42,2020-12-29 21:09:51,Segun,Seun,Social Media,KATSINA,Wireless,Customers End,,277.15,Critical
AXA-20201204-4931-WiFi10,2020-12-04 10:53:41,2020-12-04 10:55:46,2020-12-04 15:32:33,Habeeb,Victor,WebForm,BORNO,WiFI - 10,Customers End,125.0,276.78333333333336,Critical
AXA-20201231-1303-WLESS,,2020-12-31 11:14:22,2020-12-31 15:51:09,Kola,Wale,Social Media,IMO,Wireless,Customers End,,276.78333333333336,Critical
AXA-20201210-2537-WiFi5,2020-12-10 12:10:59,2020-12-10 12:18:29,2020-12-10 16:55:16,Sherifat,Victor,Email,BENUE,WiFI - 5,Line damage,450.0,276.78333333333336,Critical
AXA-20201209-4618-HSE,2020-12-09 12:02:09,2020-12-09 12:04:23,2020-12-09 16:41:08,Tunde,Victor,WebForm,ANAMBRA,High speed Internet,Customers End,134.0,276.75,Critical
AXA-20201209-3367-WiFi11,2020-12-09 12:19:05,2020-12-09 12:26:53,2020-12-09 17:03:35,Myers,Kerry,WebForm,FCT ABUJA,WiFI - 11,Routine Service,468.0,276.7,Critical
AXA-20201204-3123-CBS,2020-12-04 14:17:28,2020-12-04 14:20:38,2020-12-04 18:57:20,Boye,Wale,USSD,KOGI,Cloud-based services,Routine Service,190.0,276.7,Critical
AXA-20201202-3073-MAC,2020-12-02 10:05:18,2020-12-02 10:12:05,2020-12-02 14:48:41,Jonathan,Kerry,WebForm,OYO,Metro Area Connect,Not Specified,407.0,276.6,Critical
AXA-20201208-2461-HSE,2020-12-08 13:13:35,2020-12-08 13:17:22,2020-12-08 17:53:56,Vitus,Seun,Phone Call,RIVERS,High speed Internet,Customers End,227.0,276.56666666666666,Critical
AXA-20201231-1374-WLESS,,2020-12-31 12:18:50,2020-12-31 16:55:19,Habeeb,Victor,Social Media,NIGER,Wireless,Support network failures,,276.48333333333335,Critical
AXA-20201229-1454-HSE,,2020-12-29 15:52:34,2020-12-29 20:29:03,Jonathan,Kerry,Social Media,GOMBE,High speed Internet,Customers End,,276.48333333333335,Critical
AXA-20201204-5421-VOICE,2020-12-04 14:28:42,2020-12-04 14:31:19,2020-12-04 19:07:43,Sekina,Victor,Phone Call,KOGI,Voice,Customers End,157.0,276.4,Critical
AXA-20201213-5828-WLESS,2020-12-13 10:32:24,2020-12-13 10:37:50,2020-12-13 15:14:10,Vitus,Seun,Phone Call,OGUN,Wireless,Customers End,326.0,276.3333333333333,Critical
AXA-20201211-5264-WiFi6,2020-12-11 14:37:39,2020-12-11 14:45:19,2020-12-11 19:21:33,Goodluck,Kerry,Chatbot,KATSINA,WiFI - 6,Customers End,460.0,276.23333333333335,Critical
AXA-20201207-4870-HSE,2020-12-07 08:53:14,2020-12-07 08:55:01,2020-12-07 13:31:12,Sekina,Victor,Email,ZAMFARA,High speed Internet,Line damage,107.0,276.18333333333334,Critical
AXA-20201231-1630-HSE,,2020-12-31 20:09:29,2021-01-01 00:45:39,Sherifat,Victor,Social Media,AKWA IBOM,High speed Internet,Not Specified,,276.1666666666667,Critical
AXA-20201221-3534-WLESS,2020-12-21 09:57:01,2020-12-21 10:01:09,2020-12-21 14:37:17,Paul,Seun,Email,KOGI,Wireless,Routine Service,248.0,276.1333333333333,Critical
AXA-20201203-6061-C95,2020-12-03 11:42:11,2020-12-03 11:42:36,2020-12-03 16:18:41,Sherifat,Victor,WebForm,LAGOS,Cloud95,hardware failure,25.0,276.0833333333333,Critical
AXA-20201203-5973-WiFi6,2020-12-03 13:54:17,2020-12-03 14:01:25,2020-12-03 18:37:29,Amelia,Kerry,Social Media,LAGOS,WiFI - 6,Customers End,428.0,276.06666666666666,Critical
AXA-20201205-5656-WiFi11,2020-12-05 13:38:28,2020-12-05 13:46:53,2020-12-05 18:22:56,Atiku,Victor,Email,CROSS RIVER,WiFI - 11,Line damage,505.0,276.05,Critical
AXA-20201228-5096-HSE,2020-12-28 15:45:55,2020-12-28 15:46:39,2020-12-28 20:22:41,Goodluck,Kerry,Social Media,LAGOS,High speed Internet,Routine Service,44.0,276.03333333333336,Critical
AXA-20201213-4418-C100,2020-12-13 09:44:19,2020-12-13 09:52:31,2020-12-13 14:28:17,Habeeb,Victor,WebForm,DELTA,Cloud100,Not Specified,492.0,275.76666666666665,Critical
AXA-20201205-4322-WiFi6,2020-12-05 10:32:15,2020-12-05 10:38:49,2020-12-05 15:14:34,John,Victor,Chatbot,ENUGU,WiFI - 6,Customers End,394.0,275.75,Critical
AXA-20201213-3532-WLESS,2020-12-13 10:21:21,2020-12-13 10:24:37,2020-12-13 15:00:20,Vitus,Seun,USSD,ZAMFARA,Wireless,Customers End,196.0,275.71666666666664,Critical
AXA-20201214-3421-WiFi5,2020-12-14 08:23:57,2020-12-14 08:34:11,2020-12-14 13:09:51,Tunde,Victor,Phone Call,NASARAWA,WiFI - 5,Not Specified,614.0,275.6666666666667,Critical
AXA-20201213-2981-WiFi11,2020-12-13 15:03:30,2020-12-13 15:03:58,2020-12-13 19:39:34,Jennifer,Kerry,Phone Call,OGUN,WiFI - 11,Customers End,28.0,275.6,Critical
AXA-20201203-2196-MCON,2020-12-03 09:05:47,2020-12-03 09:09:08,2020-12-03 13:44:44,Sherifat,Victor,Email,KANO,M Connect,Customers End,201.0,275.6,Critical
AXA-20201203-5523-WLESS,2020-12-03 12:06:26,2020-12-03 12:15:04,2020-12-03 16:50:40,Jonathan,Kerry,Social Media,BORNO,Wireless,Line damage,518.0,275.6,Critical
AXA-20201208-3051-WiFi6,2020-12-08 15:07:57,2020-12-08 15:16:09,2020-12-08 19:51:42,Myers,Kerry,Chatbot,PLATEAU,WiFI - 6,Line damage,492.0,275.55,Critical
AXA-20201208-5416-WiFi11,2020-12-08 09:26:42,2020-12-08 09:34:08,2020-12-08 14:09:39,Amelia,Kerry,Email,BORNO,WiFI - 11,Customers End,446.0,275.51666666666665,Critical
AXA-20201229-1400-WLESS,,2020-12-29 14:50:16,2020-12-29 19:25:46,Jennifer,Kerry,Social Media,ENUGU,Wireless,hardware failure,,275.5,Critical
AXA-20201217-4984-C100,2020-12-17 14:31:45,2020-12-17 14:42:19,2020-12-17 19:17:42,Atiku,Victor,Chatbot,NIGER,Cloud100,Customers End,634.0,275.3833333333333,Critical
AXA-20201225-2991-WLESS,2020-12-25 15:37:26,2020-12-25 15:42:48,2020-12-25 20:18:07,Goodluck,Kerry,Social Media,BAUCHI,Wireless,Line damage,322.0,275.31666666666666,Critical
AXA-20201209-3916-WLESS,2020-12-09 08:49:30,2020-12-09 08:52:58,2020-12-09 13:28:17,John,Victor,USSD,PLATEAU,Wireless,Customers End,208.0,275.31666666666666,Critical
AXA-20201212-4506-WiFi3,2020-12-12 08:00:30,2020-12-12 08:01:45,2020-12-12 12:36:59,Bola,Victor,USSD,BORNO,WiFI - 3,Not Specified,75.0,275.23333333333335,Critical
AXA-20201231-1420-HSE,,2020-12-31 20:13:49,2021-01-01 00:48:55,Akin,Wale,Social Media,AKWA IBOM,High speed Internet,Customers End,,275.1,Critical
AXA-20201229-1535-CBS,,2020-12-29 17:50:45,2020-12-29 22:25:49,Paul,Seun,Social Media,RIVERS,Cloud-based services,Support network failures,,275.06666666666666,Critical
AXA-20201231-2044-HSE,,2020-12-31 17:55:18,2020-12-31 22:30:04,Atiku,Victor,Social Media,RIVERS,High speed Internet,Not Specified,,274.76666666666665,Critical
AXA-20201227-4083-VOICE,2020-12-27 09:59:25,2020-12-27 10:06:07,2020-12-27 14:40:53,Atiku,Victor,WebForm,EKITI,Voice,Not Specified,402.0,274.76666666666665,Critical
AXA-20201220-4239-WiFi9,2020-12-20 08:54:23,2020-12-20 08:58:47,2020-12-20 13:33:27,Jennifer,Kerry,WebForm,RIVERS,WiFI - 9,Routine Service,264.0,274.6666666666667,Critical
AXA-20201208-2304-C100,2020-12-08 08:32:49,2020-12-08 08:41:36,2020-12-08 13:16:12,Kingsley,Kerry,Email,ENUGU,Cloud100,Customers End,527.0,274.6,Critical
AXA-20201202-2539-HSE,2020-12-02 13:08:31,2020-12-02 13:14:36,2020-12-02 17:49:08,Habeeb,Victor,Chatbot,ABIA,High speed Internet,Customers End,365.0,274.53333333333336,Critical
AXA-20201212-5345-EVOICE,2020-12-12 15:10:33,2020-12-12 15:19:20,2020-12-12 19:53:52,Sekina,Victor,Email,FCT ABUJA,EVoice,Line damage,527.0,274.53333333333336,Critical
AXA-20201207-4203-C100,2020-12-07 08:22:28,2020-12-07 08:24:00,2020-12-07 12:58:32,Fola,Wale,Social Media,OYO,Cloud100,Customers End,92.0,274.53333333333336,Critical
AXA-20201221-4290-HSE,2020-12-21 11:27:11,2020-12-21 11:36:50,2020-12-21 16:11:21,Kingsley,Kerry,Chatbot,BORNO,High speed Internet,Not Specified,579.0,274.51666666666665,Critical
AXA-20201231-1804-HSE,,2020-12-31 19:30:43,2021-01-01 00:05:13,Bukky,Wale,Social Media,RIVERS,High speed Internet,Customers End,,274.5,Critical
AXA-20201224-5691-WLESS,2020-12-24 15:04:33,2020-12-24 15:13:42,2020-12-24 19:48:11,Habeeb,Victor,WebForm,RIVERS,Wireless,Line damage,549.0,274.48333333333335,Critical
AXA-20201215-4700-WiFi4,2020-12-15 11:58:43,2020-12-15 12:02:49,2020-12-15 16:37:17,Kola,Wale,WebForm,LAGOS,WiFI - 4,Support network failures,246.0,274.46666666666664,Critical
AXA-20201212-5593-WLESS,2020-12-12 14:53:30,2020-12-12 14:54:14,2020-12-12 19:28:41,Atiku,Victor,WebForm,ANAMBRA,Wireless,Routine Service,44.0,274.45,Critical
AXA-20201226-4329-VOICE,2020-12-26 11:08:35,2020-12-26 11:15:42,2020-12-26 15:50:09,Atiku,Victor,WebForm,EKITI,Voice,Support network failures,427.0,274.45,Critical
AXA-20201226-4623-C100,2020-12-26 13:09:33,2020-12-26 13:13:39,2020-12-26 17:48:05,Vitus,Seun,Chatbot,BAUCHI,Cloud100,Customers End,246.0,274.43333333333334,Critical
AXA-20201204-4584-WiFi8,2020-12-04 09:20:08,2020-12-04 09:24:32,2020-12-04 13:58:57,Boye,Wale,Chatbot,DELTA,WiFI - 8,Router Failure,264.0,274.4166666666667,Critical
AXA-20201211-3816-WiFi5,2020-12-11 14:35:06,2020-12-11 14:39:53,2020-12-11 19:14:14,Sekina,Victor,WebForm,KEBBI,WiFI - 5,Routine Service,287.0,274.35,Critical
AXA-20201231-1252-HSE,,2020-12-31 19:10:38,2020-12-31 23:44:56,John,Victor,Social Media,DELTA,High speed Internet,Routine Service,,274.3,Critical
AXA-20201220-5401-HSE,2020-12-20 15:53:41,2020-12-20 15:54:58,2020-12-20 20:29:11,Sherifat,Victor,WebForm,FCT ABUJA,High speed Internet,Not Specified,77.0,274.21666666666664,Critical
AXA-20201208-3626-WLESS,2020-12-08 14:44:35,2020-12-08 14:52:01,2020-12-08 19:26:12,Mary,Wale,Social Media,RIVERS,Wireless,Customers End,446.0,274.18333333333334,Critical
AXA-20201231-2018-WLESS,,2020-12-31 12:46:17,2020-12-31 17:20:19,John,Victor,Social Media,YOBE,Wireless,hardware failure,,274.03333333333336,Critical
AXA-20201228-3917-WiFi4,2020-12-28 15:37:26,2020-12-28 15:41:06,2020-12-28 20:14:50,Sherifat,Victor,Email,ANAMBRA,WiFI - 4,Routine Service,220.0,273.73333333333335,Critical
AXA-20201203-3606-WLESS,2020-12-03 12:47:21,2020-12-03 12:56:45,2020-12-03 17:30:27,Popoola,Seun,Email,IMO,Wireless,Line damage,564.0,273.7,Critical
AXA-20201225-4580-HSE,2020-12-25 12:00:21,2020-12-25 12:05:54,2020-12-25 16:39:35,Goodluck,Kerry,USSD,EBONYI,High speed Internet,Customers End,333.0,273.68333333333334,Critical
AXA-20201220-4988-WiFi5,2020-12-20 08:54:01,2020-12-20 09:03:44,2020-12-20 13:37:22,Bukky,Wale,WebForm,ENUGU,WiFI - 5,Customers End,583.0,273.6333333333333,Critical
AXA-20201210-3117-WiFi4,2020-12-10 15:37:32,2020-12-10 15:44:56,2020-12-10 20:18:34,Kingsley,Kerry,Chatbot,ENUGU,WiFI - 4,Customers End,444.0,273.6333333333333,Critical
AXA-20201203-3338-WLESS,2020-12-03 12:04:12,2020-12-03 12:09:26,2020-12-03 16:43:00,Atiku,Victor,Email,ANAMBRA,Wireless,Support network failures,314.0,273.56666666666666,Critical
AXA-20201204-4987-WiFi3,2020-12-04 13:22:51,2020-12-04 13:28:22,2020-12-04 18:01:49,Boye,Wale,Social Media,YOBE,WiFI - 3,Customers End,331.0,273.45,Critical
AXA-20201230-1417-HSE,,2020-12-30 16:49:14,2020-12-30 21:22:41,John,Victor,Social Media,YOBE,High speed Internet,Customers End,,273.45,Critical
AXA-20201226-3126-WiFi4,2020-12-26 10:55:09,2020-12-26 10:56:50,2020-12-26 15:30:17,Atiku,Victor,Chatbot,NASARAWA,WiFI - 4,Customers End,101.0,273.45,Critical
AXA-20201203-2719-C95,2020-12-03 12:14:48,2020-12-03 12:15:10,2020-12-03 16:48:33,Habeeb,Victor,Phone Call,KANO,Cloud95,Routine Service,22.0,273.3833333333333,Critical
AXA-20201230-1715-WLESS,,2020-12-30 20:11:30,2020-12-31 00:44:53,Amelia,Kerry,Social Media,EKITI,Wireless,Routine Service,,273.3833333333333,Critical
AXA-20201204-3202-HSE,2020-12-04 13:51:02,2020-12-04 13:55:33,2020-12-04 18:28:50,Sherifat,Victor,Phone Call,KANO,High speed Internet,Customers End,271.0,273.28333333333336,Critical
AXA-20201229-1886-WLESS,,2020-12-29 14:53:36,2020-12-29 19:26:51,Goodluck,Kerry,Social Media,OYO,Wireless,Line damage,,273.25,Critical
AXA-20201203-2553-C100,2020-12-03 13:16:52,2020-12-03 13:25:25,2020-12-03 17:58:36,Jonathan,Kerry,Chatbot,KOGI,Cloud100,Line damage,513.0,273.18333333333334,Critical
AXA-20201215-4626-ICS,2020-12-15 08:37:20,2020-12-15 08:45:06,2020-12-15 13:18:14,Kola,Wale,Email,NIGER,Interconnection Services,Customers End,466.0,273.1333333333333,Critical
AXA-20201227-5112-WLESS,2020-12-27 12:25:53,2020-12-27 12:31:39,2020-12-27 17:04:45,Sherifat,Victor,WebForm,IMO,Wireless,Line damage,346.0,273.1,Critical
AXA-20201217-5711-EVOICE,2020-12-17 14:39:35,2020-12-17 14:45:10,2020-12-17 19:18:14,John,Victor,WebForm,RIVERS,EVoice,Customers End,335.0,273.06666666666666,Critical
AXA-20201230-1281-WLESS,,2020-12-30 20:44:37,2020-12-31 01:17:39,John,Victor,Chatbot,OSUN,Wireless,Customers End,,273.03333333333336,Critical
AXA-20201214-2680-ICS,2020-12-14 14:10:39,2020-12-14 14:12:19,2020-12-14 18:45:04,Sherifat,Victor,Chatbot,KANO,Interconnection Services,Customers End,100.0,272.75,Critical
AXA-20201207-3068-WiFi8,2020-12-07 10:26:41,2020-12-07 10:33:51,2020-12-07 15:06:34,Jonathan,Kerry,Email,KANO,WiFI - 8,Not Specified,430.0,272.71666666666664,Critical
AXA-20201230-1194-HSE,,2020-12-30 20:04:36,2020-12-31 00:37:19,Goodluck,Kerry,Social Media,SOKOTO,High speed Internet,Routine Service,,272.71666666666664,Critical
AXA-20201230-1810-HSE,,2020-12-30 12:57:13,2020-12-30 17:29:52,Habeeb,Victor,Social Media,ANAMBRA,High speed Internet,Customers End,,272.65,Critical
AXA-20201217-4113-WiFi5,2020-12-17 13:57:29,2020-12-17 14:02:53,2020-12-17 18:35:32,Myers,Kerry,USSD,PLATEAU,WiFI - 5,Customers End,324.0,272.65,Critical
AXA-20201202-5746-WiFi6,2020-12-02 14:36:04,2020-12-02 14:45:14,2020-12-02 19:17:52,Mary,Wale,USSD,LAGOS,WiFI - 6,Routine Service,550.0,272.6333333333333,Critical
AXA-20201207-4665-MAC,2020-12-07 10:45:48,2020-12-07 10:54:09,2020-12-07 15:26:46,Fola,Wale,Phone Call,BORNO,Metro Area Connect,Customers End,501.0,272.6166666666667,Critical
AXA-20201231-1618-WLESS,,2020-12-31 04:58:27,2020-12-31 09:31:03,John,Victor,Social Media,NIGER,Wireless,Line damage,,272.6,Critical
AXA-20201211-3924-WiFi6,2020-12-11 14:34:57,2020-12-11 14:39:23,2020-12-11 19:11:59,Tunde,Victor,Email,KATSINA,WiFI - 6,Customers End,266.0,272.6,Critical
AXA-20201201-2733-CBS,2020-12-01 09:44:35,2020-12-01 09:48:21,2020-12-01 14:20:55,Jonathan,Kerry,Chatbot,DELTA,Cloud-based services,Customers End,226.0,272.56666666666666,Critical
AXA-20201221-4049-MAC,2020-12-21 15:23:02,2020-12-21 15:24:13,2020-12-21 19:56:43,Jonathan,Kerry,Email,KWARA,Metro Area Connect,Customers End,71.0,272.5,Critical
AXA-20201227-4869-WiFi7,2020-12-27 09:19:06,2020-12-27 09:26:45,2020-12-27 13:59:13,Myers,Kerry,USSD,GOMBE,WiFI - 7,Customers End,459.0,272.46666666666664,Critical
AXA-20201221-6032-WiFi10,2020-12-21 10:10:01,2020-12-21 10:17:33,2020-12-21 14:49:59,Sherifat,Victor,WebForm,KANO,WiFI - 10,hardware failure,452.0,272.43333333333334,Critical
AXA-20201231-1495-WLESS,,2020-12-31 10:35:33,2020-12-31 15:07:58,Tunde,Victor,Email,LAGOS,Wireless,hardware failure,,272.4166666666667,Critical
AXA-20201209-5586-WiFi5,2020-12-09 11:39:21,2020-12-09 11:41:05,2020-12-09 16:13:29,Bukky,Wale,Email,NASARAWA,WiFI - 5,Not Specified,104.0,272.4,Critical
AXA-20201230-1673-HSE,,2020-12-30 13:29:39,2020-12-30 18:02:00,Tunde,Victor,Social Media,FCT ABUJA,High speed Internet,Customers End,,272.35,Critical
AXA-20201225-2910-WLESS,2020-12-25 09:55:03,2020-12-25 10:04:28,2020-12-25 14:36:49,Bola,Victor,Phone Call,PLATEAU,Wireless,Power Loss,565.0,272.35,Critical
AXA-20201215-3403-MAC,2020-12-15 11:08:46,2020-12-15 11:14:59,2020-12-15 15:47:20,Habeeb,Victor,WebForm,KWARA,Metro Area Connect,Customers End,373.0,272.35,Critical
AXA-20201216-3331-HSE,2020-12-16 10:35:46,2020-12-16 10:45:08,2020-12-16 15:17:27,Atiku,Victor,WebForm,ANAMBRA,High speed Internet,Customers End,562.0,272.31666666666666,Critical
AXA-20201209-2809-WiFi11,2020-12-09 15:35:26,2020-12-09 15:43:35,2020-12-09 20:15:47,Habeeb,Victor,Phone Call,IMO,WiFI - 11,Line damage,489.0,272.2,Critical
AXA-20201219-4031-VOICE,2020-12-19 11:01:56,2020-12-19 11:05:19,2020-12-19 15:37:30,Sola,Wale,Chatbot,KEBBI,Voice,Customers End,203.0,272.18333333333334,Critical
AXA-20201214-2986-WiFi5,2020-12-14 11:07:09,2020-12-14 11:16:26,2020-12-14 15:48:36,Sekina,Victor,Email,EKITI,WiFI - 5,Customers End,557.0,272.1666666666667,Critical
AXA-20201219-3903-HSE,2020-12-19 11:55:12,2020-12-19 12:04:29,2020-12-19 16:36:32,Jonathan,Kerry,Phone Call,PLATEAU,High speed Internet,Line damage,557.0,272.05,Critical
AXA-20201212-4847-CBS,2020-12-12 08:01:08,2020-12-12 08:08:48,2020-12-12 12:40:35,Jennifer,Kerry,Phone Call,OYO,Cloud-based services,Customers End,460.0,271.78333333333336,Critical
AXA-20201219-3815-WLESS,2020-12-19 12:04:14,2020-12-19 12:14:37,2020-12-19 16:46:23,Boye,Wale,USSD,OGUN,Wireless,Line damage,623.0,271.76666666666665,Critical
AXA-20201207-4688-WLESS,2020-12-07 09:25:35,2020-12-07 09:25:45,2020-12-07 13:57:31,John,Victor,Social Media,ADAMAWA,Wireless,Customers End,10.0,271.76666666666665,Critical
AXA-20201223-3010-C100,2020-12-23 15:40:32,2020-12-23 15:41:44,2020-12-23 20:13:28,Habeeb,Victor,Chatbot,KOGI,Cloud100,Customers End,72.0,271.73333333333335,Critical
AXA-20201205-5841-ICS,2020-12-05 11:02:07,2020-12-05 11:04:31,2020-12-05 15:36:14,Sekina,Victor,Chatbot,EKITI,Interconnection Services,Customers End,144.0,271.71666666666664,Critical
AXA-20201231-1631-HSE,,2020-12-31 17:21:44,2020-12-31 21:53:27,Jennifer,Kerry,Social Media,AKWA IBOM,High speed Internet,Customers End,,271.71666666666664,Critical
AXA-20201226-3484-MCON,2020-12-26 09:03:30,2020-12-26 09:03:55,2020-12-26 13:35:34,Habeeb,Victor,WebForm,YOBE,M Connect,Customers End,25.0,271.65,Critical
AXA-20201212-5506-HSE,2020-12-12 14:18:07,2020-12-12 14:27:43,2020-12-12 18:59:16,Tunde,Victor,Phone Call,DELTA,High speed Internet,Customers End,576.0,271.55,Critical
AXA-20201222-3272-CBS,2020-12-22 11:50:29,2020-12-22 11:50:57,2020-12-22 16:22:29,Sola,Wale,USSD,YOBE,Cloud-based services,Customers End,28.0,271.53333333333336,Critical
AXA-20201208-4467-WLESS,2020-12-08 10:13:17,2020-12-08 10:21:32,2020-12-08 14:53:04,Atiku,Victor,Phone Call,IMO,Wireless,Not Specified,495.0,271.53333333333336,Critical
AXA-20201222-6122-HSE,2020-12-22 12:59:10,2020-12-22 13:00:17,2020-12-22 17:31:42,Sekina,Victor,Chatbot,BAYELSA,High speed Internet,Routine Service,67.0,271.4166666666667,Critical
AXA-20201227-3678-WiFi5,2020-12-27 08:50:19,2020-12-27 08:53:37,2020-12-27 13:24:59,Jennifer,Kerry,Chatbot,PLATEAU,WiFI - 5,Line damage,198.0,271.3666666666667,Critical
AXA-20201218-4616-C100,2020-12-18 12:29:08,2020-12-18 12:35:14,2020-12-18 17:06:35,Jennifer,Kerry,Phone Call,ZAMFARA,Cloud100,Customers End,366.0,271.35,Critical
AXA-20201220-5733-EVOICE,2020-12-20 09:21:35,2020-12-20 09:27:54,2020-12-20 13:59:15,Sekina,Victor,Chatbot,BORNO,EVoice,Intrusions,379.0,271.35,Critical
AXA-20201202-4518-VOICE,2020-12-02 15:38:25,2020-12-02 15:38:33,2020-12-02 20:09:53,Sherifat,Victor,Chatbot,FCT ABUJA,Voice,Line damage,8.0,271.3333333333333,Critical
AXA-20201227-5999-ICS,2020-12-27 15:52:38,2020-12-27 15:55:50,2020-12-27 20:27:09,Bola,Victor,Phone Call,GOMBE,Interconnection Services,Customers End,192.0,271.31666666666666,Critical
AXA-20201210-3483-WiFi9,2020-12-10 11:10:48,2020-12-10 11:11:34,2020-12-10 15:42:50,Paul,Seun,WebForm,BORNO,WiFI - 9,Line damage,46.0,271.26666666666665,Critical
AXA-20201205-2637-MAC,2020-12-05 12:58:54,2020-12-05 13:02:18,2020-12-05 17:33:33,Tunde,Victor,Social Media,NIGER,Metro Area Connect,Customers End,204.0,271.25,Critical
AXA-20201219-4310-WiFi7,2020-12-19 11:37:55,2020-12-19 11:46:38,2020-12-19 16:17:52,Tunde,Victor,Phone Call,OGUN,WiFI - 7,Customers End,523.0,271.23333333333335,Critical
AXA-20201204-6035-VOICE,2020-12-04 14:28:29,2020-12-04 14:36:44,2020-12-04 19:07:56,John,Victor,Email,NASARAWA,Voice,Customers End,495.0,271.2,Critical
AXA-20201213-4164-WiFi9,2020-12-13 09:42:41,2020-12-13 09:52:01,2020-12-13 14:23:10,Kingsley,Kerry,WebForm,DELTA,WiFI - 9,Customers End,560.0,271.15,Critical
AXA-20201230-1866-HSE,,2020-12-30 17:16:27,2020-12-30 21:47:35,John,Victor,Social Media,KWARA,High speed Internet,Customers End,,271.1333333333333,Critical
AXA-20201212-4156-HSE,2020-12-12 10:39:38,2020-12-12 10:45:04,2020-12-12 15:16:11,Kingsley,Kerry,Social Media,LAGOS,High speed Internet,Routine Service,326.0,271.1166666666667,Critical
AXA-20201210-3100-WiFi6,2020-12-10 14:52:18,2020-12-10 14:56:44,2020-12-10 19:27:51,Sola,Wale,Social Media,KWARA,WiFI - 6,Customers End,266.0,271.1166666666667,Critical
AXA-20201227-2530-WiFi7,2020-12-27 14:22:22,2020-12-27 14:27:09,2020-12-27 18:58:14,Sherifat,Victor,Social Media,BORNO,WiFI - 7,Line damage,287.0,271.0833333333333,Critical
AXA-20201203-2290-WiFi11,2020-12-03 09:58:50,2020-12-03 10:03:07,2020-12-03 14:34:10,Sherifat,Victor,Chatbot,KANO,WiFI - 11,Line damage,257.0,271.05,Critical
AXA-20201226-4055-ICS,2020-12-26 09:25:52,2020-12-26 09:29:27,2020-12-26 14:00:29,Sekina,Victor,Email,BORNO,Interconnection Services,Not Specified,215.0,271.03333333333336,Critical
AXA-20201230-1770-WLESS,,2020-12-30 19:00:10,2020-12-30 23:31:12,Habeeb,Victor,Social Media,KOGI,Wireless,Customers End,,271.03333333333336,Critical
AXA-20201212-3812-WLESS,2020-12-12 10:58:09,2020-12-12 10:58:51,2020-12-12 15:29:39,Atiku,Victor,WebForm,ANAMBRA,Wireless,Routine Service,42.0,270.8,Critical
AXA-20201204-5212-MCON,2020-12-04 13:40:37,2020-12-04 13:42:01,2020-12-04 18:12:48,Bola,Victor,Chatbot,KADUNA,M Connect,Customers End,84.0,270.78333333333336,Critical
AXA-20201218-2659-WiFi6,2020-12-18 13:13:44,2020-12-18 13:19:09,2020-12-18 17:49:53,Goodluck,Kerry,WebForm,EKITI,WiFI - 6,Not Specified,325.0,270.73333333333335,Critical
AXA-20201231-1287-HSE,,2020-12-31 17:14:06,2020-12-31 21:44:41,Sekina,Victor,Social Media,EKITI,High speed Internet,Not Specified,,270.5833333333333,Critical
AXA-20201203-3369-WiFi7,2020-12-03 09:30:14,2020-12-03 09:31:25,2020-12-03 14:01:59,Bola,Victor,Social Media,KOGI,WiFI - 7,Customers End,71.0,270.56666666666666,Critical
AXA-20201229-1405-CBS,,2020-12-29 18:54:16,2020-12-29 23:24:48,Paul,Seun,Social Media,OYO,Cloud-based services,Line damage,,270.53333333333336,Critical
AXA-20201225-3849-WLESS,2020-12-25 08:30:25,2020-12-25 08:39:54,2020-12-25 13:10:25,Ore,Seun,Chatbot,LAGOS,Wireless,Routine Service,569.0,270.51666666666665,Critical
AXA-20201228-3673-ICS,2020-12-28 15:00:51,2020-12-28 15:11:10,2020-12-28 19:41:39,John,Victor,Social Media,KOGI,Interconnection Services,Power Loss,619.0,270.48333333333335,Critical
AXA-20201211-4123-HSE,2020-12-11 14:17:05,2020-12-11 14:27:13,2020-12-11 18:57:42,Fola,Wale,Phone Call,FCT ABUJA,High speed Internet,Customers End,608.0,270.48333333333335,Critical
AXA-20201213-2200-WiFi3,2020-12-13 14:53:37,2020-12-13 14:55:43,2020-12-13 19:26:10,Kingsley,Kerry,Phone Call,BENUE,WiFI - 3,Customers End,126.0,270.45,Critical
AXA-20201210-4874-MAC,2020-12-10 11:29:38,2020-12-10 11:34:23,2020-12-10 16:04:49,John,Victor,USSD,KWARA,Metro Area Connect,Customers End,285.0,270.43333333333334,Critical
AXA-20201218-2782-WiFi5,2020-12-18 10:30:31,2020-12-18 10:41:06,2020-12-18 15:11:28,Segun,Seun,WebForm,GOMBE,WiFI - 5,Customers End,635.0,270.3666666666667,Critical
AXA-20201208-4821-WiFi5,2020-12-08 09:08:40,2020-12-08 09:18:49,2020-12-08 13:49:11,Amelia,Kerry,Social Media,ANAMBRA,WiFI - 5,Customers End,609.0,270.3666666666667,Critical
AXA-20201230-1487-HSE,,2020-12-30 01:15:19,2020-12-30 05:45:38,Paul,Seun,Social Media,BORNO,High speed Internet,Customers End,,270.31666666666666,Critical
AXA-20201215-5924-WiFi4,2020-12-15 11:49:04,2020-12-15 11:49:11,2020-12-15 16:19:20,Sherifat,Victor,Chatbot,FCT ABUJA,WiFI - 4,Line damage,7.0,270.15,Critical
AXA-20201211-4721-WLESS,2020-12-11 10:06:48,2020-12-11 10:09:53,2020-12-11 14:39:41,Popoola,Seun,WebForm,RIVERS,Wireless,Customers End,185.0,269.8,Critical
AXA-20201229-1636-HSE,,2020-12-29 13:11:59,2020-12-29 17:41:42,Jonathan,Kerry,USSD,FCT ABUJA,High speed Internet,Support network failures,,269.71666666666664,Critical
AXA-20201218-4374-ICS,2020-12-18 13:09:41,2020-12-18 13:10:13,2020-12-18 17:39:55,Kingsley,Kerry,Social Media,FCT ABUJA,Interconnection Services,Customers End,32.0,269.7,Critical
AXA-20201223-3859-C95,2020-12-23 14:36:30,2020-12-23 14:38:00,2020-12-23 19:07:34,John,Victor,Email,GOMBE,Cloud95,hardware failure,90.0,269.56666666666666,Critical
AXA-20201228-3868-HSE,2020-12-28 11:51:33,2020-12-28 11:54:44,2020-12-28 16:24:16,John,Victor,Chatbot,IMO,High speed Internet,Not Specified,191.0,269.53333333333336,Critical
AXA-20201231-1587-WLESS,,2020-12-31 16:26:44,2020-12-31 20:56:13,Ore,Seun,Social Media,IMO,Wireless,Not Specified,,269.48333333333335,Critical
AXA-20201206-5419-WiFi8,2020-12-06 11:13:16,2020-12-06 11:15:58,2020-12-06 15:45:23,Brenda,Kerry,WebForm,ANAMBRA,WiFI - 8,Customers End,162.0,269.4166666666667,Critical
AXA-20201211-3035-WLESS,2020-12-11 11:53:32,2020-12-11 11:55:52,2020-12-11 16:25:16,Kola,Wale,WebForm,OYO,Wireless,Line damage,140.0,269.4,Critical
AXA-20201225-2802-WiFi6,2020-12-25 14:57:55,2020-12-25 15:08:35,2020-12-25 19:37:56,Amelia,Kerry,Chatbot,BENUE,WiFI - 6,Line damage,640.0,269.35,Critical
AXA-20201216-6057-WiFi7,2020-12-16 09:25:17,2020-12-16 09:33:48,2020-12-16 14:03:07,Sherifat,Victor,WebForm,BENUE,WiFI - 7,Customers End,511.0,269.31666666666666,Critical
AXA-20201231-1659-HSE,,2020-12-31 13:43:47,2020-12-31 18:13:05,Fola,Wale,Social Media,GOMBE,High speed Internet,Customers End,,269.3,Critical
AXA-20201209-3654-HSE,2020-12-09 12:07:09,2020-12-09 12:14:40,2020-12-09 16:43:55,Jonathan,Kerry,Chatbot,GOMBE,High speed Internet,Customers End,451.0,269.25,Critical
AXA-20201212-2273-WiFi9,2020-12-12 13:08:43,2020-12-12 13:17:12,2020-12-12 17:46:21,Tunde,Victor,Social Media,LAGOS,WiFI - 9,Line damage,509.0,269.15,Critical
AXA-20201231-1483-HSE,,2020-12-31 13:24:23,2020-12-31 17:53:30,Habeeb,Victor,Social Media,BORNO,High speed Internet,Customers End,,269.1166666666667,Critical
AXA-20201229-1581-WLESS,,2020-12-29 16:15:11,2020-12-29 20:43:59,Habeeb,Victor,Social Media,EBONYI,Wireless,Customers End,,268.8,Critical
AXA-20201217-4559-EVOICE,2020-12-17 13:34:48,2020-12-17 13:35:01,2020-12-17 18:03:42,Jennifer,Kerry,Email,LAGOS,EVoice,Customers End,13.0,268.68333333333334,Critical
AXA-20201216-4285-ICS,2020-12-16 08:09:09,2020-12-16 08:12:48,2020-12-16 12:41:25,Kachi,Seun,WebForm,DELTA,Interconnection Services,Customers End,219.0,268.6166666666667,Critical
AXA-20201216-5100-WiFi10,2020-12-16 15:36:49,2020-12-16 15:46:37,2020-12-16 20:15:08,John,Victor,Phone Call,ADAMAWA,WiFI - 10,Customers End,588.0,268.51666666666665,Critical
AXA-20201230-1425-HSE,,2020-12-30 21:00:10,2020-12-31 01:28:37,Sherifat,Victor,Social Media,KANO,High speed Internet,Customers End,,268.45,Critical
AXA-20201219-3178-WiFi3,2020-12-19 08:07:37,2020-12-19 08:13:05,2020-12-19 12:41:31,Tunde,Victor,Social Media,KANO,WiFI - 3,Line damage,328.0,268.43333333333334,Critical
AXA-20201230-1544-HSE,,2020-12-30 15:41:26,2020-12-30 20:09:51,John,Victor,Social Media,EKITI,High speed Internet,Line damage,,268.4166666666667,Critical
AXA-20201206-2086-WLESS,2020-12-06 15:57:09,2020-12-06 16:02:35,2020-12-06 20:31:00,Myers,Kerry,Chatbot,LAGOS,Wireless,Customers End,326.0,268.4166666666667,Critical
AXA-20201227-5153-WLESS,2020-12-27 14:01:41,2020-12-27 14:03:20,2020-12-27 18:31:44,Habeeb,Victor,Chatbot,GOMBE,Wireless,Customers End,99.0,268.4,Critical
AXA-20201221-5209-C95,2020-12-21 11:34:19,2020-12-21 11:43:47,2020-12-21 16:12:10,Amelia,Kerry,Social Media,EBONYI,Cloud95,Customers End,568.0,268.3833333333333,Critical
AXA-20201214-2901-VOICE,2020-12-14 13:39:13,2020-12-14 13:46:28,2020-12-14 18:14:49,Sekina,Victor,WebForm,YOBE,Voice,Customers End,435.0,268.35,Critical
AXA-20201209-4945-WiFi3,2020-12-09 10:23:52,2020-12-09 10:31:32,2020-12-09 14:59:52,Goodluck,Kerry,USSD,YOBE,WiFI - 3,Routine Service,460.0,268.3333333333333,Critical
AXA-20201223-2175-WiFi5,2020-12-23 12:21:59,2020-12-23 12:28:26,2020-12-23 16:56:45,Kingsley,Kerry,Chatbot,FCT ABUJA,WiFI - 5,hardware failure,387.0,268.31666666666666,Critical
AXA-20201207-2076-WiFi4,2020-12-07 14:32:11,2020-12-07 14:33:42,2020-12-07 19:02:00,Sherifat,Victor,Phone Call,EDO,WiFI - 4,Customers End,91.0,268.3,Critical
AXA-20201230-1771-WLESS,,2020-12-30 17:39:13,2020-12-30 22:07:31,Amelia,Kerry,Social Media,KOGI,Wireless,Customers End,,268.3,Critical
AXA-20201210-4526-WiFi7,2020-12-10 12:45:10,2020-12-10 12:53:25,2020-12-10 17:21:40,Tunde,Victor,Social Media,KANO,WiFI - 7,Customers End,495.0,268.25,Critical
AXA-20201221-6051-WiFi4,2020-12-21 10:10:10,2020-12-21 10:13:40,2020-12-21 14:41:54,Sekina,Victor,Phone Call,EDO,WiFI - 4,Routine Service,210.0,268.23333333333335,Critical
AXA-20201217-2783-WiFi8,2020-12-17 12:44:32,2020-12-17 12:54:17,2020-12-17 17:22:25,John,Victor,Phone Call,RIVERS,WiFI - 8,Line damage,585.0,268.1333333333333,Critical
AXA-20201207-3507-VOICE,2020-12-07 11:08:46,2020-12-07 11:19:16,2020-12-07 15:47:24,Bukky,Wale,USSD,OSUN,Voice,Customers End,630.0,268.1333333333333,Critical
AXA-20201225-4176-WiFi4,2020-12-25 12:59:29,2020-12-25 13:09:07,2020-12-25 17:37:12,Brenda,Kerry,WebForm,GOMBE,WiFI - 4,Line damage,578.0,268.0833333333333,Critical
AXA-20201216-2148-WiFi3,2020-12-16 13:14:24,2020-12-16 13:17:06,2020-12-16 17:45:11,Myers,Kerry,Email,PLATEAU,WiFI - 3,Customers End,162.0,268.0833333333333,Critical
AXA-20201230-1144-WLESS,,2020-12-30 16:37:26,2020-12-30 21:05:30,Atiku,Victor,Phone Call,ONDO,Wireless,Line damage,,268.06666666666666,Critical
AXA-20201219-3021-MAC,2020-12-19 13:03:40,2020-12-19 13:10:25,2020-12-19 17:38:13,Kola,Wale,USSD,KEBBI,Metro Area Connect,Line damage,405.0,267.8,Critical
AXA-20201204-4675-WLESS,2020-12-04 13:02:25,2020-12-04 13:11:58,2020-12-04 17:39:45,Sherifat,Victor,Email,GOMBE,Wireless,Customers End,573.0,267.78333333333336,Critical
AXA-20201205-4697-WLESS,2020-12-05 13:35:32,2020-12-05 13:42:46,2020-12-05 18:10:31,Sheg,Seun,Social Media,LAGOS,Wireless,Customers End,434.0,267.75,Critical
AXA-20201223-4881-WLESS,2020-12-23 14:12:56,2020-12-23 14:19:33,2020-12-23 18:47:17,Sherifat,Victor,USSD,DELTA,Wireless,Customers End,397.0,267.73333333333335,Critical
AXA-20201229-1423-HSE,,2020-12-29 17:48:33,2020-12-29 22:16:17,Popoola,Seun,Social Media,RIVERS,High speed Internet,Support network failures,,267.73333333333335,Critical
AXA-20201231-1356-WLESS,,2020-12-31 14:56:53,2020-12-31 19:24:36,Habeeb,Victor,Social Media,KEBBI,Wireless,Not Specified,,267.71666666666664,Critical
AXA-20201204-2881-WiFi8,2020-12-04 09:09:48,2020-12-04 09:14:22,2020-12-04 13:42:03,Tunde,Victor,Social Media,OYO,WiFI - 8,Customers End,274.0,267.68333333333334,Critical
AXA-20201229-1397-CBS,,2020-12-29 14:24:03,2020-12-29 18:51:40,Myers,Kerry,USSD,CROSS RIVER,Cloud-based services,hardware failure,,267.6166666666667,Critical
AXA-20201222-5434-WiFi10,2020-12-22 12:18:20,2020-12-22 12:18:57,2020-12-22 16:46:31,Segun,Seun,Phone Call,OYO,WiFI - 10,Line damage,37.0,267.56666666666666,Critical
AXA-20201219-4456-HSE,2020-12-19 14:48:47,2020-12-19 14:49:09,2020-12-19 19:16:33,Mary,Wale,Social Media,LAGOS,High speed Internet,hardware failure,22.0,267.4,Critical
AXA-20201202-5678-MCON,2020-12-02 14:20:36,2020-12-02 14:29:11,2020-12-02 18:56:32,Segun,Seun,Phone Call,BAUCHI,M Connect,Customers End,515.0,267.35,Critical
AXA-20201221-3063-MCON,2020-12-21 09:18:29,2020-12-21 09:23:09,2020-12-21 13:50:26,Atiku,Victor,WebForm,OGUN,M Connect,Customers End,280.0,267.28333333333336,Critical
AXA-20201227-4865-WiFi8,2020-12-27 14:39:52,2020-12-27 14:49:34,2020-12-27 19:16:50,Jennifer,Kerry,Email,DELTA,WiFI - 8,Line damage,582.0,267.26666666666665,Critical
AXA-20201211-2122-VOICE,2020-12-11 08:54:39,2020-12-11 09:04:57,2020-12-11 13:32:11,Kola,Wale,Chatbot,RIVERS,Voice,Not Specified,618.0,267.23333333333335,Critical
AXA-20201211-4296-WLESS,2020-12-11 11:51:21,2020-12-11 11:57:34,2020-12-11 16:24:45,Kachi,Seun,USSD,NIGER,Wireless,Not Specified,373.0,267.18333333333334,Critical
AXA-20201230-1650-HSE,,2020-12-30 19:49:29,2020-12-31 00:16:39,Jennifer,Kerry,Social Media,LAGOS,High speed Internet,Customers End,,267.1666666666667,Critical
AXA-20201228-4162-MCON,2020-12-28 15:07:33,2020-12-28 15:12:21,2020-12-28 19:39:25,Tunde,Victor,Email,KWARA,M Connect,Traffic Spikes,288.0,267.06666666666666,Critical
AXA-20201221-5552-WLESS,2020-12-21 14:31:25,2020-12-21 14:32:49,2020-12-21 18:59:52,Jonathan,Kerry,WebForm,OYO,Wireless,Line damage,84.0,267.05,Critical
AXA-20201215-4464-VOICE,2020-12-15 10:09:10,2020-12-15 10:09:15,2020-12-15 14:36:00,Sekina,Victor,Email,BORNO,Voice,Customers End,5.0,266.75,Critical
AXA-20201229-1388-CBS,,2020-12-29 13:18:15,2020-12-29 17:45:00,Kingsley,Kerry,USSD,KADUNA,Cloud-based services,Customers End,,266.75,Critical
AXA-20201217-5575-WiFi11,2020-12-17 14:04:49,2020-12-17 14:13:27,2020-12-17 18:40:11,Tunde,Victor,USSD,GOMBE,WiFI - 11,Line damage,518.0,266.73333333333335,Critical
AXA-20201207-3317-WiFi4,2020-12-07 14:54:29,2020-12-07 14:59:36,2020-12-07 19:26:17,Sherifat,Victor,USSD,LAGOS,WiFI - 4,Customers End,307.0,266.68333333333334,Critical
AXA-20201226-4589-WiFi7,2020-12-26 09:34:06,2020-12-26 09:34:13,2020-12-26 14:00:54,Habeeb,Victor,WebForm,DELTA,WiFI - 7,Customers End,7.0,266.68333333333334,Critical
AXA-20201229-1160-HSE,,2020-12-29 15:49:59,2020-12-29 20:16:40,Sekina,Victor,Social Media,BORNO,High speed Internet,hardware failure,,266.68333333333334,Critical
AXA-20201227-4976-WLESS,2020-12-27 08:19:30,2020-12-27 08:28:03,2020-12-27 12:54:43,Amelia,Kerry,Chatbot,IMO,Wireless,Line damage,513.0,266.6666666666667,Critical
AXA-20201214-3414-WiFi5,2020-12-14 13:13:49,2020-12-14 13:20:10,2020-12-14 17:46:48,Kingsley,Kerry,WebForm,RIVERS,WiFI - 5,Customers End,381.0,266.6333333333333,Critical
AXA-20201226-4041-WiFi4,2020-12-26 10:18:05,2020-12-26 10:24:21,2020-12-26 14:50:58,Paul,Seun,Phone Call,LAGOS,WiFI - 4,Customers End,376.0,266.6166666666667,Critical
AXA-20201212-5320-ICS,2020-12-12 11:33:48,2020-12-12 11:40:14,2020-12-12 16:06:49,Tunde,Victor,Social Media,EKITI,Interconnection Services,Customers End,386.0,266.5833333333333,Critical
AXA-20201204-5585-WiFi11,2020-12-04 12:49:28,2020-12-04 12:49:39,2020-12-04 17:16:10,Jennifer,Kerry,WebForm,ZAMFARA,WiFI - 11,Customers End,11.0,266.51666666666665,Critical
AXA-20201230-1703-WLESS,,2020-12-30 16:53:25,2020-12-30 21:19:55,Tunde,Victor,Social Media,ONDO,Wireless,Customers End,,266.5,Critical
AXA-20201220-2995-C100,2020-12-20 13:37:37,2020-12-20 13:42:48,2020-12-20 18:09:18,Sherifat,Victor,USSD,DELTA,Cloud100,Customers End,311.0,266.5,Critical
AXA-20201201-4627-HSE,2020-12-01 14:01:25,2020-12-01 14:09:50,2020-12-01 18:36:18,Sherifat,Victor,Chatbot,ONDO,High speed Internet,Not Specified,505.0,266.46666666666664,Critical
AXA-20201203-5239-HSE,2020-12-03 13:24:04,2020-12-03 13:30:44,2020-12-03 17:57:08,Myers,Kerry,USSD,DELTA,High speed Internet,Not Specified,400.0,266.4,Critical
AXA-20201206-4845-WiFi3,2020-12-06 09:02:51,2020-12-06 09:11:19,2020-12-06 13:37:41,Sherifat,Victor,Email,KANO,WiFI - 3,Not Specified,508.0,266.3666666666667,Critical
AXA-20201231-1180-HSE,,2020-12-31 14:36:09,2020-12-31 19:02:31,Mary,Wale,Social Media,KADUNA,High speed Internet,Customers End,,266.3666666666667,Critical
AXA-20201219-3007-MCON,2020-12-19 14:15:26,2020-12-19 14:21:07,2020-12-19 18:47:27,Ore,Seun,Chatbot,IMO,M Connect,Customers End,341.0,266.3333333333333,Critical
AXA-20201201-4263-HSE,2020-12-01 13:26:53,2020-12-01 13:34:05,2020-12-01 18:00:17,Sola,Wale,Phone Call,SOKOTO,High speed Internet,Customers End,432.0,266.2,Critical
AXA-20201211-5528-WiFi11,2020-12-11 15:21:33,2020-12-11 15:28:00,2020-12-11 19:54:12,Kingsley,Kerry,WebForm,YOBE,WiFI - 11,Customers End,387.0,266.2,Critical
AXA-20201213-5232-WiFi3,2020-12-13 10:40:03,2020-12-13 10:45:23,2020-12-13 15:11:33,Brenda,Kerry,Phone Call,RIVERS,WiFI - 3,Customers End,320.0,266.1666666666667,Critical
AXA-20201230-1379-WLESS,,2020-12-30 18:15:30,2020-12-30 22:41:39,Habeeb,Victor,Phone Call,IMO,Wireless,Customers End,,266.15,Critical
AXA-20201215-4484-WLESS,2020-12-15 09:12:45,2020-12-15 09:15:21,2020-12-15 13:41:26,John,Victor,Email,BORNO,Wireless,Line damage,156.0,266.0833333333333,Critical
AXA-20201230-1667-HSE,,2020-12-30 07:25:28,2020-12-30 11:51:31,Tunde,Victor,Social Media,BORNO,High speed Internet,Customers End,,266.05,Critical
AXA-20201225-4994-WLESS,2020-12-25 12:41:27,2020-12-25 12:45:35,2020-12-25 17:11:38,Sherifat,Victor,Email,SOKOTO,Wireless,Customers End,248.0,266.05,Critical
AXA-20201223-5257-HSE,2020-12-23 09:24:25,2020-12-23 09:33:44,2020-12-23 13:59:32,Tunde,Victor,USSD,ONDO,High speed Internet,Customers End,559.0,265.8,Critical
AXA-20201223-3491-MAC,2020-12-23 11:38:29,2020-12-23 11:43:12,2020-12-23 16:09:00,Tunde,Victor,Phone Call,BENUE,Metro Area Connect,Not Specified,283.0,265.8,Critical
AXA-20201221-3431-WLESS,2020-12-21 14:40:54,2020-12-21 14:45:00,2020-12-21 19:10:47,Habeeb,Victor,Chatbot,DELTA,Wireless,Line damage,246.0,265.78333333333336,Critical
AXA-20201201-3969-C95,2020-12-01 10:40:27,2020-12-01 10:42:34,2020-12-01 15:08:21,Sheg,Seun,Chatbot,BORNO,Cloud95,Customers End,127.0,265.78333333333336,Critical
AXA-20201230-1772-WLESS,,2020-12-30 17:26:47,2020-12-30 21:52:28,Brenda,Kerry,Social Media,KOGI,Wireless,Customers End,,265.68333333333334,Critical
AXA-20201221-3564-WLESS,2020-12-21 15:54:27,2020-12-21 15:57:04,2020-12-21 20:22:44,Bola,Victor,Email,SOKOTO,Wireless,Not Specified,157.0,265.6666666666667,Critical
AXA-20201227-5955-MAC,2020-12-27 09:00:39,2020-12-27 09:08:44,2020-12-27 13:34:21,Sekina,Victor,Email,ANAMBRA,Metro Area Connect,Customers End,485.0,265.6166666666667,Critical
AXA-20201202-3538-WiFi7,2020-12-02 11:17:47,2020-12-02 11:22:28,2020-12-02 15:48:04,Sekina,Victor,Chatbot,CROSS RIVER,WiFI - 7,Line damage,281.0,265.6,Critical
AXA-20201230-1266-HSE,,2020-12-30 20:05:50,2020-12-31 00:31:26,Jennifer,Kerry,Social Media,BORNO,High speed Internet,Customers End,,265.6,Critical
AXA-20201226-2457-WiFi5,2020-12-26 15:09:39,2020-12-26 15:16:04,2020-12-26 19:41:35,Jonathan,Kerry,Phone Call,KANO,WiFI - 5,Customers End,385.0,265.51666666666665,Critical
AXA-20201218-4105-WLESS,2020-12-18 13:02:34,2020-12-18 13:03:02,2020-12-18 17:28:32,Tunde,Victor,Email,GOMBE,Wireless,Not Specified,28.0,265.5,Critical
AXA-20201201-2769-MAC,2020-12-01 13:05:19,2020-12-01 13:15:03,2020-12-01 17:40:29,Goodluck,Kerry,Phone Call,BAYELSA,Metro Area Connect,Customers End,584.0,265.43333333333334,Critical
AXA-20201202-4600-MAC,2020-12-02 14:59:45,2020-12-02 15:00:04,2020-12-02 19:25:26,Atiku,Victor,Phone Call,AKWA IBOM,Metro Area Connect,Customers End,19.0,265.3666666666667,Critical
AXA-20201203-4301-WiFi3,2020-12-03 14:07:25,2020-12-03 14:17:30,2020-12-03 18:42:51,Kingsley,Kerry,Phone Call,NIGER,WiFI - 3,hardware failure,605.0,265.35,Critical
AXA-20201231-1696-HSE,,2020-12-31 03:37:36,2020-12-31 08:02:56,Kingsley,Kerry,Social Media,NIGER,High speed Internet,Line damage,,265.3333333333333,Critical
AXA-20201223-6081-WiFi7,2020-12-23 11:12:31,2020-12-23 11:23:17,2020-12-23 15:48:32,Goodluck,Kerry,Social Media,EKITI,WiFI - 7,Customers End,646.0,265.25,Critical
AXA-20201203-2593-ICS,2020-12-03 14:28:47,2020-12-03 14:28:59,2020-12-03 18:54:12,Brenda,Kerry,Email,AKWA IBOM,Interconnection Services,Customers End,12.0,265.21666666666664,Critical
AXA-20201221-2850-ICS,2020-12-21 13:50:48,2020-12-21 13:51:30,2020-12-21 18:16:40,Amelia,Kerry,Phone Call,BORNO,Interconnection Services,Customers End,42.0,265.1666666666667,Critical
AXA-20201205-4640-WLESS,2020-12-05 15:56:57,2020-12-05 15:58:24,2020-12-05 20:23:33,Amelia,Kerry,Phone Call,ANAMBRA,Wireless,Router Failure,87.0,265.15,Critical
AXA-20201202-2956-WLESS,2020-12-02 13:07:40,2020-12-02 13:16:17,2020-12-02 17:41:22,Bola,Victor,Chatbot,GOMBE,Wireless,Routine Service,517.0,265.0833333333333,Critical
AXA-20201201-2807-WLESS,2020-12-01 14:43:24,2020-12-01 14:48:07,2020-12-01 19:13:11,Kola,Wale,USSD,ANAMBRA,Wireless,Customers End,283.0,265.06666666666666,Critical
AXA-20201217-5582-WiFi6,2020-12-17 10:36:50,2020-12-17 10:39:03,2020-12-17 15:04:07,Sherifat,Victor,Social Media,ABIA,WiFI - 6,Customers End,133.0,265.06666666666666,Critical
AXA-20201231-1354-WLESS,,2020-12-31 09:57:39,2020-12-31 14:22:42,Sherifat,Victor,Social Media,PLATEAU,Wireless,Support network failures,,265.05,Critical
AXA-20201230-1907-WLESS,,2020-12-30 20:41:28,2020-12-31 01:06:12,Jennifer,Kerry,Social Media,BENUE,Wireless,Customers End,,264.73333333333335,Critical
AXA-20201218-6027-WiFi9,2020-12-18 14:31:04,2020-12-18 14:35:12,2020-12-18 18:59:43,John,Victor,USSD,ENUGU,WiFI - 9,Customers End,248.0,264.51666666666665,Critical
AXA-20201227-4523-WLESS,2020-12-27 15:35:24,2020-12-27 15:36:11,2020-12-27 20:00:41,Amelia,Kerry,WebForm,NASARAWA,Wireless,Line damage,47.0,264.5,Critical
AXA-20201210-3761-C95,2020-12-10 08:11:48,2020-12-10 08:13:00,2020-12-10 12:37:30,Vitus,Seun,Chatbot,ZAMFARA,Cloud95,Line damage,72.0,264.5,Critical
AXA-20201229-1905-WLESS,,2020-12-29 12:16:03,2020-12-29 16:40:32,Goodluck,Kerry,USSD,KWARA,Wireless,Customers End,,264.48333333333335,Critical
AXA-20201229-1270-HSE,,2020-12-29 20:57:36,2020-12-30 01:22:02,Popoola,Seun,Social Media,EDO,High speed Internet,Customers End,,264.43333333333334,Critical
AXA-20201225-3997-EVOICE,2020-12-25 10:28:53,2020-12-25 10:29:22,2020-12-25 14:53:46,Habeeb,Victor,WebForm,YOBE,EVoice,Not Specified,29.0,264.4,Critical
AXA-20201227-3156-C95,2020-12-27 12:16:46,2020-12-27 12:25:20,2020-12-27 16:49:41,Sheg,Seun,USSD,KOGI,Cloud95,Customers End,514.0,264.35,Critical
AXA-20201215-2524-CBS,2020-12-15 13:11:29,2020-12-15 13:15:47,2020-12-15 17:40:07,Habeeb,Victor,Email,ENUGU,Cloud-based services,Routine Service,258.0,264.3333333333333,Critical
AXA-20201231-1416-HSE,,2020-12-31 17:53:42,2020-12-31 22:17:58,Bukky,Wale,Social Media,YOBE,High speed Internet,Customers End,,264.26666666666665,Critical
AXA-20201212-2400-HSE,2020-12-12 15:57:53,2020-12-12 16:00:16,2020-12-12 20:24:32,Brenda,Kerry,USSD,IMO,High speed Internet,Customers End,143.0,264.26666666666665,Critical
AXA-20201206-6118-WiFi6,2020-12-06 09:27:50,2020-12-06 09:30:16,2020-12-06 13:54:30,Bola,Victor,Email,DELTA,WiFI - 6,Customers End,146.0,264.23333333333335,Critical
AXA-20201214-4779-WLESS,2020-12-14 13:24:37,2020-12-14 13:29:20,2020-12-14 17:53:33,Bola,Victor,USSD,NASARAWA,Wireless,Routine Service,283.0,264.21666666666664,Critical
AXA-20201205-5895-VOICE,2020-12-05 14:43:05,2020-12-05 14:52:49,2020-12-05 19:16:59,Habeeb,Victor,USSD,ABIA,Voice,Customers End,584.0,264.1666666666667,Critical
AXA-20201225-2942-WiFi3,2020-12-25 14:38:16,2020-12-25 14:39:27,2020-12-25 19:03:36,Segun,Seun,Phone Call,LAGOS,WiFI - 3,Line damage,71.0,264.15,Critical
AXA-20201208-2971-WLESS,2020-12-08 12:15:32,2020-12-08 12:26:00,2020-12-08 16:50:08,Paul,Seun,WebForm,RIVERS,Wireless,Routine Service,628.0,264.1333333333333,Critical
AXA-20201222-5120-WiFi10,2020-12-22 09:40:44,2020-12-22 09:46:18,2020-12-22 14:10:24,Kingsley,Kerry,WebForm,LAGOS,WiFI - 10,Routine Service,334.0,264.1,Critical
AXA-20201223-4653-WiFi4,2020-12-23 15:20:56,2020-12-23 15:29:26,2020-12-23 19:53:32,Myers,Kerry,Social Media,KANO,WiFI - 4,Not Specified,510.0,264.1,Critical
AXA-20201215-2823-CBS,2020-12-15 13:52:35,2020-12-15 13:56:03,2020-12-15 18:20:07,Tunde,Victor,Social Media,DELTA,Cloud-based services,Customers End,208.0,264.06666666666666,Critical
AXA-20201207-6030-HSE,2020-12-07 12:21:02,2020-12-07 12:24:45,2020-12-07 16:48:49,John,Victor,Social Media,RIVERS,High speed Internet,Customers End,223.0,264.06666666666666,Critical
AXA-20201204-3455-C100,2020-12-04 09:08:32,2020-12-04 09:17:51,2020-12-04 13:41:37,Bola,Victor,USSD,KANO,Cloud100,Customers End,559.0,263.76666666666665,Critical
AXA-20201225-4975-WiFi3,2020-12-25 09:52:50,2020-12-25 10:02:05,2020-12-25 14:25:49,Jennifer,Kerry,Phone Call,FCT ABUJA,WiFI - 3,Not Specified,555.0,263.73333333333335,Critical
AXA-20201230-1564-WLESS,,2020-12-30 17:43:27,2020-12-30 22:07:08,Kachi,Seun,Social Media,IMO,Wireless,Routine Service,,263.68333333333334,Critical
AXA-20201213-4160-VOICE,2020-12-13 09:24:08,2020-12-13 09:27:16,2020-12-13 13:50:54,Mary,Wale,Chatbot,OSUN,Voice,Customers End,188.0,263.6333333333333,Critical
AXA-20201205-4820-WiFi11,2020-12-05 12:08:24,2020-12-05 12:08:34,2020-12-05 16:32:10,Fola,Wale,Email,RIVERS,WiFI - 11,Customers End,10.0,263.6,Critical
AXA-20201225-2314-WiFi5,2020-12-25 13:07:52,2020-12-25 13:12:15,2020-12-25 17:35:51,Tunde,Victor,USSD,DELTA,WiFI - 5,Customers End,263.0,263.6,Critical
AXA-20201230-1112-HSE,,2020-12-30 09:28:43,2020-12-30 13:52:19,John,Victor,Social Media,LAGOS,High speed Internet,Customers End,,263.6,Critical
AXA-20201229-1903-WLESS,,2020-12-29 23:30:28,2020-12-30 03:54:00,Sheg,Seun,Social Media,DELTA,Wireless,Customers End,,263.53333333333336,Critical
AXA-20201205-5683-MCON,2020-12-05 11:49:07,2020-12-05 11:59:13,2020-12-05 16:22:43,John,Victor,USSD,PLATEAU,M Connect,Support network failures,606.0,263.5,Critical
AXA-20201202-2985-WiFi5,2020-12-02 12:07:49,2020-12-02 12:16:31,2020-12-02 16:40:01,Brenda,Kerry,USSD,ABIA,WiFI - 5,hardware failure,522.0,263.5,Critical
AXA-20201230-1137-WLESS,,2020-12-30 20:48:33,2020-12-31 01:12:02,Goodluck,Kerry,Chatbot,ENUGU,Wireless,Customers End,,263.48333333333335,Critical
AXA-20201217-2929-WiFi8,2020-12-17 10:57:23,2020-12-17 10:58:46,2020-12-17 15:22:14,Atiku,Victor,WebForm,JIGAWA,WiFI - 8,hardware failure,83.0,263.46666666666664,Critical
AXA-20201207-2570-HSE,2020-12-07 10:29:12,2020-12-07 10:33:33,2020-12-07 14:57:01,Amelia,Kerry,WebForm,KEBBI,High speed Internet,Line damage,261.0,263.46666666666664,Critical
AXA-20201209-5137-C95,2020-12-09 09:03:44,2020-12-09 09:05:13,2020-12-09 13:28:36,Sola,Wale,Chatbot,BORNO,Cloud95,Customers End,89.0,263.3833333333333,Critical
AXA-20201230-2022-WLESS,,2020-12-30 18:36:23,2020-12-30 22:59:44,Sherifat,Victor,Social Media,SOKOTO,Wireless,Customers End,,263.35,Critical
AXA-20201226-5358-WiFi7,2020-12-26 08:42:32,2020-12-26 08:48:56,2020-12-26 13:12:16,John,Victor,Chatbot,KANO,WiFI - 7,Line damage,384.0,263.3333333333333,Critical
AXA-20201206-4196-WiFi5,2020-12-06 12:25:32,2020-12-06 12:25:56,2020-12-06 16:49:16,Sherifat,Victor,USSD,DELTA,WiFI - 5,Customers End,24.0,263.3333333333333,Critical
AXA-20201219-4935-MAC,2020-12-19 10:36:18,2020-12-19 10:37:59,2020-12-19 15:01:18,Atiku,Victor,Social Media,OYO,Metro Area Connect,Not Specified,101.0,263.31666666666666,Critical
AXA-20201218-5992-C95,2020-12-18 11:52:58,2020-12-18 11:54:39,2020-12-18 16:17:58,Bukky,Wale,Chatbot,ANAMBRA,Cloud95,Line damage,101.0,263.31666666666666,Critical
AXA-20201228-4361-WiFi10,2020-12-28 08:49:08,2020-12-28 08:55:50,2020-12-28 13:19:08,Ore,Seun,Social Media,RIVERS,WiFI - 10,Customers End,402.0,263.3,Critical
AXA-20201231-1765-WLESS,,2020-12-31 20:06:27,2021-01-01 00:29:38,Mary,Wale,Social Media,KOGI,Wireless,Customers End,,263.18333333333334,Critical
AXA-20201231-2058-WLESS,,2020-12-31 09:19:26,2020-12-31 13:42:37,Sekina,Victor,Email,EKITI,Wireless,hardware failure,,263.18333333333334,Critical
AXA-20201203-3731-WiFi8,2020-12-03 15:46:21,2020-12-03 15:49:42,2020-12-03 20:12:50,Amelia,Kerry,WebForm,GOMBE,WiFI - 8,Line damage,201.0,263.1333333333333,Critical
AXA-20201229-1576-WLESS,,2020-12-29 11:46:20,2020-12-29 16:09:24,Amelia,Kerry,Social Media,DELTA,Wireless,Customers End,,263.06666666666666,Critical
AXA-20201215-4103-VOICE,2020-12-15 12:29:02,2020-12-15 12:32:39,2020-12-15 16:55:23,Sekina,Victor,WebForm,ONDO,Voice,Customers End,217.0,262.73333333333335,Critical
AXA-20201231-1541-HSE,,2020-12-31 22:15:22,2021-01-01 02:38:05,Myers,Kerry,Social Media,KOGI,High speed Internet,Customers End,,262.71666666666664,Critical
AXA-20201204-3902-HSE,2020-12-04 11:00:23,2020-12-04 11:04:00,2020-12-04 15:26:39,Goodluck,Kerry,WebForm,GOMBE,High speed Internet,Not Specified,217.0,262.65,Critical
AXA-20201205-4021-WiFi10,2020-12-05 09:55:19,2020-12-05 09:58:52,2020-12-05 14:21:26,Sherifat,Victor,USSD,KEBBI,WiFI - 10,Customers End,213.0,262.56666666666666,Critical
AXA-20201201-5160-HSE,2020-12-01 15:42:39,2020-12-01 15:50:47,2020-12-01 20:13:21,Brenda,Kerry,Social Media,ANAMBRA,High speed Internet,Customers End,488.0,262.56666666666666,Critical
AXA-20201204-5705-WiFi6,2020-12-04 08:19:11,2020-12-04 08:22:17,2020-12-04 12:44:48,Sherifat,Victor,WebForm,GOMBE,WiFI - 6,Customers End,186.0,262.51666666666665,Critical
AXA-20201218-2747-HSE,2020-12-18 11:35:31,2020-12-18 11:44:39,2020-12-18 16:07:09,Tunde,Victor,Email,KANO,High speed Internet,Not Specified,548.0,262.5,Critical
AXA-20201229-1857-HSE,,2020-12-29 15:35:10,2020-12-29 19:57:25,Popoola,Seun,Social Media,PLATEAU,High speed Internet,Customers End,,262.25,Critical
AXA-20201206-5161-WiFi9,2020-12-06 12:41:11,2020-12-06 12:48:26,2020-12-06 17:10:38,Jonathan,Kerry,WebForm,KADUNA,WiFI - 9,Line damage,435.0,262.2,Critical
AXA-20201225-4954-MCON,2020-12-25 10:24:08,2020-12-25 10:24:19,2020-12-25 14:46:31,Kingsley,Kerry,Email,OYO,M Connect,Customers End,11.0,262.2,Critical
AXA-20201203-4061-WiFi4,2020-12-03 11:52:31,2020-12-03 12:01:05,2020-12-03 16:23:17,Kingsley,Kerry,Chatbot,ZAMFARA,WiFI - 4,Line damage,514.0,262.2,Critical
AXA-20201228-4106-C100,2020-12-28 14:50:49,2020-12-28 14:56:15,2020-12-28 19:18:26,Sekina,Victor,USSD,ENUGU,Cloud100,Line damage,326.0,262.18333333333334,Critical
AXA-20201227-4366-WiFi7,2020-12-27 13:22:16,2020-12-27 13:31:03,2020-12-27 17:53:08,Ore,Seun,Email,EDO,WiFI - 7,Customers End,527.0,262.0833333333333,Critical
AXA-20201215-5138-ICS,2020-12-15 09:36:47,2020-12-15 09:47:26,2020-12-15 14:09:31,Amelia,Kerry,Social Media,GOMBE,Interconnection Services,Line damage,639.0,262.0833333333333,Critical
AXA-20201231-1595-CBS,,2020-12-31 04:46:18,2020-12-31 09:08:23,Bola,Victor,Social Media,OGUN,Cloud-based services,Line damage,,262.0833333333333,Critical
AXA-20201215-2237-WiFi6,2020-12-15 11:53:23,2020-12-15 12:01:53,2020-12-15 16:23:58,Sherifat,Victor,Email,RIVERS,WiFI - 6,Line damage,510.0,262.0833333333333,Critical
AXA-20201207-3463-MCON,2020-12-07 11:21:59,2020-12-07 11:30:19,2020-12-07 15:52:22,Bola,Victor,USSD,TARABA,M Connect,Customers End,500.0,262.05,Critical
AXA-20201230-2025-HSE,,2020-12-30 13:07:46,2020-12-30 17:29:32,Tunde,Victor,Social Media,SOKOTO,High speed Internet,Customers End,,261.76666666666665,Critical
AXA-20201207-5837-WiFi7,2020-12-07 09:02:15,2020-12-07 09:02:44,2020-12-07 13:24:29,Bola,Victor,WebForm,NIGER,WiFI - 7,Routine Service,29.0,261.75,Critical
AXA-20201219-3238-MAC,2020-12-19 12:25:12,2020-12-19 12:27:22,2020-12-19 16:49:06,Jonathan,Kerry,Email,OGUN,Metro Area Connect,Line damage,130.0,261.73333333333335,Critical
AXA-20201227-3471-WiFi7,2020-12-27 12:22:27,2020-12-27 12:31:11,2020-12-27 16:52:54,Jennifer,Kerry,Email,BENUE,WiFI - 7,Line damage,524.0,261.71666666666664,Critical
AXA-20201230-1330-WLESS,,2020-12-30 14:36:07,2020-12-30 18:57:45,John,Victor,Phone Call,ZAMFARA,Wireless,Line damage,,261.6333333333333,Critical
AXA-20201214-5545-WiFi8,2020-12-14 08:09:51,2020-12-14 08:13:12,2020-12-14 12:34:49,Kingsley,Kerry,Email,EKITI,WiFI - 8,Line damage,201.0,261.6166666666667,Critical
AXA-20201227-3286-WiFi10,2020-12-27 08:29:44,2020-12-27 08:34:54,2020-12-27 12:56:31,Kachi,Seun,Phone Call,RIVERS,WiFI - 10,Customers End,310.0,261.6166666666667,Critical
AXA-20201215-5286-WiFi7,2020-12-15 15:37:19,2020-12-15 15:41:38,2020-12-15 20:03:07,Sherifat,Victor,Social Media,DELTA,WiFI - 7,Customers End,259.0,261.48333333333335,Critical
AXA-20201211-5111-WiFi3,2020-12-11 09:28:30,2020-12-11 09:36:55,2020-12-11 13:58:24,Bola,Victor,USSD,GOMBE,WiFI - 3,Customers End,505.0,261.48333333333335,Critical
AXA-20201230-1589-WLESS,,2020-12-30 03:01:11,2020-12-30 07:22:39,John,Victor,Social Media,IMO,Wireless,Customers End,,261.46666666666664,Critical
AXA-20201219-2293-MAC,2020-12-19 08:57:00,2020-12-19 09:01:44,2020-12-19 13:23:09,Sheg,Seun,WebForm,LAGOS,Metro Area Connect,Line damage,284.0,261.4166666666667,Critical
AXA-20201213-3716-WLESS,2020-12-13 09:27:06,2020-12-13 09:29:44,2020-12-13 13:51:06,Brenda,Kerry,Phone Call,BAUCHI,Wireless,Customers End,158.0,261.3666666666667,Critical
AXA-20201228-3940-MCON,2020-12-28 13:42:56,2020-12-28 13:46:30,2020-12-28 18:07:52,Amelia,Kerry,Phone Call,DELTA,M Connect,Customers End,214.0,261.3666666666667,Critical
AXA-20201224-2131-HSE,2020-12-24 15:06:23,2020-12-24 15:07:56,2020-12-24 19:29:13,Sherifat,Victor,Chatbot,DELTA,High speed Internet,Customers End,93.0,261.28333333333336,Critical
AXA-20201218-2389-MCON,2020-12-18 14:07:47,2020-12-18 14:14:08,2020-12-18 18:35:24,Segun,Seun,Email,ANAMBRA,M Connect,Customers End,381.0,261.26666666666665,Critical
AXA-20201220-3163-MCON,2020-12-20 15:44:47,2020-12-20 15:53:08,2020-12-20 20:14:22,Habeeb,Victor,WebForm,ENUGU,M Connect,Customers End,501.0,261.23333333333335,Critical
AXA-20201229-1145-WLESS,,2020-12-29 11:40:52,2020-12-29 16:02:05,Kingsley,Kerry,USSD,ABIA,Wireless,Line damage,,261.21666666666664,Critical
AXA-20201221-2267-MCON,2020-12-21 11:24:33,2020-12-21 11:30:43,2020-12-21 15:51:55,Jennifer,Kerry,Phone Call,SOKOTO,M Connect,Line damage,370.0,261.2,Critical
AXA-20201221-5084-WiFi9,2020-12-21 08:05:34,2020-12-21 08:10:16,2020-12-21 12:31:27,Sola,Wale,Email,KWARA,WiFI - 9,Customers End,282.0,261.18333333333334,Critical
AXA-20201227-3022-WiFi6,2020-12-27 12:33:04,2020-12-27 12:33:12,2020-12-27 16:54:17,John,Victor,Email,OGUN,WiFI - 6,Routine Service,8.0,261.0833333333333,Critical
AXA-20201209-5127-MAC,2020-12-09 12:38:09,2020-12-09 12:39:18,2020-12-09 17:00:22,Sherifat,Victor,Phone Call,KANO,Metro Area Connect,Customers End,69.0,261.06666666666666,Critical
AXA-20201231-1261-HSE,,2020-12-31 17:30:25,2020-12-31 21:51:29,Sola,Wale,Social Media,OGUN,High speed Internet,Customers End,,261.06666666666666,Critical
AXA-20201215-2603-MCON,2020-12-15 12:28:31,2020-12-15 12:29:51,2020-12-15 16:50:33,Amelia,Kerry,Chatbot,NASARAWA,M Connect,Line damage,80.0,260.7,Critical
AXA-20201205-5218-ICS,2020-12-05 13:46:33,2020-12-05 13:54:17,2020-12-05 18:14:56,Paul,Seun,Chatbot,LAGOS,Interconnection Services,Line damage,464.0,260.65,Critical
AXA-20201227-3508-WiFi6,2020-12-27 10:25:58,2020-12-27 10:29:17,2020-12-27 14:49:56,Atiku,Victor,WebForm,EKITI,WiFI - 6,Support network failures,199.0,260.65,Critical
AXA-20201231-1926-HSE,,2020-12-31 05:11:38,2020-12-31 09:32:16,Amelia,Kerry,Social Media,ENUGU,High speed Internet,Customers End,,260.6333333333333,Critical
AXA-20201208-4481-WiFi10,2020-12-08 15:54:48,2020-12-08 15:56:22,2020-12-08 20:16:59,Amelia,Kerry,Chatbot,ANAMBRA,WiFI - 10,Routine Service,94.0,260.6166666666667,Critical
AXA-20201220-4355-EVOICE,2020-12-20 09:49:28,2020-12-20 09:55:10,2020-12-20 14:15:46,Sherifat,Victor,Email,ONDO,EVoice,Routine Service,342.0,260.6,Critical
AXA-20201201-5177-WiFi7,2020-12-01 09:19:53,2020-12-01 09:27:15,2020-12-01 13:47:50,Jonathan,Kerry,Email,FCT ABUJA,WiFI - 7,Customers End,442.0,260.5833333333333,Critical
AXA-20201220-2761-WiFi4,2020-12-20 09:16:03,2020-12-20 09:25:13,2020-12-20 13:45:38,Jonathan,Kerry,Phone Call,KATSINA,WiFI - 4,Customers End,550.0,260.4166666666667,Critical
AXA-20201221-3218-MAC,2020-12-21 09:49:28,2020-12-21 09:49:44,2020-12-21 14:10:09,Amelia,Kerry,Phone Call,BORNO,Metro Area Connect,Support network failures,16.0,260.4166666666667,Critical
AXA-20201229-1780-WLESS,,2020-12-29 19:50:33,2020-12-30 00:10:55,Habeeb,Victor,Social Media,KADUNA,Wireless,Customers End,,260.3666666666667,Critical
AXA-20201207-5092-MAC,2020-12-07 12:10:32,2020-12-07 12:12:03,2020-12-07 16:32:22,Kingsley,Kerry,Email,IMO,Metro Area Connect,Line damage,91.0,260.31666666666666,Critical
AXA-20201214-3701-WiFi6,2020-12-14 14:55:26,2020-12-14 14:57:12,2020-12-14 19:17:31,Boye,Wale,USSD,ONDO,WiFI - 6,Line damage,106.0,260.31666666666666,Critical
AXA-20201202-5900-HSE,2020-12-02 13:58:52,2020-12-02 14:09:39,2020-12-02 18:29:57,Segun,Seun,Chatbot,ZAMFARA,High speed Internet,Customers End,647.0,260.3,Critical
AXA-20201231-1887-WLESS,,2020-12-31 00:44:54,2020-12-31 05:05:12,Bola,Victor,Social Media,KANO,Wireless,Customers End,,260.3,Critical
AXA-20201218-3922-VOICE,2020-12-18 09:39:16,2020-12-18 09:48:00,2020-12-18 14:08:13,Tunde,Victor,USSD,EDO,Voice,Customers End,524.0,260.21666666666664,Critical
AXA-20201201-2482-CBS,2020-12-01 08:19:57,2020-12-01 08:24:05,2020-12-01 12:44:13,Sola,Wale,Social Media,BORNO,Cloud-based services,Customers End,248.0,260.1333333333333,Critical
AXA-20201215-2518-WiFi3,2020-12-15 13:51:33,2020-12-15 13:57:02,2020-12-15 18:17:10,Fola,Wale,Email,KEBBI,WiFI - 3,Customers End,329.0,260.1333333333333,Critical
AXA-20201229-1967-WLESS,,2020-12-29 18:56:23,2020-12-29 23:16:27,Habeeb,Victor,Social Media,DELTA,Wireless,Customers End,,260.06666666666666,Critical
AXA-20201203-3709-HSE,2020-12-03 09:21:45,2020-12-03 09:27:06,2020-12-03 13:46:54,Kingsley,Kerry,USSD,KWARA,High speed Internet,Customers End,321.0,259.8,Critical
AXA-20201218-4999-HSE,2020-12-18 15:05:57,2020-12-18 15:14:28,2020-12-18 19:34:06,Habeeb,Victor,WebForm,BORNO,High speed Internet,Customers End,511.0,259.6333333333333,Critical
AXA-20201230-1807-HSE,,2020-12-30 06:55:38,2020-12-30 11:15:08,John,Victor,Social Media,RIVERS,High speed Internet,Customers End,,259.5,Critical
AXA-20201231-1269-HSE,,2020-12-31 10:13:11,2020-12-31 14:32:39,Sekina,Victor,Email,EDO,High speed Internet,Customers End,,259.46666666666664,Critical
AXA-20201224-2432-EVOICE,2020-12-24 15:36:45,2020-12-24 15:42:19,2020-12-24 20:01:46,Bola,Victor,WebForm,TARABA,EVoice,Line damage,334.0,259.45,Critical
AXA-20201229-1208-HSE,,2020-12-29 20:19:33,2020-12-30 00:38:58,Atiku,Victor,Social Media,ANAMBRA,High speed Internet,Customers End,,259.4166666666667,Critical
AXA-20201231-1274-HSE,,2020-12-31 03:39:56,2020-12-31 07:59:21,Goodluck,Kerry,Social Media,NIGER,High speed Internet,Line damage,,259.4166666666667,Critical
AXA-20201231-1712-WLESS,,2020-12-31 11:01:22,2020-12-31 15:20:47,Kola,Wale,Social Media,RIVERS,Wireless,Customers End,,259.4166666666667,Critical
AXA-20201209-5328-WLESS,2020-12-09 14:10:23,2020-12-09 14:16:41,2020-12-09 18:36:05,Atiku,Victor,WebForm,FCT ABUJA,Wireless,Customers End,378.0,259.4,Critical
AXA-20201215-3210-WiFi9,2020-12-15 13:16:06,2020-12-15 13:17:26,2020-12-15 17:36:49,Sekina,Victor,Phone Call,IMO,WiFI - 9,Customers End,80.0,259.3833333333333,Critical
AXA-20201223-5287-WiFi9,2020-12-23 10:26:39,2020-12-23 10:28:02,2020-12-23 14:47:25,Fola,Wale,Chatbot,DELTA,WiFI - 9,Customers End,83.0,259.3833333333333,Critical
AXA-20201221-5877-WiFi9,2020-12-21 09:49:29,2020-12-21 09:54:44,2020-12-21 14:14:07,Popoola,Seun,Social Media,BORNO,WiFI - 9,hardware failure,315.0,259.3833333333333,Critical
AXA-20201206-3744-WLESS,2020-12-06 09:42:15,2020-12-06 09:49:52,2020-12-06 14:09:14,Goodluck,Kerry,Chatbot,NASARAWA,Wireless,Line damage,457.0,259.3666666666667,Critical
AXA-20201212-3860-WiFi10,2020-12-12 09:33:45,2020-12-12 09:44:24,2020-12-12 14:03:44,Kingsley,Kerry,Chatbot,KOGI,WiFI - 10,Line damage,639.0,259.3333333333333,Critical
AXA-20201230-1427-HSE,,2020-12-30 18:11:43,2020-12-30 22:31:01,Amelia,Kerry,Social Media,ANAMBRA,High speed Internet,Customers End,,259.3,Critical
AXA-20201226-3147-MCON,2020-12-26 12:41:03,2020-12-26 12:46:13,2020-12-26 17:05:31,Jonathan,Kerry,Phone Call,ZAMFARA,M Connect,Customers End,310.0,259.3,Critical
AXA-20201217-3825-WiFi5,2020-12-17 14:37:28,2020-12-17 14:47:02,2020-12-17 19:06:19,Atiku,Victor,Phone Call,EBONYI,WiFI - 5,Line damage,574.0,259.28333333333336,Critical
AXA-20201207-5521-WLESS,2020-12-07 15:09:10,2020-12-07 15:17:45,2020-12-07 19:37:00,Habeeb,Victor,Phone Call,IMO,Wireless,Customers End,515.0,259.25,Critical
AXA-20201216-3470-WiFi10,2020-12-16 08:20:41,2020-12-16 08:28:00,2020-12-16 12:47:13,Habeeb,Victor,Phone Call,AKWA IBOM,WiFI - 10,Customers End,439.0,259.21666666666664,Critical
AXA-20201226-3475-C100,2020-12-26 14:06:52,2020-12-26 14:08:20,2020-12-26 18:27:32,Goodluck,Kerry,USSD,NIGER,Cloud100,Line damage,88.0,259.2,Critical
AXA-20201205-2380-WiFi7,2020-12-05 08:38:53,2020-12-05 08:41:01,2020-12-05 13:00:09,John,Victor,Email,NASARAWA,WiFI - 7,Customers End,128.0,259.1333333333333,Critical
AXA-20201210-5090-C100,2020-12-10 14:11:40,2020-12-10 14:15:02,2020-12-10 18:34:09,Sola,Wale,Email,IMO,Cloud100,Customers End,202.0,259.1166666666667,Critical
AXA-20201229-2034-HSE,,2020-12-29 16:56:43,2020-12-29 21:15:47,Atiku,Victor,Social Media,DELTA,High speed Internet,Customers End,,259.06666666666666,Critical
AXA-20201217-2095-WiFi8,2020-12-17 14:22:36,2020-12-17 14:26:43,2020-12-17 18:45:47,Sheg,Seun,Email,DELTA,WiFI - 8,Customers End,247.0,259.06666666666666,Critical
AXA-20201224-2210-MCON,2020-12-24 11:23:46,2020-12-24 11:26:18,2020-12-24 15:45:22,Tunde,Victor,Social Media,PLATEAU,M Connect,Line damage,152.0,259.06666666666666,Critical
AXA-20201211-3758-WiFi3,2020-12-11 08:42:09,2020-12-11 08:51:23,2020-12-11 13:10:27,John,Victor,Phone Call,LAGOS,WiFI - 3,Customers End,554.0,259.06666666666666,Critical
AXA-20201207-5381-C95,2020-12-07 12:59:17,2020-12-07 13:08:57,2020-12-07 17:27:43,Sekina,Victor,Social Media,GOMBE,Cloud95,Routine Service,580.0,258.76666666666665,Critical
AXA-20201213-4385-MAC,2020-12-13 08:03:55,2020-12-13 08:08:19,2020-12-13 12:26:59,Kola,Wale,Email,ENUGU,Metro Area Connect,Customers End,264.0,258.6666666666667,Critical
AXA-20201207-3821-MAC,2020-12-07 08:11:36,2020-12-07 08:15:44,2020-12-07 12:34:23,Vitus,Seun,USSD,IMO,Metro Area Connect,Line damage,248.0,258.65,Critical
AXA-20201210-3878-EVOICE,2020-12-10 08:06:48,2020-12-10 08:17:15,2020-12-10 12:35:54,Brenda,Kerry,Phone Call,ANAMBRA,EVoice,Customers End,627.0,258.65,Critical
AXA-20201227-3616-WiFi11,2020-12-27 09:38:04,2020-12-27 09:38:46,2020-12-27 13:57:19,Sheg,Seun,Email,BENUE,WiFI - 11,Customers End,42.0,258.55,Critical
AXA-20201226-4320-WiFi3,2020-12-26 10:33:42,2020-12-26 10:39:04,2020-12-26 14:57:34,Habeeb,Victor,WebForm,DELTA,WiFI - 3,hardware failure,322.0,258.5,Critical
AXA-20201213-3516-HSE,2020-12-13 12:00:34,2020-12-13 12:07:01,2020-12-13 16:25:30,John,Victor,Phone Call,EDO,High speed Internet,Line damage,387.0,258.48333333333335,Critical
AXA-20201210-5349-ICS,2020-12-10 14:08:19,2020-12-10 14:17:37,2020-12-10 18:36:02,Habeeb,Victor,Chatbot,JIGAWA,Interconnection Services,Customers End,558.0,258.4166666666667,Critical
AXA-20201201-3349-WiFi8,2020-12-01 10:02:28,2020-12-01 10:13:10,2020-12-01 14:31:32,John,Victor,USSD,LAGOS,WiFI - 8,Customers End,642.0,258.3666666666667,Critical
AXA-20201207-3373-C100,2020-12-07 13:18:20,2020-12-07 13:28:02,2020-12-07 17:46:23,Paul,Seun,Social Media,ZAMFARA,Cloud100,Customers End,582.0,258.35,Critical
AXA-20201228-2607-HSE,2020-12-28 08:20:29,2020-12-28 08:29:51,2020-12-28 12:48:11,Sherifat,Victor,Social Media,BORNO,High speed Internet,Customers End,562.0,258.3333333333333,Critical
AXA-20201203-4552-C95,2020-12-03 08:21:11,2020-12-03 08:21:30,2020-12-03 12:39:49,Segun,Seun,USSD,BORNO,Cloud95,Customers End,19.0,258.31666666666666,Critical
AXA-20201213-5765-VOICE,2020-12-13 14:31:49,2020-12-13 14:31:59,2020-12-13 18:50:16,John,Victor,Social Media,OYO,Voice,Line damage,10.0,258.28333333333336,Critical
AXA-20201216-3867-WLESS,2020-12-16 10:28:32,2020-12-16 10:30:45,2020-12-16 14:49:00,Popoola,Seun,Phone Call,EKITI,Wireless,Routine Service,133.0,258.25,Critical
AXA-20201219-5592-WiFi11,2020-12-19 09:24:32,2020-12-19 09:29:14,2020-12-19 13:47:24,Sekina,Victor,WebForm,EDO,WiFI - 11,Line damage,282.0,258.1666666666667,Critical
AXA-20201216-2158-WLESS,2020-12-16 11:39:20,2020-12-16 11:45:48,2020-12-16 16:03:54,Amelia,Kerry,Chatbot,OYO,Wireless,Customers End,388.0,258.1,Critical
AXA-20201227-2945-WiFi9,2020-12-27 09:22:12,2020-12-27 09:22:46,2020-12-27 13:40:30,Sekina,Victor,USSD,BAYELSA,WiFI - 9,Customers End,34.0,257.73333333333335,Critical
AXA-20201215-2422-WiFi5,2020-12-15 14:21:33,2020-12-15 14:29:42,2020-12-15 18:47:24,Bola,Victor,Chatbot,GOMBE,WiFI - 5,Line damage,489.0,257.7,Critical
AXA-20201204-5435-WiFi11,2020-12-04 13:24:59,2020-12-04 13:29:37,2020-12-04 17:47:19,Jonathan,Kerry,Chatbot,DELTA,WiFI - 11,Customers End,278.0,257.7,Critical
AXA-20201223-2151-MAC,2020-12-23 12:53:44,2020-12-23 13:02:13,2020-12-23 17:19:40,Bukky,Wale,Chatbot,BORNO,Metro Area Connect,Line damage,509.0,257.45,Critical
AXA-20201224-4240-WLESS,2020-12-24 09:31:47,2020-12-24 09:34:19,2020-12-24 13:51:43,Jennifer,Kerry,Phone Call,DELTA,Wireless,Support network failures,152.0,257.4,Critical
AXA-20201211-4809-CBS,2020-12-11 09:09:53,2020-12-11 09:18:25,2020-12-11 13:35:46,Habeeb,Victor,USSD,DELTA,Cloud-based services,Customers End,512.0,257.35,Critical
AXA-20201231-1317-WLESS,,2020-12-31 17:09:26,2020-12-31 21:26:45,Myers,Kerry,Social Media,BAUCHI,Wireless,Line damage,,257.31666666666666,Critical
AXA-20201203-5740-WLESS,2020-12-03 09:38:20,2020-12-03 09:44:55,2020-12-03 14:02:03,Sherifat,Victor,Chatbot,BORNO,Wireless,Customers End,395.0,257.1333333333333,Critical
AXA-20201203-4233-WiFi8,2020-12-03 09:55:17,2020-12-03 10:03:33,2020-12-03 14:20:41,Paul,Seun,Social Media,OSUN,WiFI - 8,Customers End,496.0,257.1333333333333,Critical
AXA-20201224-5672-EVOICE,2020-12-24 11:14:53,2020-12-24 11:20:30,2020-12-24 15:37:36,Tunde,Victor,Phone Call,YOBE,EVoice,Customers End,337.0,257.1,Critical
AXA-20201210-4224-C95,2020-12-10 12:34:56,2020-12-10 12:39:34,2020-12-10 16:56:14,Jonathan,Kerry,Social Media,GOMBE,Cloud95,Customers End,278.0,256.6666666666667,Critical
AXA-20201211-5327-WiFi10,2020-12-11 08:48:56,2020-12-11 08:54:36,2020-12-11 13:11:11,John,Victor,Chatbot,RIVERS,WiFI - 10,Line damage,340.0,256.5833333333333,Critical
AXA-20201211-4247-WiFi6,2020-12-11 11:19:44,2020-12-11 11:24:11,2020-12-11 15:40:44,Myers,Kerry,Social Media,EKITI,WiFI - 6,Customers End,267.0,256.55,Critical
AXA-20201217-4633-ICS,2020-12-17 12:06:44,2020-12-17 12:17:11,2020-12-17 16:33:35,Atiku,Victor,Social Media,KADUNA,Interconnection Services,Customers End,627.0,256.4,Critical
AXA-20201223-4207-CBS,2020-12-23 09:45:19,2020-12-23 09:55:07,2020-12-23 14:11:28,Myers,Kerry,WebForm,BORNO,Cloud-based services,hardware failure,588.0,256.35,Critical
AXA-20201205-5070-WiFi10,2020-12-05 14:12:19,2020-12-05 14:14:05,2020-12-05 18:30:23,Vitus,Seun,USSD,DELTA,WiFI - 10,Not Specified,106.0,256.3,Critical
AXA-20201223-3027-WiFi6,2020-12-23 11:15:57,2020-12-23 11:23:15,2020-12-23 15:39:30,Sherifat,Victor,USSD,ONDO,WiFI - 6,Customers End,438.0,256.25,Critical
AXA-20201229-1348-WLESS,,2020-12-29 19:13:55,2020-12-29 23:30:09,Bola,Victor,Chatbot,ANAMBRA,Wireless,hardware failure,,256.23333333333335,Critical
AXA-20201207-3268-C100,2020-12-07 09:24:01,2020-12-07 09:29:41,2020-12-07 13:45:53,Segun,Seun,WebForm,RIVERS,Cloud100,Routine Service,340.0,256.2,Critical
AXA-20201220-5791-MCON,2020-12-20 11:11:32,2020-12-20 11:11:42,2020-12-20 15:27:52,Atiku,Victor,Email,ONDO,M Connect,Customers End,10.0,256.1666666666667,Critical
AXA-20201227-4179-C95,2020-12-27 13:56:36,2020-12-27 13:57:53,2020-12-27 18:14:01,Brenda,Kerry,Chatbot,OGUN,Cloud95,Line damage,77.0,256.1333333333333,Critical
AXA-20201223-3420-WiFi5,2020-12-23 14:07:55,2020-12-23 14:17:34,2020-12-23 18:33:21,Jonathan,Kerry,Chatbot,IMO,WiFI - 5,Line damage,579.0,255.78333333333333,Critical
AXA-20201211-2137-WiFi8,2020-12-11 12:06:13,2020-12-11 12:12:52,2020-12-11 16:28:36,Sola,Wale,Chatbot,PLATEAU,WiFI - 8,Line damage,399.0,255.73333333333332,Critical
AXA-20201210-2987-WiFi4,2020-12-10 12:56:32,2020-12-10 12:58:46,2020-12-10 17:14:27,Sekina,Victor,Social Media,ANAMBRA,WiFI - 4,Routine Service,134.0,255.68333333333334,Critical
AXA-20201230-1573-WLESS,,2020-12-30 12:13:14,2020-12-30 16:28:52,Bola,Victor,Social Media,DELTA,Wireless,Customers End,,255.63333333333333,Critical
AXA-20201209-5597-ICS,2020-12-09 08:04:27,2020-12-09 08:10:07,2020-12-09 12:25:44,Sheg,Seun,Social Media,DELTA,Interconnection Services,Customers End,340.0,255.61666666666667,Critical
AXA-20201222-2492-WLESS,2020-12-22 14:51:12,2020-12-22 14:54:45,2020-12-22 19:10:15,Popoola,Seun,Social Media,SOKOTO,Wireless,Line damage,213.0,255.5,Critical
AXA-20201231-2037-WLESS,,2020-12-31 07:00:47,2020-12-31 11:16:15,Brenda,Kerry,Social Media,DELTA,Wireless,Customers End,,255.46666666666667,Critical
AXA-20201212-3103-CBS,2020-12-12 12:13:35,2020-12-12 12:16:43,2020-12-12 16:32:11,Bola,Victor,WebForm,KATSINA,Cloud-based services,Customers End,188.0,255.46666666666667,Critical
AXA-20201219-3764-C95,2020-12-19 11:42:55,2020-12-19 11:48:06,2020-12-19 16:03:33,Goodluck,Kerry,Chatbot,RIVERS,Cloud95,Customers End,311.0,255.45,Critical
AXA-20201227-3754-WiFi11,2020-12-27 12:28:00,2020-12-27 12:31:20,2020-12-27 16:46:46,Kingsley,Kerry,WebForm,ABIA,WiFI - 11,Customers End,200.0,255.43333333333334,Critical
AXA-20201231-1192-HSE,,2020-12-31 15:36:51,2020-12-31 19:52:15,Kola,Wale,Social Media,SOKOTO,High speed Internet,Customers End,,255.4,Critical
AXA-20201225-4767-WiFi8,2020-12-25 10:51:24,2020-12-25 10:56:47,2020-12-25 15:12:08,Bola,Victor,Phone Call,EKITI,WiFI - 8,Customers End,323.0,255.35,Critical
AXA-20201212-2414-WiFi4,2020-12-12 12:29:36,2020-12-12 12:33:10,2020-12-12 16:48:31,Sekina,Victor,Email,KATSINA,WiFI - 4,Line damage,214.0,255.35,Critical
AXA-20201231-1109-HSE,,2020-12-31 07:59:52,2020-12-31 12:15:13,John,Victor,Social Media,LAGOS,High speed Internet,Customers End,,255.35,Critical
AXA-20201206-5317-HSE,2020-12-06 08:08:38,2020-12-06 08:15:53,2020-12-06 12:31:13,Akin,Wale,Email,IMO,High speed Internet,Not Specified,435.0,255.33333333333334,Critical
AXA-20201228-5560-WiFi3,2020-12-28 14:43:43,2020-12-28 14:52:07,2020-12-28 19:07:17,Habeeb,Victor,Chatbot,ADAMAWA,WiFI - 3,Line damage,504.0,255.16666666666666,Critical
AXA-20201204-5122-MAC,2020-12-04 15:02:06,2020-12-04 15:05:25,2020-12-04 19:20:34,Brenda,Kerry,Chatbot,BORNO,Metro Area Connect,Routine Service,199.0,255.15,Critical
AXA-20201223-5745-ICS,2020-12-23 13:58:55,2020-12-23 14:05:00,2020-12-23 18:20:09,Sola,Wale,Phone Call,ONDO,Interconnection Services,Line damage,365.0,255.15,Critical
AXA-20201205-5908-WiFi10,2020-12-05 14:48:37,2020-12-05 14:58:22,2020-12-05 19:13:31,Tunde,Victor,Email,YOBE,WiFI - 10,Customers End,585.0,255.15,Critical
AXA-20201203-3176-WiFi10,2020-12-03 13:35:01,2020-12-03 13:35:44,2020-12-03 17:50:52,Paul,Seun,Chatbot,KEBBI,WiFI - 10,Customers End,43.0,255.13333333333333,Critical
AXA-20201208-2270-WLESS,2020-12-08 14:35:58,2020-12-08 14:36:22,2020-12-08 18:51:29,Brenda,Kerry,USSD,KATSINA,Wireless,Customers End,24.0,255.11666666666667,Critical
AXA-20201227-5802-WiFi4,2020-12-27 14:11:26,2020-12-27 14:16:35,2020-12-27 18:31:41,Kingsley,Kerry,Email,BORNO,WiFI - 4,Power Loss,309.0,255.1,Critical
AXA-20201224-2906-C100,2020-12-24 10:06:51,2020-12-24 10:08:23,2020-12-24 14:23:26,Sherifat,Victor,Phone Call,CROSS RIVER,Cloud100,Line damage,92.0,255.05,Critical
AXA-20201228-3071-EVOICE,2020-12-28 09:16:14,2020-12-28 09:16:26,2020-12-28 13:31:28,Habeeb,Victor,USSD,ANAMBRA,EVoice,Customers End,12.0,255.03333333333333,Critical
AXA-20201203-3261-WiFi11,2020-12-03 08:33:55,2020-12-03 08:43:42,2020-12-03 12:58:28,Jennifer,Kerry,WebForm,IMO,WiFI - 11,Routine Service,587.0,254.76666666666668,Critical
AXA-20201218-4920-WiFi4,2020-12-18 13:47:17,2020-12-18 13:50:02,2020-12-18 18:04:48,Jennifer,Kerry,Chatbot,LAGOS,WiFI - 4,Customers End,165.0,254.76666666666668,Critical
AXA-20201231-1666-HSE,,2020-12-31 08:46:15,2020-12-31 13:01:00,Sekina,Victor,Social Media,BORNO,High speed Internet,Customers End,,254.75,Critical
AXA-20201221-2093-WiFi4,2020-12-21 09:24:31,2020-12-21 09:24:40,2020-12-21 13:39:25,Brenda,Kerry,Phone Call,ONDO,WiFI - 4,Routine Service,9.0,254.75,Critical
AXA-20201207-5413-WLESS,2020-12-07 09:35:57,2020-12-07 09:43:45,2020-12-07 13:58:28,Jonathan,Kerry,Phone Call,ANAMBRA,Wireless,Line damage,468.0,254.71666666666667,Critical
AXA-20201220-5411-MAC,2020-12-20 11:30:10,2020-12-20 11:34:39,2020-12-20 15:49:22,Tunde,Victor,Phone Call,BORNO,Metro Area Connect,Customers End,269.0,254.71666666666667,Critical
AXA-20201210-2770-WiFi5,2020-12-10 14:25:15,2020-12-10 14:30:45,2020-12-10 18:45:28,Jonathan,Kerry,WebForm,OGUN,WiFI - 5,Customers End,330.0,254.71666666666667,Critical
AXA-20201223-3605-C100,2020-12-23 08:21:10,2020-12-23 08:23:28,2020-12-23 12:38:06,John,Victor,Email,GOMBE,Cloud100,Line damage,138.0,254.63333333333333,Critical
AXA-20201217-4622-WiFi7,2020-12-17 13:19:32,2020-12-17 13:29:46,2020-12-17 17:44:24,Mary,Wale,Email,RIVERS,WiFI - 7,Traffic Spikes,614.0,254.63333333333333,Critical
AXA-20201213-3097-WiFi4,2020-12-13 10:35:58,2020-12-13 10:46:14,2020-12-13 15:00:47,Myers,Kerry,Phone Call,ENUGU,WiFI - 4,Customers End,616.0,254.55,Critical
AXA-20201218-4442-MCON,2020-12-18 13:26:21,2020-12-18 13:26:37,2020-12-18 17:41:05,Bola,Victor,Phone Call,OYO,M Connect,Customers End,16.0,254.46666666666667,Critical
AXA-20201230-1986-WLESS,,2020-12-30 09:08:00,2020-12-30 13:22:27,Sherifat,Victor,Email,BAYELSA,Wireless,Support network failures,,254.45,Critical
AXA-20201207-2753-WiFi9,2020-12-07 10:18:23,2020-12-07 10:18:32,2020-12-07 14:32:58,Jennifer,Kerry,Phone Call,BORNO,WiFI - 9,Customers End,9.0,254.43333333333334,Critical
AXA-20201203-2919-WiFi7,2020-12-03 11:14:39,2020-12-03 11:18:17,2020-12-03 15:32:39,Goodluck,Kerry,Email,PLATEAU,WiFI - 7,Support network failures,218.0,254.36666666666667,Critical
AXA-20201204-4606-WiFi10,2020-12-04 11:56:47,2020-12-04 12:05:29,2020-12-04 16:19:51,John,Victor,Social Media,NASARAWA,WiFI - 10,Line damage,522.0,254.36666666666667,Critical
AXA-20201205-5117-CBS,2020-12-05 09:51:31,2020-12-05 09:53:51,2020-12-05 14:08:12,John,Victor,USSD,FCT ABUJA,Cloud-based services,Customers End,140.0,254.35,Critical
AXA-20201205-3772-WLESS,2020-12-05 15:39:40,2020-12-05 15:46:03,2020-12-05 20:00:23,Tunde,Victor,WebForm,PLATEAU,Wireless,hardware failure,383.0,254.33333333333334,Critical
AXA-20201226-5851-WiFi10,2020-12-26 11:06:36,2020-12-26 11:17:01,2020-12-26 15:31:19,Segun,Seun,Email,DELTA,WiFI - 10,Line damage,625.0,254.3,Critical
AXA-20201215-3054-WiFi11,2020-12-15 12:59:47,2020-12-15 13:08:16,2020-12-15 17:22:33,Brenda,Kerry,WebForm,DELTA,WiFI - 11,Line damage,509.0,254.28333333333333,Critical
AXA-20201223-4300-EVOICE,2020-12-23 11:27:32,2020-12-23 11:35:45,2020-12-23 15:49:57,Sekina,Victor,WebForm,DELTA,EVoice,Customers End,493.0,254.2,Critical
AXA-20201215-2405-WLESS,2020-12-15 15:36:12,2020-12-15 15:40:18,2020-12-15 19:54:27,Goodluck,Kerry,WebForm,NASARAWA,Wireless,Customers End,246.0,254.15,Critical
AXA-20201210-5626-WiFi3,2020-12-10 15:30:34,2020-12-10 15:38:42,2020-12-10 19:52:49,Kingsley,Kerry,Chatbot,GOMBE,WiFI - 3,Support network failures,488.0,254.11666666666667,Critical
AXA-20201230-1334-WLESS,,2020-12-30 18:33:57,2020-12-30 22:48:04,Bola,Victor,Phone Call,ZAMFARA,Wireless,Customers End,,254.11666666666667,Critical
AXA-20201230-1421-HSE,,2020-12-30 20:53:31,2020-12-31 01:07:37,Jonathan,Kerry,Social Media,AKWA IBOM,High speed Internet,Customers End,,254.1,Critical
AXA-20201208-5816-WiFi9,2020-12-08 10:39:44,2020-12-08 10:44:05,2020-12-08 14:58:11,Sherifat,Victor,Email,CROSS RIVER,WiFI - 9,Not Specified,261.0,254.1,Critical
AXA-20201224-3166-WLESS,2020-12-24 15:19:44,2020-12-24 15:30:32,2020-12-24 19:44:37,Bola,Victor,WebForm,LAGOS,Wireless,Support network failures,648.0,254.08333333333334,Critical
AXA-20201216-5018-WiFi4,2020-12-16 12:21:57,2020-12-16 12:30:22,2020-12-16 16:44:26,Vitus,Seun,Email,ANAMBRA,WiFI - 4,Customers End,505.0,254.06666666666666,Critical
AXA-20201210-4218-MAC,2020-12-10 10:43:54,2020-12-10 10:50:11,2020-12-10 15:03:57,Boye,Wale,Social Media,KEBBI,Metro Area Connect,Customers End,377.0,253.76666666666668,Critical
AXA-20201202-3594-MAC,2020-12-02 09:10:10,2020-12-02 09:18:53,2020-12-02 13:32:37,Atiku,Victor,Social Media,NASARAWA,Metro Area Connect,Line damage,523.0,253.73333333333332,Critical
AXA-20201231-1597-WLESS,,2020-12-31 23:11:45,2021-01-01 03:25:27,Kingsley,Kerry,Social Media,NASARAWA,Wireless,Line damage,,253.7,Critical
AXA-20201231-1464-HSE,,2020-12-31 18:36:30,2020-12-31 22:50:08,Sola,Wale,Social Media,FCT ABUJA,High speed Internet,Customers End,,253.63333333333333,Critical
AXA-20201204-3476-WiFi8,2020-12-04 10:39:10,2020-12-04 10:44:56,2020-12-04 14:58:30,Akin,Wale,WebForm,CROSS RIVER,WiFI - 8,Not Specified,346.0,253.56666666666666,Critical
AXA-20201217-3497-WiFi6,2020-12-17 15:58:29,2020-12-17 16:02:51,2020-12-17 20:16:21,Tunde,Victor,Social Media,ADAMAWA,WiFI - 6,Customers End,262.0,253.5,Critical
AXA-20201216-4094-VOICE,2020-12-16 11:35:00,2020-12-16 11:40:05,2020-12-16 15:53:32,Bukky,Wale,Chatbot,DELTA,Voice,Line damage,305.0,253.45,Critical
AXA-20201203-4417-WiFi8,2020-12-03 14:51:05,2020-12-03 14:56:41,2020-12-03 19:10:07,Sekina,Victor,Chatbot,DELTA,WiFI - 8,Line damage,336.0,253.43333333333334,Critical
AXA-20201221-4496-WiFi7,2020-12-21 14:43:21,2020-12-21 14:51:38,2020-12-21 19:05:03,Akin,Wale,Chatbot,ANAMBRA,WiFI - 7,Line damage,497.0,253.41666666666666,Critical
AXA-20201224-4422-C95,2020-12-24 13:36:24,2020-12-24 13:44:55,2020-12-24 17:58:19,Jonathan,Kerry,Phone Call,KOGI,Cloud95,Customers End,511.0,253.4,Critical
AXA-20201212-3214-WiFi10,2020-12-12 12:31:02,2020-12-12 12:33:08,2020-12-12 16:46:27,Bola,Victor,Chatbot,IMO,WiFI - 10,Customers End,126.0,253.31666666666666,Critical
AXA-20201202-3181-WLESS,2020-12-02 15:46:19,2020-12-02 15:48:57,2020-12-02 20:02:09,Jonathan,Kerry,Chatbot,GOMBE,Wireless,Customers End,158.0,253.2,Critical
AXA-20201226-5480-WiFi11,2020-12-26 08:45:05,2020-12-26 08:45:49,2020-12-26 12:59:01,Vitus,Seun,Chatbot,KANO,WiFI - 11,Customers End,44.0,253.2,Critical
AXA-20201203-5403-C100,2020-12-03 10:21:07,2020-12-03 10:29:23,2020-12-03 14:42:33,Segun,Seun,Email,KEBBI,Cloud100,Customers End,496.0,253.16666666666666,Critical
AXA-20201212-4981-WiFi8,2020-12-12 08:16:27,2020-12-12 08:19:13,2020-12-12 12:32:18,Habeeb,Victor,Chatbot,BAUCHI,WiFI - 8,Line damage,166.0,253.08333333333334,Critical
AXA-20201216-4125-WiFi3,2020-12-16 15:15:18,2020-12-16 15:18:30,2020-12-16 19:31:35,Kola,Wale,Phone Call,ONDO,WiFI - 3,Customers End,192.0,253.08333333333334,Critical
AXA-20201227-4299-WLESS,2020-12-27 09:50:48,2020-12-27 09:51:57,2020-12-27 14:04:59,Bola,Victor,Email,NIGER,Wireless,Line damage,69.0,253.03333333333333,Critical
AXA-20201212-5176-WiFi10,2020-12-12 13:39:58,2020-12-12 13:41:34,2020-12-12 17:54:36,Atiku,Victor,WebForm,PLATEAU,WiFI - 10,Customers End,96.0,253.03333333333333,Critical
AXA-20201217-5543-WiFi7,2020-12-17 08:52:20,2020-12-17 09:01:05,2020-12-17 13:13:52,Sherifat,Victor,Email,YOBE,WiFI - 7,Routine Service,525.0,252.78333333333333,Critical
AXA-20201230-1779-WLESS,,2020-12-30 19:46:47,2020-12-30 23:59:28,Habeeb,Victor,Social Media,KADUNA,Wireless,Customers End,,252.68333333333334,Critical
AXA-20201215-4348-WLESS,2020-12-15 14:49:35,2020-12-15 14:53:22,2020-12-15 19:06:03,John,Victor,Social Media,NASARAWA,Wireless,Routine Service,227.0,252.68333333333334,Critical
AXA-20201224-6105-WiFi8,2020-12-24 11:12:24,2020-12-24 11:16:58,2020-12-24 15:29:39,Bola,Victor,WebForm,ANAMBRA,WiFI - 8,Line damage,274.0,252.68333333333334,Critical
AXA-20201208-4005-ICS,2020-12-08 14:22:29,2020-12-08 14:31:38,2020-12-08 18:44:16,Kingsley,Kerry,WebForm,ZAMFARA,Interconnection Services,Customers End,549.0,252.63333333333333,Critical
AXA-20201217-4602-EVOICE,2020-12-17 10:16:48,2020-12-17 10:18:21,2020-12-17 14:30:59,Mary,Wale,Social Media,NIGER,EVoice,Customers End,93.0,252.63333333333333,Critical
AXA-20201223-3927-WiFi7,2020-12-23 09:26:50,2020-12-23 09:28:38,2020-12-23 13:41:15,Mary,Wale,Phone Call,SOKOTO,WiFI - 7,Support network failures,108.0,252.61666666666667,Critical
AXA-20201230-1154-HSE,,2020-12-30 02:17:45,2020-12-30 06:30:22,Tunde,Victor,Social Media,NASARAWA,High speed Internet,Customers End,,252.61666666666667,Critical
AXA-20201207-5360-WiFi9,2020-12-07 08:35:44,2020-12-07 08:41:59,2020-12-07 12:54:35,Sheg,Seun,WebForm,OGUN,WiFI - 9,Line damage,375.0,252.6,Critical
AXA-20201204-3072-WiFi5,2020-12-04 12:23:45,2020-12-04 12:32:07,2020-12-04 16:44:42,Amelia,Kerry,Email,DELTA,WiFI - 5,Customers End,502.0,252.58333333333334,Critical
AXA-20201208-4161-VOICE,2020-12-08 12:14:34,2020-12-08 12:23:04,2020-12-08 16:35:38,Myers,Kerry,Email,OYO,Voice,Routine Service,510.0,252.56666666666666,Critical
AXA-20201221-2833-WiFi9,2020-12-21 10:09:14,2020-12-21 10:17:21,2020-12-21 14:29:55,Ore,Seun,Phone Call,ADAMAWA,WiFI - 9,Routine Service,487.0,252.56666666666666,Critical
AXA-20201208-3243-EVOICE,2020-12-08 10:31:38,2020-12-08 10:39:04,2020-12-08 14:51:38,Sekina,Victor,Phone Call,CROSS RIVER,EVoice,Customers End,446.0,252.56666666666666,Critical
AXA-20201214-4743-EVOICE,2020-12-14 10:34:28,2020-12-14 10:43:34,2020-12-14 14:56:08,Sekina,Victor,Social Media,NIGER,EVoice,Customers End,546.0,252.56666666666666,Critical
AXA-20201214-2846-VOICE,2020-12-14 09:36:04,2020-12-14 09:38:34,2020-12-14 13:51:00,Myers,Kerry,Social Media,YOBE,Voice,Customers End,150.0,252.43333333333334,Critical
AXA-20201218-5119-MAC,2020-12-18 14:54:14,2020-12-18 14:56:53,2020-12-18 19:09:17,Sekina,Victor,WebForm,ONDO,Metro Area Connect,Routine Service,159.0,252.4,Critical
AXA-20201231-1263-HSE,,2020-12-31 13:33:46,2020-12-31 17:46:07,Atiku,Victor,Social Media,LAGOS,High speed Internet,hardware failure,,252.35,Critical
AXA-20201213-2438-WiFi7,2020-12-13 12:08:23,2020-12-13 12:15:29,2020-12-13 16:27:50,Mary,Wale,WebForm,OGUN,WiFI - 7,Customers End,426.0,252.35,Critical
AXA-20201207-5308-WiFi8,2020-12-07 10:49:24,2020-12-07 10:55:56,2020-12-07 15:08:13,Goodluck,Kerry,USSD,ABIA,WiFI - 8,Customers End,392.0,252.28333333333333,Critical
AXA-20201231-2051-HSE,,2020-12-31 18:41:37,2020-12-31 22:53:52,Fola,Wale,Social Media,NIGER,High speed Internet,Customers End,,252.25,Critical
AXA-20201216-5982-CBS,2020-12-16 10:39:41,2020-12-16 10:42:11,2020-12-16 14:54:23,Habeeb,Victor,Email,KEBBI,Cloud-based services,Customers End,150.0,252.2,Critical
AXA-20201229-1322-WLESS,,2020-12-29 17:08:18,2020-12-29 21:20:30,Bola,Victor,Social Media,IMO,Wireless,Customers End,,252.2,Critical
AXA-20201202-2216-WiFi5,2020-12-02 15:36:15,2020-12-02 15:43:46,2020-12-02 19:55:52,Amelia,Kerry,WebForm,IMO,WiFI - 5,hardware failure,451.0,252.1,Critical
AXA-20201222-4415-WiFi6,2020-12-22 13:34:02,2020-12-22 13:37:25,2020-12-22 17:49:30,John,Victor,Email,EDO,WiFI - 6,Customers End,203.0,252.08333333333334,Critical
AXA-20201210-3686-MAC,2020-12-10 11:29:50,2020-12-10 11:37:16,2020-12-10 15:49:21,Fola,Wale,USSD,FCT ABUJA,Metro Area Connect,Customers End,446.0,252.08333333333334,Critical
AXA-20201224-5686-MAC,2020-12-24 15:26:46,2020-12-24 15:27:19,2020-12-24 19:39:23,Sheg,Seun,WebForm,ENUGU,Metro Area Connect,Customers End,33.0,252.06666666666666,Critical
AXA-20201206-2139-C95,2020-12-06 10:54:35,2020-12-06 10:56:16,2020-12-06 15:08:19,Habeeb,Victor,Phone Call,GOMBE,Cloud95,Customers End,101.0,252.05,Critical
AXA-20201212-3093-WiFi8,2020-12-12 13:27:57,2020-12-12 13:33:33,2020-12-12 17:45:35,Habeeb,Victor,USSD,FCT ABUJA,WiFI - 8,Line damage,336.0,252.03333333333333,Critical
AXA-20201226-5628-WLESS,2020-12-26 13:07:37,2020-12-26 13:15:00,2020-12-26 17:26:41,Sola,Wale,Social Media,NASARAWA,Wireless,Not Specified,443.0,251.68333333333334,Critical
AXA-20201205-4590-ICS,2020-12-05 15:44:29,2020-12-05 15:49:09,2020-12-05 20:00:47,Jonathan,Kerry,USSD,KADUNA,Interconnection Services,Customers End,280.0,251.63333333333333,Critical
AXA-20201218-3177-WiFi4,2020-12-18 11:33:21,2020-12-18 11:42:41,2020-12-18 15:54:19,Kingsley,Kerry,Email,KOGI,WiFI - 4,Routine Service,560.0,251.63333333333333,Critical
AXA-20201219-5390-WiFi9,2020-12-19 13:29:50,2020-12-19 13:31:12,2020-12-19 17:42:49,Tunde,Victor,WebForm,KADUNA,WiFI - 9,Line damage,82.0,251.61666666666667,Critical
AXA-20201223-4666-WiFi4,2020-12-23 15:12:20,2020-12-23 15:18:34,2020-12-23 19:30:10,Jonathan,Kerry,Social Media,NASARAWA,WiFI - 4,Line damage,374.0,251.6,Critical
AXA-20201231-1619-WLESS,,2020-12-31 03:45:43,2020-12-31 07:57:17,Myers,Kerry,Social Media,NIGER,Wireless,Line damage,,251.56666666666666,Critical
AXA-20201230-1368-WLESS,,2020-12-30 18:25:52,2020-12-30 22:37:26,Myers,Kerry,Social Media,OGUN,Wireless,Line damage,,251.56666666666666,Critical
AXA-20201225-5078-WLESS,2020-12-25 10:58:38,2020-12-25 10:59:16,2020-12-25 15:10:48,Bukky,Wale,Chatbot,FCT ABUJA,Wireless,Customers End,38.0,251.53333333333333,Critical
AXA-20201218-4378-HSE,2020-12-18 12:26:46,2020-12-18 12:29:32,2020-12-18 16:41:03,Ore,Seun,Chatbot,EKITI,High speed Internet,Not Specified,166.0,251.51666666666668,Critical
AXA-20201221-3742-WLESS,2020-12-21 14:37:22,2020-12-21 14:38:35,2020-12-21 18:50:04,Atiku,Victor,USSD,EKITI,Wireless,Customers End,73.0,251.48333333333332,Critical
AXA-20201224-5379-WiFi9,2020-12-24 10:22:11,2020-12-24 10:32:23,2020-12-24 14:43:51,Kachi,Seun,WebForm,BAUCHI,WiFI - 9,Line damage,612.0,251.46666666666667,Critical
AXA-20201230-1640-HSE,,2020-12-30 12:23:50,2020-12-30 16:35:15,Sherifat,Victor,Social Media,ABIA,High speed Internet,Customers End,,251.41666666666666,Critical
AXA-20201204-5098-WiFi6,2020-12-04 13:58:31,2020-12-04 14:07:00,2020-12-04 18:18:20,John,Victor,USSD,NASARAWA,WiFI - 6,Customers End,509.0,251.33333333333334,Critical
AXA-20201213-4107-WLESS,2020-12-13 13:59:21,2020-12-13 14:07:41,2020-12-13 18:19:01,Goodluck,Kerry,WebForm,BORNO,Wireless,Line damage,500.0,251.33333333333334,Critical
AXA-20201211-2602-WiFi5,2020-12-11 13:53:27,2020-12-11 13:55:54,2020-12-11 18:07:14,Bukky,Wale,Social Media,OGUN,WiFI - 5,Not Specified,147.0,251.33333333333334,Critical
AXA-20201230-1756-WLESS,,2020-12-30 19:47:44,2020-12-30 23:59:03,Jennifer,Kerry,Social Media,ENUGU,Wireless,Customers End,,251.31666666666666,Critical
AXA-20201231-1788-WLESS,,2020-12-31 20:58:20,2021-01-01 01:09:37,Ore,Seun,Social Media,ADAMAWA,Wireless,Routine Service,,251.28333333333333,Critical
AXA-20201222-5001-WLESS,2020-12-22 14:50:54,2020-12-22 14:59:37,2020-12-22 19:10:50,Atiku,Victor,Social Media,OSUN,Wireless,Customers End,523.0,251.21666666666667,Critical
AXA-20201205-2123-ICS,2020-12-05 11:04:12,2020-12-05 11:06:44,2020-12-05 15:17:56,Kingsley,Kerry,Social Media,RIVERS,Interconnection Services,Customers End,152.0,251.2,Critical
AXA-20201222-2516-WiFi6,2020-12-22 14:13:25,2020-12-22 14:20:02,2020-12-22 18:31:09,Sherifat,Victor,USSD,OYO,WiFI - 6,Customers End,397.0,251.11666666666667,Critical
AXA-20201230-2054-HSE,,2020-12-30 08:57:12,2020-12-30 13:08:18,Atiku,Victor,Social Media,NIGER,High speed Internet,Customers End,,251.1,Critical
AXA-20201220-2507-WLESS,2020-12-20 13:57:24,2020-12-20 14:07:33,2020-12-20 18:18:21,Atiku,Victor,Social Media,LAGOS,Wireless,Not Specified,609.0,250.8,Critical
AXA-20201230-1404-WLESS,,2020-12-30 04:11:43,2020-12-30 08:22:25,Sheg,Seun,Social Media,GOMBE,Wireless,Customers End,,250.7,Critical
AXA-20201210-5418-WiFi5,2020-12-10 14:35:03,2020-12-10 14:44:27,2020-12-10 18:55:08,Bukky,Wale,Phone Call,CROSS RIVER,WiFI - 5,Support network failures,564.0,250.68333333333334,Critical
AXA-20201217-5020-EVOICE,2020-12-17 09:07:39,2020-12-17 09:14:04,2020-12-17 13:24:44,Mary,Wale,USSD,KOGI,EVoice,Line damage,385.0,250.66666666666666,Critical
AXA-20201230-1155-HSE,,2020-12-30 01:31:44,2020-12-30 05:42:23,Segun,Seun,Social Media,NASARAWA,High speed Internet,Line damage,,250.65,Critical
AXA-20201222-2736-HSE,2020-12-22 14:37:54,2020-12-22 14:46:14,2020-12-22 18:56:51,Kingsley,Kerry,Phone Call,EKITI,High speed Internet,Customers End,500.0,250.61666666666667,Critical
AXA-20201229-1745-WLESS,,2020-12-29 16:20:49,2020-12-29 20:31:21,Jennifer,Kerry,Social Media,LAGOS,Wireless,Customers End,,250.53333333333333,Critical
AXA-20201218-5725-MCON,2020-12-18 09:59:48,2020-12-18 10:05:31,2020-12-18 14:16:02,Jennifer,Kerry,WebForm,YOBE,M Connect,Not Specified,343.0,250.51666666666668,Critical
AXA-20201204-5811-EVOICE,2020-12-04 15:24:55,2020-12-04 15:26:41,2020-12-04 19:37:12,Brenda,Kerry,Social Media,ZAMFARA,EVoice,Customers End,106.0,250.51666666666668,Critical
AXA-20201227-2390-CBS,2020-12-27 09:46:57,2020-12-27 09:51:02,2020-12-27 14:01:23,Goodluck,Kerry,Phone Call,RIVERS,Cloud-based services,Customers End,245.0,250.35,Critical
AXA-20201229-1708-WLESS,,2020-12-29 16:42:41,2020-12-29 20:53:02,John,Victor,Social Media,ZAMFARA,Wireless,Customers End,,250.35,Critical
AXA-20201212-5189-WiFi4,2020-12-12 09:51:07,2020-12-12 09:56:28,2020-12-12 14:06:46,Goodluck,Kerry,Email,BORNO,WiFI - 4,Routine Service,321.0,250.3,Critical
AXA-20201208-5469-WiFi11,2020-12-08 13:25:33,2020-12-08 13:34:15,2020-12-08 17:44:29,Tunde,Victor,Email,DELTA,WiFI - 11,Customers End,522.0,250.23333333333332,Critical
AXA-20201231-2003-WLESS,,2020-12-31 19:11:24,2020-12-31 23:21:37,Sekina,Victor,Social Media,KANO,Wireless,Routine Service,,250.21666666666667,Critical
AXA-20201231-1583-WLESS,,2020-12-31 11:24:32,2020-12-31 15:34:41,Atiku,Victor,Social Media,KATSINA,Wireless,Not Specified,,250.15,Critical
AXA-20201221-5154-HSE,2020-12-21 11:53:34,2020-12-21 12:04:12,2020-12-21 16:14:20,John,Victor,USSD,NASARAWA,High speed Internet,Line damage,638.0,250.13333333333333,Critical
AXA-20201230-1204-HSE,,2020-12-30 18:04:52,2020-12-30 22:14:55,Kingsley,Kerry,Social Media,OGUN,High speed Internet,Line damage,,250.05,Critical
AXA-20201214-2112-HSE,2020-12-14 09:33:02,2020-12-14 09:40:48,2020-12-14 13:50:51,Popoola,Seun,Email,ZAMFARA,High speed Internet,Routine Service,466.0,250.05,Critical
AXA-20201206-3745-WiFi3,2020-12-06 10:10:56,2020-12-06 10:20:11,2020-12-06 14:29:59,Atiku,Victor,Chatbot,KADUNA,WiFI - 3,Routine Service,555.0,249.8,Critical
AXA-20201212-3535-EVOICE,2020-12-12 14:40:01,2020-12-12 14:45:17,2020-12-12 18:54:57,Bola,Victor,Email,NIGER,EVoice,Customers End,316.0,249.66666666666666,Critical
AXA-20201211-4059-MAC,2020-12-11 14:41:49,2020-12-11 14:42:12,2020-12-11 18:51:49,Fola,Wale,Phone Call,RIVERS,Metro Area Connect,Not Specified,23.0,249.61666666666667,Critical
AXA-20201206-5729-CBS,2020-12-06 09:39:56,2020-12-06 09:49:10,2020-12-06 13:58:44,Goodluck,Kerry,Email,IMO,Cloud-based services,Line damage,554.0,249.56666666666666,Critical
AXA-20201213-3167-MAC,2020-12-13 13:07:17,2020-12-13 13:18:02,2020-12-13 17:27:35,Kingsley,Kerry,Email,YOBE,Metro Area Connect,hardware failure,645.0,249.55,Critical
AXA-20201231-1924-HSE,,2020-12-31 18:46:15,2020-12-31 22:55:45,Myers,Kerry,Social Media,ENUGU,High speed Internet,Customers End,,249.5,Critical
AXA-20201204-3662-VOICE,2020-12-04 10:22:02,2020-12-04 10:22:08,2020-12-04 14:31:26,Amelia,Kerry,Email,GOMBE,Voice,Customers End,6.0,249.3,Critical
AXA-20201223-5758-WiFi10,2020-12-23 11:27:32,2020-12-23 11:31:16,2020-12-23 15:40:32,Bola,Victor,Email,GOMBE,WiFI - 10,Customers End,224.0,249.26666666666668,Critical
AXA-20201229-1436-WLESS,,2020-12-29 14:50:43,2020-12-29 18:59:58,Brenda,Kerry,Social Media,OYO,Wireless,Line damage,,249.25,Critical
AXA-20201210-4188-WiFi4,2020-12-10 14:41:04,2020-12-10 14:50:38,2020-12-10 18:59:45,Sherifat,Victor,Chatbot,GOMBE,WiFI - 4,Customers End,574.0,249.11666666666667,Critical
AXA-20201210-3593-WiFi8,2020-12-10 13:06:04,2020-12-10 13:07:44,2020-12-10 17:16:47,John,Victor,USSD,NIGER,WiFI - 8,Customers End,100.0,249.05,Critical
AXA-20201206-2226-WiFi5,2020-12-06 08:54:38,2020-12-06 09:00:59,2020-12-06 13:09:45,Atiku,Victor,WebForm,NASARAWA,WiFI - 5,Customers End,381.0,248.76666666666668,Critical
AXA-20201205-2693-C100,2020-12-05 12:42:44,2020-12-05 12:42:54,2020-12-05 16:51:38,Sherifat,Victor,Email,KWARA,Cloud100,Support network failures,10.0,248.73333333333332,Critical
AXA-20201204-2494-WiFi4,2020-12-04 14:28:44,2020-12-04 14:36:14,2020-12-04 18:44:58,Goodluck,Kerry,Social Media,DELTA,WiFI - 4,Customers End,450.0,248.73333333333332,Critical
AXA-20201230-1795-WLESS,,2020-12-30 17:03:31,2020-12-30 21:12:12,Jonathan,Kerry,Social Media,DELTA,Wireless,Customers End,,248.68333333333334,Critical
AXA-20201207-5464-C95,2020-12-07 12:48:53,2020-12-07 12:55:03,2020-12-07 17:03:40,Sherifat,Victor,WebForm,OSUN,Cloud95,Not Specified,370.0,248.61666666666667,Critical
AXA-20201210-3112-WiFi8,2020-12-10 09:13:43,2020-12-10 09:17:02,2020-12-10 13:25:36,Amelia,Kerry,WebForm,KANO,WiFI - 8,Line damage,199.0,248.56666666666666,Critical
AXA-20201217-2571-C100,2020-12-17 13:21:28,2020-12-17 13:22:33,2020-12-17 17:31:06,John,Victor,WebForm,BAYELSA,Cloud100,Customers End,65.0,248.55,Critical
AXA-20201206-3666-WiFi10,2020-12-06 12:41:59,2020-12-06 12:44:19,2020-12-06 16:52:47,Habeeb,Victor,Phone Call,KWARA,WiFI - 10,Customers End,140.0,248.46666666666667,Critical
AXA-20201229-1898-CBS,,2020-12-29 19:07:38,2020-12-29 23:16:06,Segun,Seun,Social Media,RIVERS,Cloud-based services,Customers End,,248.46666666666667,Critical
AXA-20201224-4333-WiFi10,2020-12-24 11:02:54,2020-12-24 11:04:20,2020-12-24 15:12:45,Kingsley,Kerry,Email,EDO,WiFI - 10,Customers End,86.0,248.41666666666666,Critical
AXA-20201230-1992-WLESS,,2020-12-30 00:21:31,2020-12-30 04:29:55,Vitus,Seun,Social Media,JIGAWA,Wireless,Customers End,,248.4,Critical
AXA-20201231-1352-WLESS,,2020-12-31 23:09:50,2021-01-01 03:18:14,Kingsley,Kerry,Social Media,NASARAWA,Wireless,Line damage,,248.4,Critical
AXA-20201224-2322-CBS,2020-12-24 14:14:52,2020-12-24 14:18:24,2020-12-24 18:26:46,Atiku,Victor,Phone Call,LAGOS,Cloud-based services,Line damage,212.0,248.36666666666667,Critical
AXA-20201223-3974-MAC,2020-12-23 11:29:14,2020-12-23 11:34:50,2020-12-23 15:42:59,Ore,Seun,Phone Call,ANAMBRA,Metro Area Connect,Not Specified,336.0,248.15,Critical
AXA-20201201-2288-HSE,2020-12-01 11:17:05,2020-12-01 11:23:27,2020-12-01 15:31:11,Jennifer,Kerry,USSD,LAGOS,High speed Internet,hardware failure,382.0,247.73333333333332,Critical
AXA-20201231-1409-WLESS,,2020-12-31 18:45:43,2020-12-31 22:53:24,Myers,Kerry,Social Media,NASARAWA,Wireless,Line damage,,247.68333333333334,Critical
AXA-20201202-5453-CBS,2020-12-02 12:53:07,2020-12-02 12:56:53,2020-12-02 17:04:32,Atiku,Victor,Phone Call,IMO,Cloud-based services,hardware failure,226.0,247.65,Critical
AXA-20201215-2749-WiFi3,2020-12-15 12:17:13,2020-12-15 12:17:54,2020-12-15 16:25:29,Tunde,Victor,Email,ENUGU,WiFI - 3,Not Specified,41.0,247.58333333333334,Critical
AXA-20201225-4860-WiFi5,2020-12-25 11:00:32,2020-12-25 11:06:16,2020-12-25 15:13:46,Tunde,Victor,Social Media,OSUN,WiFI - 5,Router Failure,344.0,247.5,Critical
AXA-20201231-1730-WLESS,,2020-12-31 16:13:50,2020-12-31 20:21:16,Sola,Wale,Social Media,DELTA,Wireless,Not Specified,,247.43333333333334,Critical
AXA-20201204-5448-WLESS,2020-12-04 13:53:44,2020-12-04 14:02:14,2020-12-04 18:09:38,Sheg,Seun,Chatbot,IMO,Wireless,Customers End,510.0,247.4,Critical
AXA-20201222-4029-MAC,2020-12-22 11:13:19,2020-12-22 11:20:37,2020-12-22 15:28:01,Myers,Kerry,WebForm,IMO,Metro Area Connect,Line damage,438.0,247.4,Critical
AXA-20201216-2696-WiFi6,2020-12-16 13:07:29,2020-12-16 13:17:05,2020-12-16 17:24:27,Bola,Victor,Chatbot,NASARAWA,WiFI - 6,Customers End,576.0,247.36666666666667,Critical
AXA-20201203-2950-WiFi7,2020-12-03 09:13:51,2020-12-03 09:21:39,2020-12-03 13:29:01,Paul,Seun,Email,KWARA,WiFI - 7,Customers End,468.0,247.36666666666667,Critical
AXA-20201208-2206-CBS,2020-12-08 15:22:49,2020-12-08 15:30:17,2020-12-08 19:37:38,Bola,Victor,USSD,KANO,Cloud-based services,Customers End,448.0,247.35,Critical
AXA-20201204-4896-MCON,2020-12-04 10:53:59,2020-12-04 11:01:08,2020-12-04 15:08:28,Ore,Seun,Email,KEBBI,M Connect,Customers End,429.0,247.33333333333334,Critical
AXA-20201212-3892-WiFi5,2020-12-12 11:28:50,2020-12-12 11:38:55,2020-12-12 15:46:14,Segun,Seun,Chatbot,OYO,WiFI - 5,Customers End,605.0,247.31666666666666,Critical
AXA-20201216-2949-MAC,2020-12-16 10:03:24,2020-12-16 10:11:01,2020-12-16 14:18:20,Sekina,Victor,Social Media,KANO,Metro Area Connect,Customers End,457.0,247.31666666666666,Critical
AXA-20201225-3442-WiFi4,2020-12-25 12:16:03,2020-12-25 12:25:23,2020-12-25 16:32:41,Tunde,Victor,Social Media,DELTA,WiFI - 4,Line damage,560.0,247.3,Critical
AXA-20201215-5853-MAC,2020-12-15 09:39:41,2020-12-15 09:39:47,2020-12-15 13:47:03,Atiku,Victor,Chatbot,PLATEAU,Metro Area Connect,Customers End,6.0,247.26666666666668,Critical
AXA-20201210-4182-WLESS,2020-12-10 08:54:08,2020-12-10 08:59:51,2020-12-10 13:07:04,Sola,Wale,WebForm,KANO,Wireless,Customers End,343.0,247.21666666666667,Critical
AXA-20201219-2258-WiFi7,2020-12-19 13:46:05,2020-12-19 13:56:19,2020-12-19 18:03:27,John,Victor,Phone Call,NIGER,WiFI - 7,Support network failures,614.0,247.13333333333333,Critical
AXA-20201226-4736-WLESS,2020-12-26 15:22:50,2020-12-26 15:32:34,2020-12-26 19:39:40,Myers,Kerry,Chatbot,IMO,Wireless,Customers End,584.0,247.1,Critical
AXA-20201207-4607-HSE,2020-12-07 15:11:44,2020-12-07 15:16:24,2020-12-07 19:23:29,Goodluck,Kerry,Social Media,YOBE,High speed Internet,Line damage,280.0,247.08333333333334,Critical
AXA-20201231-1430-VOICE,,2020-12-31 10:44:53,2020-12-31 14:51:41,Amelia,Kerry,Social Media,CROSS RIVER,Voice,Customers End,,246.8,Critical
AXA-20201201-5590-HSE,2020-12-01 08:04:12,2020-12-01 08:09:57,2020-12-01 12:16:42,Amelia,Kerry,Social Media,GOMBE,High speed Internet,Customers End,345.0,246.75,Critical
AXA-20201223-5324-C100,2020-12-23 08:04:34,2020-12-23 08:14:21,2020-12-23 12:21:01,Tunde,Victor,Phone Call,OYO,Cloud100,Customers End,587.0,246.66666666666666,Critical
AXA-20201230-1732-WLESS,,2020-12-30 19:13:43,2020-12-30 23:20:19,Kola,Wale,Social Media,DELTA,Wireless,Routine Service,,246.6,Critical
AXA-20201215-5685-MAC,2020-12-15 14:38:40,2020-12-15 14:49:17,2020-12-15 18:55:50,Bola,Victor,Social Media,ANAMBRA,Metro Area Connect,Routine Service,637.0,246.55,Critical
AXA-20201213-5905-WiFi6,2020-12-13 11:15:39,2020-12-13 11:16:59,2020-12-13 15:23:19,Paul,Seun,USSD,TARABA,WiFI - 6,Routine Service,80.0,246.33333333333334,Critical
AXA-20201201-2214-WLESS,2020-12-01 11:54:01,2020-12-01 11:55:12,2020-12-01 16:01:32,Kingsley,Kerry,Social Media,YOBE,Wireless,Support network failures,71.0,246.33333333333334,Critical
AXA-20201207-5151-WiFi5,2020-12-07 08:27:59,2020-12-07 08:38:28,2020-12-07 12:44:45,Atiku,Victor,Chatbot,ONDO,WiFI - 5,Line damage,629.0,246.28333333333333,Critical
AXA-20201215-4470-WLESS,2020-12-15 13:52:21,2020-12-15 14:00:54,2020-12-15 18:07:04,Bukky,Wale,Email,ZAMFARA,Wireless,Not Specified,513.0,246.16666666666666,Critical
AXA-20201203-4525-WLESS,2020-12-03 12:03:40,2020-12-03 12:09:15,2020-12-03 16:15:22,Brenda,Kerry,USSD,OYO,Wireless,Customers End,335.0,246.11666666666667,Critical
AXA-20201231-1326-WLESS,,2020-12-31 17:42:29,2020-12-31 21:48:16,Goodluck,Kerry,Social Media,ONDO,Wireless,Line damage,,245.78333333333333,Critical
AXA-20201210-5171-WiFi10,2020-12-10 08:32:01,2020-12-10 08:32:12,2020-12-10 12:37:55,Jonathan,Kerry,USSD,AKWA IBOM,WiFI - 10,Customers End,11.0,245.71666666666667,Critical
AXA-20201231-1948-WLESS,,2020-12-31 20:00:46,2021-01-01 00:06:27,Tunde,Victor,Social Media,PLATEAU,Wireless,Routine Service,,245.68333333333334,Critical
AXA-20201203-2709-HSE,2020-12-03 10:53:14,2020-12-03 10:56:45,2020-12-03 15:02:26,Habeeb,Victor,Social Media,ANAMBRA,High speed Internet,Line damage,211.0,245.68333333333334,Critical
AXA-20201229-1410-WLESS,,2020-12-29 15:49:09,2020-12-29 19:54:39,Kingsley,Kerry,USSD,FCT ABUJA,Wireless,Customers End,,245.5,Critical
AXA-20201209-4679-CBS,2020-12-09 12:06:28,2020-12-09 12:14:38,2020-12-09 16:20:08,Goodluck,Kerry,WebForm,OGUN,Cloud-based services,hardware failure,490.0,245.5,Critical
AXA-20201211-4764-WiFi11,2020-12-11 11:51:35,2020-12-11 11:55:10,2020-12-11 16:00:40,Brenda,Kerry,WebForm,DELTA,WiFI - 11,Line damage,215.0,245.5,Critical
AXA-20201204-5182-WiFi8,2020-12-04 14:14:06,2020-12-04 14:17:49,2020-12-04 18:23:18,Brenda,Kerry,Phone Call,BORNO,WiFI - 8,Line damage,223.0,245.48333333333332,Critical
AXA-20201219-5964-WiFi3,2020-12-19 11:48:07,2020-12-19 11:54:28,2020-12-19 15:59:56,Kingsley,Kerry,Chatbot,ENUGU,WiFI - 3,Intrusions,381.0,245.46666666666667,Critical
AXA-20201229-1135-WLESS,,2020-12-29 20:45:30,2020-12-30 00:50:53,Sheg,Seun,Social Media,KANO,Wireless,Customers End,,245.38333333333333,Critical
AXA-20201227-3707-CBS,2020-12-27 09:04:48,2020-12-27 09:12:18,2020-12-27 13:17:41,Tunde,Victor,USSD,BORNO,Cloud-based services,Customers End,450.0,245.38333333333333,Critical
AXA-20201231-1699-WLESS,,2020-12-31 13:21:35,2020-12-31 17:26:54,Sekina,Victor,Social Media,ONDO,Wireless,Customers End,,245.31666666666666,Critical
AXA-20201220-5429-ICS,2020-12-20 10:26:27,2020-12-20 10:27:37,2020-12-20 14:32:54,Boye,Wale,Phone Call,ONDO,Interconnection Services,Customers End,70.0,245.28333333333333,Critical
AXA-20201213-3681-C95,2020-12-13 08:43:02,2020-12-13 08:43:38,2020-12-13 12:48:54,Habeeb,Victor,USSD,EDO,Cloud95,Customers End,36.0,245.26666666666668,Critical
AXA-20201203-5737-WiFi9,2020-12-03 12:20:18,2020-12-03 12:24:32,2020-12-03 16:29:48,Amelia,Kerry,Email,OGUN,WiFI - 9,Customers End,254.0,245.26666666666668,Critical
AXA-20201231-1879-MCON,,2020-12-31 03:08:27,2020-12-31 07:13:40,Jonathan,Kerry,Social Media,OGUN,M Connect,Line damage,,245.21666666666667,Critical
AXA-20201211-3691-C100,2020-12-11 08:56:59,2020-12-11 09:05:14,2020-12-11 13:10:24,Bukky,Wale,Email,OGUN,Cloud100,Line damage,495.0,245.16666666666666,Critical
AXA-20201210-4287-WLESS,2020-12-10 09:05:53,2020-12-10 09:11:25,2020-12-10 13:16:11,Bola,Victor,WebForm,LAGOS,Wireless,Not Specified,332.0,244.76666666666668,Critical
AXA-20201218-3125-WiFi3,2020-12-18 09:05:08,2020-12-18 09:11:17,2020-12-18 13:16:00,Myers,Kerry,Email,RIVERS,WiFI - 3,Line damage,369.0,244.71666666666667,Critical
AXA-20201231-1336-WLESS,,2020-12-31 00:52:15,2020-12-31 04:56:57,Atiku,Victor,Social Media,PLATEAU,Wireless,Line damage,,244.7,Critical
AXA-20201206-2917-WiFi5,2020-12-06 13:48:33,2020-12-06 13:50:00,2020-12-06 17:54:41,Segun,Seun,USSD,DELTA,WiFI - 5,Customers End,87.0,244.68333333333334,Critical
AXA-20201203-2687-WLESS,2020-12-03 09:54:08,2020-12-03 09:59:47,2020-12-03 14:04:25,Bola,Victor,Phone Call,GOMBE,Wireless,Customers End,339.0,244.63333333333333,Critical
AXA-20201214-5184-C100,2020-12-14 13:27:58,2020-12-14 13:35:24,2020-12-14 17:39:54,Sola,Wale,USSD,ENUGU,Cloud100,Not Specified,446.0,244.5,Critical
AXA-20201206-5242-MCON,2020-12-06 15:21:13,2020-12-06 15:29:01,2020-12-06 19:33:29,Sekina,Victor,Social Media,KANO,M Connect,Routine Service,468.0,244.46666666666667,Critical
AXA-20201209-4256-WLESS,2020-12-09 13:12:08,2020-12-09 13:14:33,2020-12-09 17:18:58,Goodluck,Kerry,Email,ADAMAWA,Wireless,Support network failures,145.0,244.41666666666666,Critical
AXA-20201222-5125-WiFi10,2020-12-22 11:45:54,2020-12-22 11:56:36,2020-12-22 16:01:01,Segun,Seun,Social Media,RIVERS,WiFI - 10,Routine Service,642.0,244.41666666666666,Critical
AXA-20201202-4167-WiFi8,2020-12-02 08:49:13,2020-12-02 08:59:55,2020-12-02 13:04:19,Vitus,Seun,WebForm,ANAMBRA,WiFI - 8,Line damage,642.0,244.4,Critical
AXA-20201211-2278-WiFi3,2020-12-11 09:54:47,2020-12-11 09:58:55,2020-12-11 14:03:15,Vitus,Seun,Phone Call,DELTA,WiFI - 3,Line damage,248.0,244.33333333333334,Critical
AXA-20201231-1955-WLESS,,2020-12-31 22:57:29,2021-01-01 03:01:47,Kola,Wale,Social Media,ENUGU,Wireless,Customers End,,244.3,Critical
AXA-20201216-5572-WiFi10,2020-12-16 08:25:06,2020-12-16 08:35:53,2020-12-16 12:40:11,Sherifat,Victor,Chatbot,GOMBE,WiFI - 10,Routine Service,647.0,244.3,Critical
AXA-20201231-1181-HSE,,2020-12-31 22:26:51,2021-01-01 02:31:07,Bola,Victor,Social Media,KANO,High speed Internet,Not Specified,,244.26666666666668,Critical
AXA-20201219-6013-WiFi8,2020-12-19 08:32:09,2020-12-19 08:41:17,2020-12-19 12:45:31,Mary,Wale,Email,ADAMAWA,WiFI - 8,Routine Service,548.0,244.23333333333332,Critical
AXA-20201201-3907-HSE,2020-12-01 11:13:03,2020-12-01 11:15:41,2020-12-01 15:19:44,Bukky,Wale,WebForm,PLATEAU,High speed Internet,hardware failure,158.0,244.05,Critical
AXA-20201223-4789-EVOICE,2020-12-23 14:31:44,2020-12-23 14:33:07,2020-12-23 18:37:10,Atiku,Victor,Social Media,ADAMAWA,EVoice,Customers End,83.0,244.05,Critical
AXA-20201212-3457-WiFi7,2020-12-12 13:17:53,2020-12-12 13:28:15,2020-12-12 17:32:03,Akin,Wale,Email,PLATEAU,WiFI - 7,Not Specified,622.0,243.8,Critical
AXA-20201223-4469-MCON,2020-12-23 14:58:28,2020-12-23 14:58:43,2020-12-23 19:02:28,Bola,Victor,Email,OGUN,M Connect,Router Failure,15.0,243.75,Critical
AXA-20201223-5259-MCON,2020-12-23 08:20:13,2020-12-23 08:30:28,2020-12-23 12:34:09,John,Victor,Phone Call,KANO,M Connect,Customers End,615.0,243.68333333333334,Critical
AXA-20201210-4382-WiFi9,2020-12-10 14:28:27,2020-12-10 14:28:43,2020-12-10 18:32:22,Brenda,Kerry,Chatbot,DELTA,WiFI - 9,Customers End,16.0,243.65,Critical
AXA-20201219-2731-WiFi7,2020-12-19 11:26:31,2020-12-19 11:35:01,2020-12-19 15:38:31,Atiku,Victor,USSD,ANAMBRA,WiFI - 7,Not Specified,510.0,243.5,Critical
AXA-20201231-1126-WLESS,,2020-12-31 16:50:37,2020-12-31 20:54:02,Atiku,Victor,Social Media,ANAMBRA,Wireless,Not Specified,,243.41666666666666,Critical
AXA-20201229-1412-CBS,,2020-12-29 15:41:41,2020-12-29 19:44:59,Vitus,Seun,USSD,DELTA,Cloud-based services,hardware failure,,243.3,Critical
AXA-20201231-1369-WLESS,,2020-12-31 19:16:21,2020-12-31 23:19:32,Jonathan,Kerry,Social Media,PLATEAU,Wireless,Routine Service,,243.18333333333334,Critical
AXA-20201230-1521-HSE,,2020-12-30 10:11:34,2020-12-30 14:14:40,Bola,Victor,Social Media,EDO,High speed Internet,hardware failure,,243.1,Critical
AXA-20201212-4536-WiFi9,2020-12-12 12:26:19,2020-12-12 12:35:28,2020-12-12 16:38:33,Sherifat,Victor,WebForm,PLATEAU,WiFI - 9,hardware failure,549.0,243.08333333333334,Critical
AXA-20201208-5472-C100,2020-12-08 13:03:35,2020-12-08 13:13:09,2020-12-08 17:16:12,John,Victor,Social Media,LAGOS,Cloud100,Not Specified,574.0,243.05,Critical
AXA-20201208-4140-EVOICE,2020-12-08 11:30:53,2020-12-08 11:33:00,2020-12-08 15:35:46,Jonathan,Kerry,USSD,OYO,EVoice,Line damage,127.0,242.76666666666668,Critical
AXA-20201230-1111-HSE,,2020-12-30 10:43:15,2020-12-30 14:46:01,Habeeb,Victor,Social Media,LAGOS,High speed Internet,Customers End,,242.76666666666668,Critical
AXA-20201207-5383-C100,2020-12-07 11:08:46,2020-12-07 11:09:26,2020-12-07 15:12:10,Bukky,Wale,Email,TARABA,Cloud100,Routine Service,40.0,242.73333333333332,Critical
AXA-20201212-6067-WiFi3,2020-12-12 08:15:42,2020-12-12 08:25:56,2020-12-12 12:28:38,Jennifer,Kerry,Email,RIVERS,WiFI - 3,Customers End,614.0,242.7,Critical
AXA-20201215-5813-WiFi6,2020-12-15 10:27:36,2020-12-15 10:29:44,2020-12-15 14:32:25,John,Victor,Email,ANAMBRA,WiFI - 6,Customers End,128.0,242.68333333333334,Critical
AXA-20201221-3648-WiFi10,2020-12-21 12:37:02,2020-12-21 12:40:36,2020-12-21 16:43:16,Bukky,Wale,WebForm,DELTA,WiFI - 10,Customers End,214.0,242.66666666666666,Critical
AXA-20201204-3410-WiFi8,2020-12-04 09:00:30,2020-12-04 09:10:00,2020-12-04 13:12:40,Jonathan,Kerry,Chatbot,FCT ABUJA,WiFI - 8,Customers End,570.0,242.66666666666666,Critical
AXA-20201204-4019-WLESS,2020-12-04 12:01:07,2020-12-04 12:10:33,2020-12-04 16:13:13,Paul,Seun,Chatbot,ANAMBRA,Wireless,Customers End,566.0,242.66666666666666,Critical
AXA-20201221-5053-MCON,2020-12-21 10:31:49,2020-12-21 10:36:58,2020-12-21 14:39:34,Bola,Victor,WebForm,BORNO,M Connect,Customers End,309.0,242.6,Critical
AXA-20201215-4309-VOICE,2020-12-15 13:10:10,2020-12-15 13:17:45,2020-12-15 17:20:18,Bola,Victor,Chatbot,BORNO,Voice,Not Specified,455.0,242.55,Critical
AXA-20201225-3498-WLESS,2020-12-25 09:19:54,2020-12-25 09:27:04,2020-12-25 13:29:30,Ore,Seun,Email,NIGER,Wireless,Customers End,430.0,242.43333333333334,Critical
AXA-20201225-2211-WiFi10,2020-12-25 13:22:51,2020-12-25 13:26:24,2020-12-25 17:28:42,Mary,Wale,WebForm,ZAMFARA,WiFI - 10,Line damage,213.0,242.3,Critical
AXA-20201230-1648-HSE,,2020-12-30 18:24:01,2020-12-30 22:26:10,Kingsley,Kerry,Social Media,OGUN,High speed Internet,Line damage,,242.15,Critical
AXA-20201214-2165-WiFi8,2020-12-14 10:21:06,2020-12-14 10:30:17,2020-12-14 14:32:26,Kachi,Seun,WebForm,KANO,WiFI - 8,Customers End,551.0,242.15,Critical
AXA-20201227-3151-C100,2020-12-27 12:10:58,2020-12-27 12:15:14,2020-12-27 16:17:20,Sherifat,Victor,USSD,ZAMFARA,Cloud100,Line damage,256.0,242.1,Critical
AXA-20201231-2016-CBS,,2020-12-31 03:40:47,2020-12-31 07:42:53,Jennifer,Kerry,Social Media,NIGER,Cloud-based services,Line damage,,242.1,Critical
AXA-20201214-2480-C95,2020-12-14 13:01:12,2020-12-14 13:04:39,2020-12-14 17:06:26,Atiku,Victor,USSD,ANAMBRA,Cloud95,Customers End,207.0,241.78333333333333,Critical
AXA-20201231-1683-HSE,,2020-12-31 07:01:44,2020-12-31 11:03:25,Paul,Seun,Social Media,ANAMBRA,High speed Internet,Routine Service,,241.68333333333334,Critical
AXA-20201230-2014-WLESS,,2020-12-30 02:19:44,2020-12-30 06:21:24,Segun,Seun,Social Media,YOBE,Wireless,Customers End,,241.66666666666666,Critical
AXA-20201207-5255-WiFi3,2020-12-07 11:46:22,2020-12-07 11:52:27,2020-12-07 15:54:01,Vitus,Seun,Phone Call,FCT ABUJA,WiFI - 3,Customers End,365.0,241.56666666666666,Critical
AXA-20201218-5109-ICS,2020-12-18 13:21:27,2020-12-18 13:23:02,2020-12-18 17:24:30,Akin,Wale,USSD,RIVERS,Interconnection Services,Line damage,95.0,241.46666666666667,Critical
AXA-20201221-3281-MAC,2020-12-21 09:14:46,2020-12-21 09:23:01,2020-12-21 13:24:27,Mary,Wale,Social Media,OYO,Metro Area Connect,Routine Service,495.0,241.43333333333334,Critical
AXA-20201228-3046-WLESS,2020-12-28 13:29:17,2020-12-28 13:33:04,2020-12-28 17:34:28,Habeeb,Victor,Chatbot,PLATEAU,Wireless,Customers End,227.0,241.4,Critical
AXA-20201222-4171-WiFi9,2020-12-22 09:45:20,2020-12-22 09:47:53,2020-12-22 13:49:10,Sola,Wale,USSD,DELTA,WiFI - 9,Customers End,153.0,241.28333333333333,Critical
AXA-20201212-3036-MAC,2020-12-12 09:58:09,2020-12-12 09:59:42,2020-12-12 14:00:56,Kachi,Seun,Phone Call,EDO,Metro Area Connect,Customers End,93.0,241.23333333333332,Critical
AXA-20201204-2253-VOICE,2020-12-04 15:48:30,2020-12-04 15:50:15,2020-12-04 19:51:26,Sekina,Victor,Phone Call,LAGOS,Voice,Line damage,105.0,241.18333333333334,Critical
AXA-20201202-2617-HSE,2020-12-02 09:58:49,2020-12-02 10:00:22,2020-12-02 14:01:31,Sekina,Victor,Email,LAGOS,High speed Internet,Not Specified,93.0,241.15,Critical
AXA-20201204-4923-CBS,2020-12-04 10:16:51,2020-12-04 10:27:18,2020-12-04 14:28:26,Paul,Seun,USSD,DELTA,Cloud-based services,Line damage,627.0,241.13333333333333,Critical
AXA-20201230-2036-WiFi9,,2020-12-30 18:32:01,2020-12-30 22:32:49,Brenda,Kerry,Social Media,EKITI,WiFI - 9,Line damage,,240.8,Critical
AXA-20201217-4332-WiFi10,2020-12-17 08:17:47,2020-12-17 08:25:23,2020-12-17 12:26:06,Jonathan,Kerry,Email,OGUN,WiFI - 10,Customers End,456.0,240.71666666666667,Critical
AXA-20201228-2383-WiFi3,2020-12-28 12:40:03,2020-12-28 12:46:37,2020-12-28 16:47:14,Sheg,Seun,WebForm,BORNO,WiFI - 3,Line damage,394.0,240.61666666666667,Critical
AXA-20201213-3416-WiFi8,2020-12-13 10:54:15,2020-12-13 10:56:53,2020-12-13 14:57:27,Sheg,Seun,Social Media,ONDO,WiFI - 8,Customers End,158.0,240.56666666666666,Critical
AXA-20201216-4052-WiFi3,2020-12-16 14:55:12,2020-12-16 15:00:52,2020-12-16 19:01:20,Paul,Seun,Email,OGUN,WiFI - 3,Routine Service,340.0,240.46666666666667,Critical
AXA-20201213-5076-WiFi6,2020-12-13 15:41:30,2020-12-13 15:50:12,2020-12-13 19:50:36,Bola,Victor,Chatbot,ADAMAWA,WiFI - 6,Customers End,522.0,240.4,Critical
AXA-20201222-2104-WLESS,2020-12-22 08:21:14,2020-12-22 08:25:56,2020-12-22 12:26:18,Tunde,Victor,Email,KANO,Wireless,Customers End,282.0,240.36666666666667,Critical
AXA-20201223-2947-WiFi9,2020-12-23 14:07:24,2020-12-23 14:15:33,2020-12-23 18:15:55,Sherifat,Victor,WebForm,KWARA,WiFI - 9,Customers End,489.0,240.36666666666667,Critical
AXA-20201216-3370-C100,2020-12-16 10:04:07,2020-12-16 10:13:39,2020-12-16 14:13:47,Tunde,Victor,Email,BORNO,Cloud100,Customers End,572.0,240.13333333333333,Critical
AXA-20201222-6116-CBS,2020-12-22 13:00:11,2020-12-22 13:01:50,2020-12-22 17:01:56,Sekina,Victor,Chatbot,FCT ABUJA,Cloud-based services,Customers End,99.0,240.1,Critical
AXA-20201220-2368-WiFi8,2020-12-20 13:45:28,2020-12-20 13:50:43,2020-12-20 17:50:49,Segun,Seun,Chatbot,BAUCHI,WiFI - 8,Routine Service,315.0,240.1,Critical
AXA-20201222-3417-HSE,2020-12-22 09:34:43,2020-12-22 09:45:30,2020-12-22 13:31:18,Habeeb,Victor,Phone Call,ANAMBRA,High speed Internet,Customers End,647.0,225.8,Critical
AXA-20201217-4025-WiFi11,2020-12-17 09:11:15,2020-12-17 09:15:33,2020-12-17 13:01:19,Fola,Wale,USSD,KANO,WiFI - 11,Customers End,258.0,225.76666666666668,Critical
AXA-20201205-3047-WiFi10,2020-12-05 15:39:23,2020-12-05 15:42:36,2020-12-05 19:28:21,Akin,Wale,WebForm,RIVERS,WiFI - 10,Customers End,193.0,225.75,Critical
AXA-20201225-5452-MCON,2020-12-25 15:44:31,2020-12-25 15:47:13,2020-12-25 19:32:57,Popoola,Seun,WebForm,RIVERS,M Connect,Customers End,162.0,225.73333333333332,Critical
AXA-20201201-4571-WLESS,2020-12-01 15:14:13,2020-12-01 15:16:35,2020-12-01 19:02:13,Sekina,Victor,USSD,ANAMBRA,Wireless,Line damage,142.0,225.63333333333333,Critical
AXA-20201230-1460-WLESS,,2020-12-30 01:36:50,2020-12-30 05:22:25,Segun,Seun,Social Media,NASARAWA,Wireless,Line damage,,225.58333333333334,Critical
AXA-20201230-1664-HSE,,2020-12-30 12:41:46,2020-12-30 16:27:18,Sherifat,Victor,Social Media,KANO,High speed Internet,Customers End,,225.53333333333333,Critical
AXA-20201214-5680-EVOICE,2020-12-14 08:38:52,2020-12-14 08:39:33,2020-12-14 12:25:05,Kachi,Seun,Email,LAGOS,EVoice,Customers End,41.0,225.53333333333333,Critical
AXA-20201231-1675-WLESS,,2020-12-31 20:51:41,2021-01-01 00:37:10,Atiku,Victor,Social Media,OSUN,Wireless,Routine Service,,225.48333333333332,Critical
AXA-20201203-3748-WiFi11,2020-12-03 12:44:54,2020-12-03 12:55:39,2020-12-03 16:41:05,Jennifer,Kerry,Email,YOBE,WiFI - 11,Customers End,645.0,225.43333333333334,Critical
AXA-20201202-5748-MCON,2020-12-02 15:30:35,2020-12-02 15:31:47,2020-12-02 19:17:09,Jennifer,Kerry,Email,BAUCHI,M Connect,Customers End,72.0,225.36666666666667,Critical
AXA-20201231-1107-HSE,,2020-12-31 09:47:46,2020-12-31 13:33:02,Tunde,Victor,Social Media,LAGOS,High speed Internet,Customers End,,225.26666666666668,Critical
AXA-20201203-3364-HSE,2020-12-03 12:02:18,2020-12-03 12:10:01,2020-12-03 15:55:16,Atiku,Victor,Social Media,KANO,High speed Internet,Customers End,463.0,225.25,Critical
AXA-20201217-3595-WiFi3,2020-12-17 10:41:56,2020-12-17 10:50:41,2020-12-17 14:35:48,Tunde,Victor,Chatbot,ANAMBRA,WiFI - 3,Customers End,525.0,225.11666666666667,Critical
AXA-20201208-2670-HSE,2020-12-08 12:22:03,2020-12-08 12:28:40,2020-12-08 16:13:45,Segun,Seun,Phone Call,ENUGU,High speed Internet,Customers End,397.0,225.08333333333334,Critical
AXA-20201228-2737-WiFi7,2020-12-28 14:43:05,2020-12-28 14:43:35,2020-12-28 18:28:18,Akin,Wale,Social Media,IMO,WiFI - 7,Customers End,30.0,224.71666666666667,Critical
AXA-20201208-3496-WiFi9,2020-12-08 09:52:06,2020-12-08 09:54:35,2020-12-08 13:39:16,Paul,Seun,Chatbot,DELTA,WiFI - 9,Line damage,149.0,224.68333333333334,Critical
AXA-20201215-4368-WiFi6,2020-12-15 14:41:58,2020-12-15 14:47:41,2020-12-15 18:32:15,Sherifat,Victor,USSD,KANO,WiFI - 6,Customers End,343.0,224.56666666666666,Critical
AXA-20201229-1505-HSE,,2020-12-29 18:55:38,2020-12-29 22:40:11,Segun,Seun,Social Media,OYO,High speed Internet,Line damage,,224.55,Critical
AXA-20201229-2055-HSE,,2020-12-29 18:39:28,2020-12-29 22:24:01,Sekina,Victor,Social Media,NIGER,High speed Internet,Customers End,,224.55,Critical
AXA-20201215-3872-WiFi5,2020-12-15 11:33:17,2020-12-15 11:36:59,2020-12-15 15:21:31,Amelia,Kerry,WebForm,ANAMBRA,WiFI - 5,Customers End,222.0,224.53333333333333,Critical
AXA-20201215-5362-WiFi11,2020-12-15 15:43:14,2020-12-15 15:51:38,2020-12-15 19:36:09,Kingsley,Kerry,Social Media,DELTA,WiFI - 11,Customers End,504.0,224.51666666666668,Critical
AXA-20201208-5023-C100,2020-12-08 10:04:37,2020-12-08 10:08:11,2020-12-08 13:52:40,Sherifat,Victor,Chatbot,OYO,Cloud100,Line damage,214.0,224.48333333333332,Critical
AXA-20201217-2842-WiFi3,2020-12-17 10:00:26,2020-12-17 10:07:55,2020-12-17 13:52:23,Tunde,Victor,Chatbot,EKITI,WiFI - 3,Customers End,449.0,224.46666666666667,Critical
AXA-20201215-4901-WiFi4,2020-12-15 08:49:20,2020-12-15 08:53:35,2020-12-15 12:38:03,Vitus,Seun,Phone Call,ZAMFARA,WiFI - 4,Customers End,255.0,224.46666666666667,Critical
AXA-20201210-3637-EVOICE,2020-12-10 11:49:29,2020-12-10 11:57:56,2020-12-10 15:42:23,Sekina,Victor,USSD,ANAMBRA,EVoice,Line damage,507.0,224.45,Critical
AXA-20201212-4537-WiFi3,2020-12-12 10:02:58,2020-12-12 10:04:43,2020-12-12 13:49:07,Paul,Seun,Chatbot,PLATEAU,WiFI - 3,Customers End,105.0,224.4,Critical
AXA-20201207-5663-WLESS,2020-12-07 09:40:41,2020-12-07 09:50:07,2020-12-07 13:34:26,Sheg,Seun,USSD,RIVERS,Wireless,Customers End,566.0,224.31666666666666,Critical
AXA-20201221-4787-WLESS,2020-12-21 14:47:15,2020-12-21 14:52:36,2020-12-21 18:36:54,Bukky,Wale,Social Media,BAUCHI,Wireless,Customers End,321.0,224.3,Critical
AXA-20201221-3513-MAC,2020-12-21 12:51:47,2020-12-21 12:51:58,2020-12-21 16:36:13,Kola,Wale,Chatbot,KANO,Metro Area Connect,Line damage,11.0,224.25,Critical
AXA-20201212-5699-WiFi6,2020-12-12 12:37:16,2020-12-12 12:37:35,2020-12-12 16:21:42,John,Victor,Social Media,OGUN,WiFI - 6,Customers End,19.0,224.11666666666667,Critical
AXA-20201231-1713-WLESS,,2020-12-31 10:45:28,2020-12-31 14:29:35,Jennifer,Kerry,Social Media,RIVERS,Wireless,Support network failures,,224.11666666666667,Critical
AXA-20201226-2082-WiFi11,2020-12-26 08:48:59,2020-12-26 08:55:17,2020-12-26 12:39:19,Jonathan,Kerry,WebForm,OGUN,WiFI - 11,Line damage,378.0,224.03333333333333,Critical
AXA-20201208-5268-C95,2020-12-08 13:02:26,2020-12-08 13:08:48,2020-12-08 16:52:32,Atiku,Victor,USSD,NIGER,Cloud95,Customers End,382.0,223.73333333333332,Critical
AXA-20201226-4447-WLESS,2020-12-26 11:20:14,2020-12-26 11:25:59,2020-12-26 15:09:43,Myers,Kerry,Social Media,OGUN,Wireless,Routine Service,345.0,223.73333333333332,Critical
AXA-20201231-1994-WLESS,,2020-12-31 13:58:32,2020-12-31 17:42:15,John,Victor,Social Media,ZAMFARA,Wireless,Customers End,,223.71666666666667,Critical
AXA-20201230-1462-HSE,,2020-12-30 23:13:45,2020-12-31 02:57:24,Amelia,Kerry,Social Media,ENUGU,High speed Internet,Customers End,,223.65,Critical
AXA-20201230-1616-WLESS,,2020-12-30 13:21:34,2020-12-30 17:05:11,Atiku,Victor,Social Media,DELTA,Wireless,Customers End,,223.61666666666667,Critical
AXA-20201214-5072-C95,2020-12-14 11:52:51,2020-12-14 11:57:23,2020-12-14 15:40:59,Kingsley,Kerry,USSD,KATSINA,Cloud95,Customers End,272.0,223.6,Critical
AXA-20201205-2092-VOICE,2020-12-05 15:04:36,2020-12-05 15:15:21,2020-12-05 18:58:52,Tunde,Victor,WebForm,KOGI,Voice,Customers End,645.0,223.51666666666668,Critical
AXA-20201202-5785-WiFi6,2020-12-02 14:51:37,2020-12-02 14:53:17,2020-12-02 18:36:46,Bola,Victor,Email,RIVERS,WiFI - 6,Not Specified,100.0,223.48333333333332,Critical
AXA-20201206-4735-WiFi10,2020-12-06 11:23:39,2020-12-06 11:31:11,2020-12-06 15:14:37,Habeeb,Victor,Social Media,OGUN,WiFI - 10,Line damage,452.0,223.43333333333334,Critical
AXA-20201219-4951-HSE,2020-12-19 14:06:33,2020-12-19 14:07:19,2020-12-19 17:50:42,Habeeb,Victor,Chatbot,PLATEAU,High speed Internet,Not Specified,46.0,223.38333333333333,Critical
AXA-20201231-1641-HSE,,2020-12-31 06:21:38,2020-12-31 10:05:00,John,Victor,Social Media,IMO,High speed Internet,Routine Service,,223.36666666666667,Critical
AXA-20201221-2420-WiFi6,2020-12-21 08:57:51,2020-12-21 09:05:30,2020-12-21 12:48:46,Tunde,Victor,USSD,KANO,WiFI - 6,Customers End,459.0,223.26666666666668,Critical
AXA-20201204-5279-WiFi8,2020-12-04 08:23:44,2020-12-04 08:31:27,2020-12-04 12:14:43,Vitus,Seun,Social Media,RIVERS,WiFI - 8,Customers End,463.0,223.26666666666668,Critical
AXA-20201228-2250-EVOICE,2020-12-28 12:44:47,2020-12-28 12:45:16,2020-12-28 16:28:31,John,Victor,Social Media,KEBBI,EVoice,Customers End,29.0,223.25,Critical
AXA-20201231-2021-WLESS,,2020-12-31 09:51:13,2020-12-31 13:34:27,Sekina,Victor,Email,TARABA,Wireless,Customers End,,223.23333333333332,Critical
AXA-20201217-3833-ICS,2020-12-17 15:27:05,2020-12-17 15:29:40,2020-12-17 19:12:53,Sola,Wale,WebForm,IMO,Interconnection Services,Customers End,155.0,223.21666666666667,Critical
AXA-20201231-1834-MCON,,2020-12-31 23:13:38,2021-01-01 02:56:50,Myers,Kerry,Social Media,NASARAWA,M Connect,Line damage,,223.2,Critical
AXA-20201229-1468-EVOICE,,2020-12-29 14:17:47,2020-12-29 18:00:58,Vitus,Seun,Social Media,FCT ABUJA,EVoice,Customers End,,223.18333333333334,Critical
AXA-20201226-5389-WiFi10,2020-12-26 10:06:35,2020-12-26 10:12:15,2020-12-26 13:55:23,Habeeb,Victor,Phone Call,ENUGU,WiFI - 10,Not Specified,340.0,223.13333333333333,Critical
AXA-20201207-4907-WLESS,2020-12-07 11:51:33,2020-12-07 11:58:10,2020-12-07 15:41:18,John,Victor,Phone Call,ENUGU,Wireless,hardware failure,397.0,223.13333333333333,Critical
AXA-20201227-3375-WLESS,2020-12-27 14:05:06,2020-12-27 14:09:26,2020-12-27 17:52:33,Paul,Seun,WebForm,IMO,Wireless,Customers End,260.0,223.11666666666667,Critical
AXA-20201202-3853-MCON,2020-12-02 13:08:57,2020-12-02 13:09:45,2020-12-02 16:52:49,Jennifer,Kerry,Phone Call,EKITI,M Connect,Line damage,48.0,223.06666666666666,Critical
AXA-20201229-1988-WLESS,,2020-12-29 16:09:38,2020-12-29 19:52:22,Ore,Seun,Social Media,BENUE,Wireless,Customers End,,222.73333333333332,Critical
AXA-20201204-2373-WiFi6,2020-12-04 13:24:42,2020-12-04 13:30:24,2020-12-04 17:13:07,Popoola,Seun,Phone Call,KANO,WiFI - 6,hardware failure,342.0,222.71666666666667,Critical
AXA-20201228-4091-WiFi9,2020-12-28 12:33:02,2020-12-28 12:40:33,2020-12-28 16:23:15,Segun,Seun,Social Media,KANO,WiFI - 9,Line damage,451.0,222.7,Critical
AXA-20201208-4086-WLESS,2020-12-08 09:28:17,2020-12-08 09:31:28,2020-12-08 13:14:08,Vitus,Seun,USSD,CROSS RIVER,Wireless,Line damage,191.0,222.66666666666666,Critical
AXA-20201217-2633-WLESS,2020-12-17 11:23:02,2020-12-17 11:28:30,2020-12-17 15:11:10,Bola,Victor,WebForm,OYO,Wireless,Customers End,328.0,222.66666666666666,Critical
AXA-20201206-2857-WiFi3,2020-12-06 10:22:09,2020-12-06 10:27:19,2020-12-06 14:09:58,Brenda,Kerry,Phone Call,KADUNA,WiFI - 3,Customers End,310.0,222.65,Critical
AXA-20201226-3886-CBS,2020-12-26 14:26:02,2020-12-26 14:30:14,2020-12-26 18:12:50,Sekina,Victor,USSD,SOKOTO,Cloud-based services,Customers End,252.0,222.6,Critical
AXA-20201201-3288-MCON,2020-12-01 10:57:37,2020-12-01 11:07:17,2020-12-01 14:49:51,Myers,Kerry,Phone Call,CROSS RIVER,M Connect,Customers End,580.0,222.56666666666666,Critical
AXA-20201210-4513-WiFi10,2020-12-10 13:25:38,2020-12-10 13:27:46,2020-12-10 17:10:19,Sheg,Seun,USSD,OYO,WiFI - 10,Line damage,128.0,222.55,Critical
AXA-20201218-4519-WiFi4,2020-12-18 14:58:28,2020-12-18 15:03:02,2020-12-18 18:45:32,Tunde,Victor,WebForm,BORNO,WiFI - 4,Line damage,274.0,222.5,Critical
AXA-20201222-2708-MAC,2020-12-22 11:12:12,2020-12-22 11:18:51,2020-12-22 15:01:20,Jonathan,Kerry,USSD,BORNO,Metro Area Connect,hardware failure,399.0,222.48333333333332,Critical
AXA-20201223-4054-MAC,2020-12-23 10:41:12,2020-12-23 10:43:52,2020-12-23 14:26:17,Habeeb,Victor,Email,OYO,Metro Area Connect,Customers End,160.0,222.41666666666666,Critical
AXA-20201228-2477-MCON,2020-12-28 13:02:40,2020-12-28 13:12:15,2020-12-28 16:54:40,Habeeb,Victor,Phone Call,BENUE,M Connect,Routine Service,575.0,222.41666666666666,Critical
AXA-20201202-2768-C100,2020-12-02 10:00:28,2020-12-02 10:03:45,2020-12-02 13:46:09,Vitus,Seun,Phone Call,NASARAWA,Cloud100,Not Specified,197.0,222.4,Critical
AXA-20201227-5556-WiFi10,2020-12-27 12:42:47,2020-12-27 12:52:23,2020-12-27 16:34:44,Sekina,Victor,Chatbot,OYO,WiFI - 10,Routine Service,576.0,222.35,Critical
AXA-20201231-2006-WLESS,,2020-12-31 18:37:43,2020-12-31 22:20:03,Tunde,Victor,Social Media,KANO,Wireless,Not Specified,,222.33333333333334,Critical
AXA-20201231-2000-WLESS,,2020-12-31 19:42:30,2020-12-31 23:24:48,Bola,Victor,Social Media,KEBBI,Wireless,Routine Service,,222.3,Critical
AXA-20201202-2675-WiFi7,2020-12-02 12:52:42,2020-12-02 12:55:10,2020-12-02 16:37:25,Kachi,Seun,Chatbot,KATSINA,WiFI - 7,Customers End,148.0,222.25,Critical
AXA-20201210-3746-WiFi11,2020-12-10 09:45:50,2020-12-10 09:50:13,2020-12-10 13:32:27,John,Victor,Phone Call,KANO,WiFI - 11,Customers End,263.0,222.23333333333332,Critical
AXA-20201222-3335-WiFi9,2020-12-22 12:04:08,2020-12-22 12:09:48,2020-12-22 15:52:00,Paul,Seun,WebForm,BORNO,WiFI - 9,Customers End,340.0,222.2,Critical
AXA-20201229-1434-WLESS,,2020-12-29 14:44:00,2020-12-29 18:26:12,Goodluck,Kerry,Chatbot,KEBBI,Wireless,Line damage,,222.2,Critical
AXA-20201230-1809-HSE,,2020-12-30 23:00:32,2020-12-31 02:42:41,Vitus,Seun,Social Media,ANAMBRA,High speed Internet,Routine Service,,222.15,Critical
AXA-20201230-1681-HSE,,2020-12-30 04:28:23,2020-12-30 08:10:32,Popoola,Seun,Social Media,DELTA,High speed Internet,Customers End,,222.15,Critical
AXA-20201204-4784-WiFi6,2020-12-04 10:08:57,2020-12-04 10:15:33,2020-12-04 13:57:39,John,Victor,USSD,OYO,WiFI - 6,Customers End,396.0,222.1,Critical
AXA-20201214-6083-WiFi5,2020-12-14 09:20:46,2020-12-14 09:28:14,2020-12-14 13:10:19,Sola,Wale,USSD,SOKOTO,WiFI - 5,Not Specified,448.0,222.08333333333334,Critical
AXA-20201231-1778-WLESS,,2020-12-31 19:49:18,2020-12-31 23:31:02,Sola,Wale,Social Media,KADUNA,Wireless,Customers End,,221.73333333333332,Critical
AXA-20201229-1870-CBS,,2020-12-29 17:49:21,2020-12-29 21:31:05,Bukky,Wale,Chatbot,RIVERS,Cloud-based services,Router Failure,,221.73333333333332,Critical
AXA-20201203-5734-WLESS,2020-12-03 15:50:02,2020-12-03 15:51:16,2020-12-03 19:32:57,Atiku,Victor,Chatbot,FCT ABUJA,Wireless,Customers End,74.0,221.68333333333334,Critical
AXA-20201226-3452-WiFi9,2020-12-26 13:17:06,2020-12-26 13:18:29,2020-12-26 17:00:10,Atiku,Victor,USSD,EDO,WiFI - 9,Line damage,83.0,221.68333333333334,Critical
AXA-20201221-4955-C100,2020-12-21 13:54:20,2020-12-21 13:54:32,2020-12-21 17:36:13,Jennifer,Kerry,Email,DELTA,Cloud100,Line damage,12.0,221.68333333333334,Critical
AXA-20201229-1183-HSE,,2020-12-29 17:19:13,2020-12-29 21:00:54,Sekina,Victor,Social Media,KANO,High speed Internet,Customers End,,221.68333333333334,Critical
AXA-20201226-2561-C100,2020-12-26 10:39:20,2020-12-26 10:43:07,2020-12-26 14:24:44,Jonathan,Kerry,Chatbot,PLATEAU,Cloud100,Customers End,227.0,221.61666666666667,Critical
AXA-20201230-1347-WLESS,,2020-12-30 16:57:50,2020-12-30 20:39:26,John,Victor,Email,OGUN,Wireless,Support network failures,,221.6,Critical
AXA-20201210-2126-CBS,2020-12-10 12:59:48,2020-12-10 13:02:36,2020-12-10 16:44:08,Habeeb,Victor,WebForm,SOKOTO,Cloud-based services,Not Specified,168.0,221.53333333333333,Critical
AXA-20201229-1660-HSE,,2020-12-29 18:21:32,2020-12-29 22:03:00,Habeeb,Victor,Social Media,GOMBE,High speed Internet,Customers End,,221.46666666666667,Critical
AXA-20201217-2980-WiFi7,2020-12-17 09:52:57,2020-12-17 10:00:02,2020-12-17 13:41:27,Brenda,Kerry,Chatbot,EKITI,WiFI - 7,Customers End,425.0,221.41666666666666,Critical
AXA-20201231-1351-WLESS,,2020-12-31 14:38:35,2020-12-31 18:19:59,Habeeb,Victor,Social Media,FCT ABUJA,Wireless,Line damage,,221.4,Critical
AXA-20201207-5165-HSE,2020-12-07 14:40:37,2020-12-07 14:42:46,2020-12-07 18:24:07,John,Victor,Email,RIVERS,High speed Internet,Routine Service,129.0,221.35,Critical
AXA-20201202-4646-WiFi3,2020-12-02 15:07:36,2020-12-02 15:12:54,2020-12-02 18:54:08,Sekina,Victor,Email,RIVERS,WiFI - 3,Customers End,318.0,221.23333333333332,Critical
AXA-20201220-2785-WiFi9,2020-12-20 08:15:32,2020-12-20 08:19:03,2020-12-20 12:00:14,Jonathan,Kerry,Phone Call,RIVERS,WiFI - 9,Routine Service,211.0,221.18333333333334,Critical
AXA-20201206-3945-WiFi8,2020-12-06 11:25:33,2020-12-06 11:25:49,2020-12-06 15:06:51,Habeeb,Victor,WebForm,KWARA,WiFI - 8,Not Specified,16.0,221.03333333333333,Critical
AXA-20201213-3242-VOICE,2020-12-13 13:19:44,2020-12-13 13:23:53,2020-12-13 17:04:40,Popoola,Seun,WebForm,KANO,Voice,Not Specified,249.0,220.78333333333333,Critical
AXA-20201206-3929-WiFi4,2020-12-06 13:17:04,2020-12-06 13:24:23,2020-12-06 17:04:56,Brenda,Kerry,USSD,BORNO,WiFI - 4,Customers End,439.0,220.55,Critical
AXA-20201229-1558-HSE,,2020-12-29 12:30:48,2020-12-29 16:11:18,Jonathan,Kerry,Social Media,ANAMBRA,High speed Internet,Line damage,,220.5,Critical
AXA-20201216-5439-MAC,2020-12-16 15:54:12,2020-12-16 16:02:31,2020-12-16 19:43:01,Habeeb,Victor,USSD,KOGI,Metro Area Connect,Customers End,499.0,220.5,Critical
AXA-20201231-1156-HSE,,2020-12-31 17:27:17,2020-12-31 21:07:45,Jennifer,Kerry,Social Media,BAUCHI,High speed Internet,Line damage,,220.46666666666667,Critical
AXA-20201220-5192-HSE,2020-12-20 10:36:35,2020-12-20 10:43:08,2020-12-20 14:23:26,Paul,Seun,Chatbot,NASARAWA,High speed Internet,Customers End,393.0,220.3,Critical
AXA-20201208-5048-MCON,2020-12-08 15:14:24,2020-12-08 15:20:06,2020-12-08 19:00:18,Atiku,Victor,Chatbot,SOKOTO,M Connect,Not Specified,342.0,220.2,Critical
AXA-20201211-5883-WiFi5,2020-12-11 12:15:01,2020-12-11 12:21:29,2020-12-11 16:01:34,Brenda,Kerry,Social Media,NASARAWA,WiFI - 5,Routine Service,388.0,220.08333333333334,Critical
AXA-20201219-2984-WLESS,2020-12-19 10:21:12,2020-12-19 10:23:38,2020-12-19 14:03:43,Jennifer,Kerry,Chatbot,KATSINA,Wireless,Line damage,146.0,220.08333333333334,Critical
AXA-20201231-1509-HSE,,2020-12-31 02:51:43,2020-12-31 06:31:47,Jonathan,Kerry,Social Media,OYO,High speed Internet,Line damage,,220.06666666666666,Critical
AXA-20201206-5350-CBS,2020-12-06 14:02:33,2020-12-06 14:05:08,2020-12-06 17:44:55,Sherifat,Victor,USSD,ENUGU,Cloud-based services,Customers End,155.0,219.78333333333333,Critical
AXA-20201203-5312-CBS,2020-12-03 10:23:43,2020-12-03 10:26:24,2020-12-03 14:06:07,Ore,Seun,USSD,KANO,Cloud-based services,Customers End,161.0,219.71666666666667,Critical
AXA-20201224-5265-MAC,2020-12-24 13:11:46,2020-12-24 13:21:00,2020-12-24 17:00:42,Habeeb,Victor,USSD,ANAMBRA,Metro Area Connect,Customers End,554.0,219.7,Critical
AXA-20201226-5886-WiFi4,2020-12-26 08:01:39,2020-12-26 08:01:58,2020-12-26 11:41:39,Sheg,Seun,Social Media,BENUE,WiFI - 4,Customers End,19.0,219.68333333333334,Critical
AXA-20201205-3901-WiFi3,2020-12-05 13:24:06,2020-12-05 13:25:27,2020-12-05 17:05:03,Kola,Wale,Social Media,BENUE,WiFI - 3,Routine Service,81.0,219.6,Critical
AXA-20201215-4097-HSE,2020-12-15 11:17:39,2020-12-15 11:17:48,2020-12-15 14:57:18,Kingsley,Kerry,Email,ANAMBRA,High speed Internet,Customers End,9.0,219.5,Critical
AXA-20201230-1516-CBS,,2020-12-30 01:31:43,2020-12-30 05:11:08,Vitus,Seun,Social Media,NASARAWA,Cloud-based services,Not Specified,,219.41666666666666,Critical
AXA-20201229-1272-HSE,,2020-12-29 15:47:44,2020-12-29 19:27:02,Myers,Kerry,Social Media,SOKOTO,High speed Internet,Not Specified,,219.3,Critical
AXA-20201215-5840-WiFi6,2020-12-15 14:30:42,2020-12-15 14:37:26,2020-12-15 18:16:42,Bola,Victor,WebForm,AKWA IBOM,WiFI - 6,Support network failures,404.0,219.26666666666668,Critical
AXA-20201217-2575-WiFi6,2020-12-17 09:59:53,2020-12-17 10:02:00,2020-12-17 13:41:12,Habeeb,Victor,Chatbot,LAGOS,WiFI - 6,Customers End,127.0,219.2,Critical
AXA-20201206-5566-ICS,2020-12-06 14:12:50,2020-12-06 14:15:18,2020-12-06 17:54:27,Segun,Seun,USSD,NASARAWA,Interconnection Services,Customers End,148.0,219.15,Critical
AXA-20201228-4855-WiFi7,2020-12-28 13:28:40,2020-12-28 13:34:16,2020-12-28 17:13:24,Sherifat,Victor,Chatbot,DELTA,WiFI - 7,Routine Service,336.0,219.13333333333333,Critical
AXA-20201215-3437-WiFi10,2020-12-15 11:05:36,2020-12-15 11:09:44,2020-12-15 14:48:51,Tunde,Victor,Phone Call,EDO,WiFI - 10,Customers End,248.0,219.11666666666667,Critical
AXA-20201230-1515-CBS,,2020-12-30 01:31:32,2020-12-30 05:10:13,Popoola,Seun,Social Media,NASARAWA,Cloud-based services,Not Specified,,218.68333333333334,Critical
AXA-20201223-2500-WiFi4,2020-12-23 14:38:32,2020-12-23 14:42:14,2020-12-23 18:20:51,Myers,Kerry,Email,ADAMAWA,WiFI - 4,Routine Service,222.0,218.61666666666667,Critical
AXA-20201226-3359-EVOICE,2020-12-26 14:29:33,2020-12-26 14:40:06,2020-12-26 18:18:42,Goodluck,Kerry,Phone Call,TARABA,EVoice,Customers End,633.0,218.6,Critical
AXA-20201213-4758-HSE,2020-12-13 14:02:39,2020-12-13 14:10:15,2020-12-13 17:48:51,Vitus,Seun,Social Media,DELTA,High speed Internet,Customers End,456.0,218.6,Critical
AXA-20201226-2598-HSE,2020-12-26 13:49:46,2020-12-26 13:58:18,2020-12-26 17:36:47,Jennifer,Kerry,USSD,DELTA,High speed Internet,Customers End,512.0,218.48333333333332,Critical
AXA-20201231-1463-HSE,,2020-12-31 18:33:43,2020-12-31 22:12:04,Kola,Wale,Social Media,FCT ABUJA,High speed Internet,Customers End,,218.35,Critical
AXA-20201220-2300-MAC,2020-12-20 10:33:52,2020-12-20 10:42:19,2020-12-20 14:20:27,Kingsley,Kerry,USSD,YOBE,Metro Area Connect,Routine Service,507.0,218.13333333333333,Critical
AXA-20201209-6040-WiFi9,2020-12-09 12:39:23,2020-12-09 12:42:31,2020-12-09 16:20:38,Jennifer,Kerry,Social Media,IMO,WiFI - 9,Support network failures,188.0,218.11666666666667,Critical
AXA-20201223-5645-WiFi7,2020-12-23 15:06:52,2020-12-23 15:14:59,2020-12-23 18:53:06,Fola,Wale,Social Media,FCT ABUJA,WiFI - 7,Not Specified,487.0,218.11666666666667,Critical
AXA-20201229-1839-WLESS,,2020-12-29 23:11:51,2020-12-30 02:49:57,Vitus,Seun,Social Media,DELTA,Wireless,Customers End,,218.1,Critical
AXA-20201229-1383-CBS,,2020-12-29 14:42:30,2020-12-29 18:20:36,Atiku,Victor,USSD,FCT ABUJA,Cloud-based services,Customers End,,218.1,Critical
AXA-20201226-4155-WiFi4,2020-12-26 08:51:17,2020-12-26 08:52:51,2020-12-26 12:30:55,Ore,Seun,Phone Call,RIVERS,WiFI - 4,Routine Service,94.0,218.06666666666666,Critical
AXA-20201231-1983-WLESS,,2020-12-31 15:15:31,2020-12-31 18:53:33,Bola,Victor,Social Media,ADAMAWA,Wireless,Customers End,,218.03333333333333,Critical
AXA-20201227-2620-MCON,2020-12-27 15:42:02,2020-12-27 15:42:46,2020-12-27 19:20:34,Jennifer,Kerry,USSD,YOBE,M Connect,Not Specified,44.0,217.8,Critical
AXA-20201204-2149-WLESS,2020-12-04 08:19:41,2020-12-04 08:30:28,2020-12-04 12:08:15,Brenda,Kerry,USSD,KEBBI,Wireless,Customers End,647.0,217.78333333333333,Critical
AXA-20201214-2352-WLESS,2020-12-14 09:16:31,2020-12-14 09:23:58,2020-12-14 13:01:43,Sola,Wale,Chatbot,LAGOS,Wireless,Intrusions,447.0,217.75,Critical
AXA-20201229-1740-WLESS,,2020-12-29 18:33:10,2020-12-29 22:10:51,Atiku,Victor,Social Media,RIVERS,Wireless,Customers End,,217.68333333333334,Critical
AXA-20201202-5653-C95,2020-12-02 14:44:58,2020-12-02 14:48:38,2020-12-02 18:26:18,John,Victor,Social Media,RIVERS,Cloud95,Customers End,220.0,217.66666666666666,Critical
AXA-20201222-4208-WiFi8,2020-12-22 14:13:57,2020-12-22 14:22:08,2020-12-22 17:59:44,Sola,Wale,Email,CROSS RIVER,WiFI - 8,Line damage,491.0,217.6,Critical
AXA-20201201-5650-WLESS,2020-12-01 08:49:17,2020-12-01 08:52:58,2020-12-01 12:30:31,Boye,Wale,WebForm,JIGAWA,Wireless,Customers End,221.0,217.55,Critical
AXA-20201225-4249-C95,2020-12-25 15:21:35,2020-12-25 15:31:07,2020-12-25 19:08:37,Jonathan,Kerry,WebForm,ENUGU,Cloud95,Routine Service,572.0,217.5,Critical
AXA-20201230-1479-WLESS,,2020-12-30 21:45:17,2020-12-31 01:22:46,Atiku,Victor,Social Media,KANO,Wireless,Customers End,,217.48333333333332,Critical
AXA-20201215-2586-WiFi5,2020-12-15 08:14:04,2020-12-15 08:15:31,2020-12-15 11:52:54,Habeeb,Victor,Chatbot,CROSS RIVER,WiFI - 5,Line damage,87.0,217.38333333333333,Critical
AXA-20201219-2650-WLESS,2020-12-19 12:54:44,2020-12-19 13:04:29,2020-12-19 16:41:50,Sekina,Victor,Email,KANO,Wireless,Line damage,585.0,217.35,Critical
AXA-20201229-1989-WLESS,,2020-12-29 15:32:38,2020-12-29 19:09:54,Mary,Wale,Social Media,BENUE,Wireless,Customers End,,217.26666666666668,Critical
AXA-20201230-1498-HSE,,2020-12-30 17:26:41,2020-12-30 21:03:54,Habeeb,Victor,Email,KWARA,High speed Internet,Line damage,,217.21666666666667,Critical
AXA-20201206-2459-WLESS,2020-12-06 10:43:03,2020-12-06 10:44:13,2020-12-06 14:21:26,Ore,Seun,Phone Call,EDO,Wireless,Customers End,70.0,217.21666666666667,Critical
AXA-20201207-5491-WLESS,2020-12-07 14:28:55,2020-12-07 14:37:26,2020-12-07 18:14:38,Sherifat,Victor,WebForm,ANAMBRA,Wireless,Customers End,511.0,217.2,Critical
AXA-20201224-3065-MCON,2020-12-24 10:53:23,2020-12-24 11:02:59,2020-12-24 14:40:08,Sekina,Victor,WebForm,CROSS RIVER,M Connect,Line damage,576.0,217.15,Critical
AXA-20201210-4390-WiFi8,2020-12-10 11:54:51,2020-12-10 11:55:05,2020-12-10 15:32:09,Kola,Wale,Social Media,ONDO,WiFI - 8,Customers End,14.0,217.06666666666666,Critical
AXA-20201231-1766-WLESS,,2020-12-31 17:43:50,2020-12-31 21:20:38,Sola,Wale,Social Media,KOGI,Wireless,Customers End,,216.8,Critical
AXA-20201226-6092-EVOICE,2020-12-26 11:06:41,2020-12-26 11:12:17,2020-12-26 14:49:01,Atiku,Victor,Social Media,EDO,EVoice,Customers End,336.0,216.73333333333332,Critical
AXA-20201215-3119-WLESS,2020-12-15 08:02:00,2020-12-15 08:04:42,2020-12-15 11:41:20,Tunde,Victor,Social Media,ANAMBRA,Wireless,Line damage,162.0,216.63333333333333,Critical
AXA-20201228-5959-HSE,2020-12-28 08:51:32,2020-12-28 08:52:42,2020-12-28 12:29:12,Segun,Seun,USSD,JIGAWA,High speed Internet,Customers End,70.0,216.5,Critical
AXA-20201215-3436-ICS,2020-12-15 11:23:26,2020-12-15 11:33:43,2020-12-15 15:10:11,Atiku,Victor,Email,KOGI,Interconnection Services,Not Specified,617.0,216.46666666666667,Critical
AXA-20201202-2078-EVOICE,2020-12-02 15:49:16,2020-12-02 15:57:47,2020-12-02 19:34:14,Atiku,Victor,Chatbot,KANO,EVoice,Line damage,511.0,216.45,Critical
AXA-20201224-6114-C95,2020-12-24 08:40:16,2020-12-24 08:41:24,2020-12-24 12:17:50,Fola,Wale,WebForm,GOMBE,Cloud95,Routine Service,68.0,216.43333333333334,Critical
AXA-20201228-4886-MAC,2020-12-28 15:42:51,2020-12-28 15:48:17,2020-12-28 19:24:33,Atiku,Victor,Phone Call,JIGAWA,Metro Area Connect,Customers End,326.0,216.26666666666668,Critical
AXA-20201225-3658-C100,2020-12-25 12:18:47,2020-12-25 12:22:28,2020-12-25 15:58:40,Bukky,Wale,Email,ANAMBRA,Cloud100,Customers End,221.0,216.2,Critical
AXA-20201211-3354-WiFi11,2020-12-11 08:24:57,2020-12-11 08:27:28,2020-12-11 12:03:40,Vitus,Seun,WebForm,ENUGU,WiFI - 11,Customers End,151.0,216.2,Critical
AXA-20201217-4674-WiFi3,2020-12-17 14:31:44,2020-12-17 14:36:25,2020-12-17 18:12:35,Amelia,Kerry,WebForm,KATSINA,WiFI - 3,Customers End,281.0,216.16666666666666,Critical
AXA-20201217-3578-WiFi10,2020-12-17 08:45:24,2020-12-17 08:56:02,2020-12-17 12:32:12,Tunde,Victor,Social Media,OYO,WiFI - 10,Line damage,638.0,216.16666666666666,Critical
AXA-20201217-3207-WiFi5,2020-12-17 10:59:24,2020-12-17 11:00:34,2020-12-17 14:36:44,John,Victor,Chatbot,KATSINA,WiFI - 5,Line damage,70.0,216.16666666666666,Critical
AXA-20201214-2581-WiFi7,2020-12-14 15:16:16,2020-12-14 15:25:27,2020-12-14 19:01:31,Sherifat,Victor,USSD,SOKOTO,WiFI - 7,Customers End,551.0,216.06666666666666,Critical
AXA-20201221-3846-WiFi5,2020-12-21 14:05:05,2020-12-21 14:13:53,2020-12-21 17:49:56,Sheg,Seun,Social Media,BORNO,WiFI - 5,Line damage,528.0,216.05,Critical
AXA-20201218-3227-WiFi6,2020-12-18 09:07:02,2020-12-18 09:09:40,2020-12-18 12:45:28,Sheg,Seun,Chatbot,BORNO,WiFI - 6,Line damage,158.0,215.8,Critical
AXA-20201205-5498-ICS,2020-12-05 09:26:45,2020-12-05 09:33:17,2020-12-05 13:09:05,Brenda,Kerry,Chatbot,ADAMAWA,Interconnection Services,Not Specified,392.0,215.8,Critical
AXA-20201222-4084-WLESS,2020-12-22 09:42:35,2020-12-22 09:50:09,2020-12-22 13:25:56,Ore,Seun,Chatbot,ANAMBRA,Wireless,Customers End,454.0,215.78333333333333,Critical
AXA-20201217-4829-CBS,2020-12-17 08:45:43,2020-12-17 08:49:48,2020-12-17 12:25:32,Myers,Kerry,Chatbot,LAGOS,Cloud-based services,Customers End,245.0,215.73333333333332,Critical
AXA-20201212-3968-WiFi5,2020-12-12 12:13:18,2020-12-12 12:15:25,2020-12-12 15:50:57,Jonathan,Kerry,Chatbot,KEBBI,WiFI - 5,Customers End,127.0,215.53333333333333,Critical
AXA-20201210-2592-HSE,2020-12-10 10:30:10,2020-12-10 10:35:16,2020-12-10 14:10:47,Tunde,Victor,Phone Call,KATSINA,High speed Internet,Line damage,306.0,215.51666666666668,Critical
AXA-20201225-5342-WLESS,2020-12-25 08:08:12,2020-12-25 08:17:56,2020-12-25 11:53:25,Jonathan,Kerry,Phone Call,YOBE,Wireless,Customers End,584.0,215.48333333333332,Critical
AXA-20201218-2168-CBS,2020-12-18 12:33:45,2020-12-18 12:37:50,2020-12-18 16:13:17,Bukky,Wale,Phone Call,NASARAWA,Cloud-based services,Customers End,245.0,215.45,Critical
AXA-20201223-2511-WiFi3,2020-12-23 12:43:04,2020-12-23 12:44:51,2020-12-23 16:20:09,Bola,Victor,Email,KANO,WiFI - 3,Customers End,107.0,215.3,Critical
AXA-20201207-2797-WiFi10,2020-12-07 08:29:52,2020-12-07 08:33:58,2020-12-07 12:09:14,Kingsley,Kerry,Email,PLATEAU,WiFI - 10,Customers End,246.0,215.26666666666668,Critical
AXA-20201230-1349-WLESS,,2020-12-30 16:11:37,2020-12-30 19:46:53,Sherifat,Victor,Phone Call,KWARA,Wireless,Customers End,,215.26666666666668,Critical
AXA-20201231-1313-C100,,2020-12-31 23:14:50,2021-01-01 02:50:04,Bukky,Wale,Social Media,LAGOS,Cloud100,Line damage,,215.23333333333332,Critical
AXA-20201207-5916-WLESS,2020-12-07 09:16:39,2020-12-07 09:22:04,2020-12-07 12:57:18,Sekina,Victor,WebForm,ABIA,Wireless,Customers End,325.0,215.23333333333332,Critical
AXA-20201223-4715-MCON,2020-12-23 15:22:59,2020-12-23 15:23:14,2020-12-23 18:58:22,Amelia,Kerry,Social Media,FCT ABUJA,M Connect,Customers End,15.0,215.13333333333333,Critical
AXA-20201220-5505-MCON,2020-12-20 15:05:26,2020-12-20 15:14:49,2020-12-20 18:49:56,Kachi,Seun,WebForm,KWARA,M Connect,Customers End,563.0,215.11666666666667,Critical
AXA-20201228-2376-MCON,2020-12-28 12:23:38,2020-12-28 12:27:07,2020-12-28 16:02:13,Kachi,Seun,Social Media,SOKOTO,M Connect,Line damage,209.0,215.1,Critical
AXA-20201227-5912-WLESS,2020-12-27 12:01:54,2020-12-27 12:06:17,2020-12-27 15:41:22,Habeeb,Victor,Phone Call,OGUN,Wireless,Line damage,263.0,215.08333333333334,Critical
AXA-20201230-1428-HSE,,2020-12-30 12:57:25,2020-12-30 16:32:27,Myers,Kerry,Social Media,ANAMBRA,High speed Internet,Customers End,,215.03333333333333,Critical
AXA-20201215-4187-HSE,2020-12-15 13:45:49,2020-12-15 13:55:00,2020-12-15 17:29:45,Bola,Victor,Social Media,ENUGU,High speed Internet,Not Specified,551.0,214.75,Critical
AXA-20201211-2734-ICS,2020-12-11 09:39:31,2020-12-11 09:43:39,2020-12-11 13:18:17,Kola,Wale,USSD,DELTA,Interconnection Services,Router Failure,248.0,214.63333333333333,Critical
AXA-20201201-3254-WiFi11,2020-12-01 14:17:23,2020-12-01 14:17:51,2020-12-01 17:52:28,Vitus,Seun,Social Media,RIVERS,WiFI - 11,Customers End,28.0,214.61666666666667,Critical
AXA-20201223-2816-WiFi4,2020-12-23 08:11:59,2020-12-23 08:20:08,2020-12-23 11:54:43,Sheg,Seun,Phone Call,ADAMAWA,WiFI - 4,Customers End,489.0,214.58333333333334,Critical
AXA-20201231-1972-WLESS,,2020-12-31 21:22:44,2021-01-01 00:57:10,Kola,Wale,Social Media,KATSINA,Wireless,Customers End,,214.43333333333334,Critical
AXA-20201230-1346-WLESS,,2020-12-30 10:21:17,2020-12-30 13:55:42,Sekina,Victor,Phone Call,ZAMFARA,Wireless,Support network failures,,214.41666666666666,Critical
AXA-20201222-4965-CBS,2020-12-22 08:21:45,2020-12-22 08:22:29,2020-12-22 11:56:52,Kachi,Seun,WebForm,AKWA IBOM,Cloud-based services,Customers End,44.0,214.38333333333333,Critical
AXA-20201231-1101-WLESS,,2020-12-31 17:10:20,2020-12-31 20:44:42,Tunde,Victor,Social Media,ANAMBRA,Wireless,Not Specified,,214.36666666666667,Critical
AXA-20201215-3828-MAC,2020-12-15 14:30:10,2020-12-15 14:36:52,2020-12-15 18:11:14,Kola,Wale,Phone Call,LAGOS,Metro Area Connect,Line damage,402.0,214.36666666666667,Critical
AXA-20201224-2762-WiFi9,2020-12-24 10:10:46,2020-12-24 10:11:15,2020-12-24 13:45:32,Sheg,Seun,Chatbot,ADAMAWA,WiFI - 9,Line damage,29.0,214.28333333333333,Critical
AXA-20201217-3734-C100,2020-12-17 14:18:45,2020-12-17 14:22:58,2020-12-17 17:57:14,John,Victor,Chatbot,KANO,Cloud100,Line damage,253.0,214.26666666666668,Critical
AXA-20201226-5458-MCON,2020-12-26 14:44:04,2020-12-26 14:44:19,2020-12-26 18:18:34,John,Victor,Chatbot,KEBBI,M Connect,Customers End,15.0,214.25,Critical
AXA-20201225-4087-WiFi7,2020-12-25 09:05:04,2020-12-25 09:06:21,2020-12-25 12:40:36,Myers,Kerry,WebForm,ANAMBRA,WiFI - 7,Routine Service,77.0,214.25,Critical
AXA-20201205-3099-WiFi9,2020-12-05 13:10:35,2020-12-05 13:12:08,2020-12-05 16:46:21,Tunde,Victor,USSD,EKITI,WiFI - 9,Customers End,93.0,214.21666666666667,Critical
AXA-20201214-4473-WiFi9,2020-12-14 11:25:12,2020-12-14 11:28:31,2020-12-14 15:02:41,Tunde,Victor,Social Media,GOMBE,WiFI - 9,Customers End,199.0,214.16666666666666,Critical
AXA-20201227-2244-WiFi10,2020-12-27 09:07:48,2020-12-27 09:17:09,2020-12-27 12:51:18,Tunde,Victor,Chatbot,NIGER,WiFI - 10,Customers End,561.0,214.15,Critical
AXA-20201220-5849-WiFi5,2020-12-20 15:22:21,2020-12-20 15:30:01,2020-12-20 19:04:09,Jonathan,Kerry,Chatbot,FCT ABUJA,WiFI - 5,hardware failure,460.0,214.13333333333333,Critical
AXA-20201224-4934-WLESS,2020-12-24 10:03:31,2020-12-24 10:05:02,2020-12-24 13:39:10,Sekina,Victor,Email,PLATEAU,Wireless,Customers End,91.0,214.13333333333333,Critical
AXA-20201205-3542-C100,2020-12-05 14:39:16,2020-12-05 14:40:43,2020-12-05 18:14:31,John,Victor,Chatbot,KADUNA,Cloud100,Routine Service,87.0,213.8,Critical
AXA-20201217-2597-WLESS,2020-12-17 10:58:00,2020-12-17 11:01:05,2020-12-17 14:34:48,Sekina,Victor,Chatbot,KADUNA,Wireless,Customers End,185.0,213.71666666666667,Critical
AXA-20201209-4231-C95,2020-12-09 11:31:10,2020-12-09 11:39:36,2020-12-09 15:13:17,Jennifer,Kerry,Social Media,RIVERS,Cloud95,Line damage,506.0,213.68333333333334,Critical
AXA-20201219-2337-HSE,2020-12-19 13:31:49,2020-12-19 13:34:37,2020-12-19 17:08:17,Habeeb,Victor,Chatbot,LAGOS,High speed Internet,Customers End,168.0,213.66666666666666,Critical
AXA-20201207-4349-HSE,2020-12-07 09:26:16,2020-12-07 09:27:39,2020-12-07 13:01:15,Amelia,Kerry,WebForm,ABIA,High speed Internet,hardware failure,83.0,213.6,Critical
AXA-20201226-5953-MCON,2020-12-26 12:19:22,2020-12-26 12:20:55,2020-12-26 15:54:30,John,Victor,Phone Call,KATSINA,M Connect,Not Specified,93.0,213.58333333333334,Critical
AXA-20201212-3740-WiFi11,2020-12-12 13:22:28,2020-12-12 13:24:50,2020-12-12 16:58:24,Sherifat,Victor,Phone Call,SOKOTO,WiFI - 11,Customers End,142.0,213.56666666666666,Critical
AXA-20201222-3053-WLESS,2020-12-22 09:03:25,2020-12-22 09:11:30,2020-12-22 12:45:03,Atiku,Victor,Email,KEBBI,Wireless,Customers End,485.0,213.55,Critical
AXA-20201231-1680-HSE,,2020-12-31 04:14:24,2020-12-31 07:47:55,Sherifat,Victor,Social Media,DELTA,High speed Internet,Routine Service,,213.51666666666668,Critical
AXA-20201211-4528-EVOICE,2020-12-11 15:16:02,2020-12-11 15:26:24,2020-12-11 18:59:52,Fola,Wale,USSD,DELTA,EVoice,Customers End,622.0,213.46666666666667,Critical
AXA-20201210-3504-EVOICE,2020-12-10 08:59:14,2020-12-10 09:06:56,2020-12-10 12:40:18,Sola,Wale,Phone Call,KOGI,EVoice,Customers End,462.0,213.36666666666667,Critical
AXA-20201206-5761-VOICE,2020-12-06 13:36:14,2020-12-06 13:45:59,2020-12-06 17:19:20,Sherifat,Victor,WebForm,EKITI,Voice,Line damage,585.0,213.35,Critical
AXA-20201229-1853-HSE,,2020-12-29 21:43:12,2020-12-30 01:16:32,Paul,Seun,Social Media,RIVERS,High speed Internet,Customers End,,213.33333333333334,Critical
AXA-20201223-3863-EVOICE,2020-12-23 13:13:15,2020-12-23 13:16:40,2020-12-23 16:50:00,Jennifer,Kerry,USSD,KANO,EVoice,Customers End,205.0,213.33333333333334,Critical
AXA-20201206-5550-WiFi6,2020-12-06 14:56:56,2020-12-06 15:07:19,2020-12-06 18:40:34,Jennifer,Kerry,USSD,FCT ABUJA,WiFI - 6,Customers End,623.0,213.25,Critical
AXA-20201213-2347-WiFi10,2020-12-13 11:33:33,2020-12-13 11:34:38,2020-12-13 15:07:48,Jonathan,Kerry,USSD,OYO,WiFI - 10,hardware failure,65.0,213.16666666666666,Critical
AXA-20201230-1996-WLESS,,2020-12-30 19:08:41,2020-12-30 22:41:50,Bola,Victor,Social Media,JIGAWA,Wireless,Routine Service,,213.15,Critical
AXA-20201210-2545-EVOICE,2020-12-10 13:53:06,2020-12-10 13:58:22,2020-12-10 17:31:30,Atiku,Victor,Social Media,ZAMFARA,EVoice,Customers End,316.0,213.13333333333333,Critical
AXA-20201230-1928-HSE,,2020-12-30 19:01:26,2020-12-30 22:34:31,Brenda,Kerry,Social Media,ENUGU,High speed Internet,Customers End,,213.08333333333334,Critical
AXA-20201229-1957-WLESS,,2020-12-29 21:12:24,2020-12-30 00:45:29,Sheg,Seun,Social Media,ENUGU,Wireless,Customers End,,213.08333333333334,Critical
AXA-20201215-5860-VOICE,2020-12-15 11:49:55,2020-12-15 11:53:19,2020-12-15 15:26:22,Bola,Victor,WebForm,PLATEAU,Voice,Customers End,204.0,213.05,Critical
AXA-20201208-2277-WLESS,2020-12-08 15:44:36,2020-12-08 15:53:44,2020-12-08 19:26:46,John,Victor,Phone Call,DELTA,Wireless,Customers End,548.0,213.03333333333333,Critical
AXA-20201216-4229-WiFi9,2020-12-16 08:13:39,2020-12-16 08:18:26,2020-12-16 11:51:14,Goodluck,Kerry,USSD,KADUNA,WiFI - 9,Line damage,287.0,212.8,Critical
AXA-20201231-1493-HSE,,2020-12-31 22:09:36,2021-01-01 01:42:23,Segun,Seun,Social Media,ONDO,High speed Internet,Not Specified,,212.78333333333333,Critical
AXA-20201211-6078-MCON,2020-12-11 08:26:02,2020-12-11 08:31:15,2020-12-11 12:04:00,Myers,Kerry,Phone Call,OYO,M Connect,Routine Service,313.0,212.75,Critical
AXA-20201218-5786-WiFi5,2020-12-18 15:48:53,2020-12-18 15:59:16,2020-12-18 19:31:52,Amelia,Kerry,WebForm,GOMBE,WiFI - 5,Customers End,623.0,212.6,Critical
AXA-20201219-5215-WiFi9,2020-12-19 10:40:35,2020-12-19 10:48:50,2020-12-19 14:21:22,Goodluck,Kerry,Chatbot,ZAMFARA,WiFI - 9,Customers End,495.0,212.53333333333333,Critical
AXA-20201213-5911-HSE,2020-12-13 15:01:32,2020-12-13 15:09:08,2020-12-13 18:41:39,Paul,Seun,Email,ADAMAWA,High speed Internet,Customers End,456.0,212.51666666666668,Critical
AXA-20201219-5635-WiFi7,2020-12-19 14:07:30,2020-12-19 14:10:40,2020-12-19 17:43:07,Sola,Wale,WebForm,YOBE,WiFI - 7,Line damage,190.0,212.45,Critical
AXA-20201223-5595-WiFi7,2020-12-23 11:57:13,2020-12-23 12:03:41,2020-12-23 15:36:06,Goodluck,Kerry,WebForm,RIVERS,WiFI - 7,Customers End,388.0,212.41666666666666,Critical
AXA-20201215-6014-WiFi4,2020-12-15 14:06:14,2020-12-15 14:08:38,2020-12-15 17:41:02,Bukky,Wale,WebForm,YOBE,WiFI - 4,hardware failure,144.0,212.4,Critical
AXA-20201226-3495-HSE,2020-12-26 10:46:18,2020-12-26 10:47:51,2020-12-26 14:20:14,Tunde,Victor,Phone Call,DELTA,High speed Internet,Customers End,93.0,212.38333333333333,Critical
AXA-20201210-3793-WiFi3,2020-12-10 10:30:48,2020-12-10 10:36:08,2020-12-10 14:08:28,Kachi,Seun,WebForm,EDO,WiFI - 3,Customers End,320.0,212.33333333333334,Critical
AXA-20201205-4714-WLESS,2020-12-05 12:18:11,2020-12-05 12:23:56,2020-12-05 15:56:13,Jonathan,Kerry,WebForm,FCT ABUJA,Wireless,Not Specified,345.0,212.28333333333333,Critical
AXA-20201203-3217-WiFi10,2020-12-03 13:48:46,2020-12-03 13:54:05,2020-12-03 17:26:18,Habeeb,Victor,USSD,PLATEAU,WiFI - 10,Customers End,319.0,212.21666666666667,Critical
AXA-20201229-1614-WLESS,,2020-12-29 12:57:31,2020-12-29 16:29:43,Sekina,Victor,Social Media,SOKOTO,Wireless,Customers End,,212.2,Critical
AXA-20201229-1114-HSE,,2020-12-29 22:39:20,2020-12-30 02:11:30,Paul,Seun,Social Media,LAGOS,High speed Internet,Customers End,,212.16666666666666,Critical
AXA-20201222-6038-HSE,2020-12-22 11:42:12,2020-12-22 11:44:00,2020-12-22 15:16:09,Sekina,Victor,Chatbot,ZAMFARA,High speed Internet,Line damage,108.0,212.15,Critical
AXA-20201220-5368-HSE,2020-12-20 11:25:37,2020-12-20 11:30:06,2020-12-20 15:02:15,Atiku,Victor,Chatbot,DELTA,High speed Internet,Line damage,269.0,212.15,Critical
AXA-20201221-2681-WiFi5,2020-12-21 08:12:43,2020-12-21 08:13:02,2020-12-21 11:44:49,Sekina,Victor,WebForm,ANAMBRA,WiFI - 5,Routine Service,19.0,211.78333333333333,Critical
AXA-20201213-3016-MCON,2020-12-13 13:41:48,2020-12-13 13:51:23,2020-12-13 17:23:10,Fola,Wale,Phone Call,DELTA,M Connect,Routine Service,575.0,211.78333333333333,Critical
AXA-20201204-5990-ICS,2020-12-04 11:59:05,2020-12-04 12:03:36,2020-12-04 15:35:22,Sola,Wale,USSD,BENUE,Interconnection Services,Routine Service,271.0,211.76666666666668,Critical
AXA-20201224-3855-C95,2020-12-24 15:14:55,2020-12-24 15:21:37,2020-12-24 18:53:22,Fola,Wale,Chatbot,ZAMFARA,Cloud95,Customers End,402.0,211.75,Critical
AXA-20201212-3719-WiFi11,2020-12-12 10:12:46,2020-12-12 10:17:11,2020-12-12 13:48:55,Bola,Victor,Phone Call,PLATEAU,WiFI - 11,Customers End,265.0,211.73333333333332,Critical
AXA-20201201-5778-WiFi11,2020-12-01 10:50:01,2020-12-01 10:52:41,2020-12-01 14:24:23,Amelia,Kerry,Social Media,IMO,WiFI - 11,hardware failure,160.0,211.7,Critical
AXA-20201218-2685-C100,2020-12-18 14:54:34,2020-12-18 15:02:11,2020-12-18 18:33:50,Segun,Seun,USSD,GOMBE,Cloud100,Support network failures,457.0,211.65,Critical
AXA-20201222-3913-WLESS,2020-12-22 12:26:45,2020-12-22 12:34:33,2020-12-22 16:06:11,Sherifat,Victor,USSD,OGUN,Wireless,Routine Service,468.0,211.63333333333333,Critical
AXA-20201225-4576-WiFi7,2020-12-25 15:07:49,2020-12-25 15:15:05,2020-12-25 18:46:39,Habeeb,Victor,WebForm,DELTA,WiFI - 7,Not Specified,436.0,211.56666666666666,Critical
AXA-20201222-5188-WiFi7,2020-12-22 12:20:46,2020-12-22 12:28:16,2020-12-22 15:59:46,Mary,Wale,Phone Call,PLATEAU,WiFI - 7,Line damage,450.0,211.5,Critical
AXA-20201222-2780-EVOICE,2020-12-22 11:27:17,2020-12-22 11:31:37,2020-12-22 15:03:06,Amelia,Kerry,USSD,LAGOS,EVoice,Customers End,260.0,211.48333333333332,Critical
AXA-20201212-3520-HSE,2020-12-12 10:45:46,2020-12-12 10:55:10,2020-12-12 14:26:38,Vitus,Seun,Social Media,DELTA,High speed Internet,Customers End,564.0,211.46666666666667,Critical
AXA-20201207-3402-EVOICE,2020-12-07 11:53:31,2020-12-07 12:03:39,2020-12-07 15:35:05,Amelia,Kerry,WebForm,LAGOS,EVoice,Customers End,608.0,211.43333333333334,Critical
AXA-20201225-2748-CBS,2020-12-25 15:06:07,2020-12-25 15:10:46,2020-12-25 18:42:09,Brenda,Kerry,Social Media,PLATEAU,Cloud-based services,Line damage,279.0,211.38333333333333,Critical
AXA-20201219-3440-WiFi3,2020-12-19 15:54:17,2020-12-19 15:57:03,2020-12-19 19:28:24,Sekina,Victor,USSD,EKITI,WiFI - 3,Line damage,166.0,211.35,Critical
AXA-20201203-4315-WiFi8,2020-12-03 09:13:43,2020-12-03 09:20:09,2020-12-03 12:51:30,Sherifat,Victor,Social Media,BORNO,WiFI - 8,Routine Service,386.0,211.35,Critical
AXA-20201208-2778-WiFi3,2020-12-08 10:23:36,2020-12-08 10:34:19,2020-12-08 14:05:39,Kingsley,Kerry,Email,GOMBE,WiFI - 3,Customers End,643.0,211.33333333333334,Critical
AXA-20201231-1698-WLESS,,2020-12-31 16:22:48,2020-12-31 19:54:07,John,Victor,Social Media,ONDO,Wireless,Customers End,,211.31666666666666,Critical
AXA-20201224-5425-EVOICE,2020-12-24 11:22:24,2020-12-24 11:23:56,2020-12-24 14:55:14,Paul,Seun,Phone Call,KWARA,EVoice,Customers End,92.0,211.3,Critical
AXA-20201212-3848-WiFi5,2020-12-12 15:00:56,2020-12-12 15:07:04,2020-12-12 18:38:22,Jonathan,Kerry,Chatbot,ENUGU,WiFI - 5,Line damage,368.0,211.3,Critical
AXA-20201202-4494-WiFi4,2020-12-02 08:13:25,2020-12-02 08:13:53,2020-12-02 11:45:08,Atiku,Victor,Social Media,KANO,WiFI - 4,Line damage,28.0,211.25,Critical
AXA-20201231-1198-HSE,,2020-12-31 15:50:50,2020-12-31 19:22:02,Sekina,Victor,Social Media,KANO,High speed Internet,Customers End,,211.2,Critical
AXA-20201211-2532-WiFi4,2020-12-11 10:57:21,2020-12-11 11:06:03,2020-12-11 14:37:14,Bukky,Wale,Social Media,OYO,WiFI - 4,Line damage,522.0,211.18333333333334,Critical
AXA-20201210-2475-WiFi6,2020-12-10 14:53:42,2020-12-10 15:03:54,2020-12-10 18:34:58,Myers,Kerry,Email,KANO,WiFI - 6,Customers End,612.0,211.06666666666666,Critical
AXA-20201223-3806-WiFi3,2020-12-23 08:06:48,2020-12-23 08:09:23,2020-12-23 11:40:26,Amelia,Kerry,Phone Call,NIGER,WiFI - 3,Not Specified,155.0,211.05,Critical
AXA-20201209-3625-ICS,2020-12-09 08:49:31,2020-12-09 08:54:51,2020-12-09 12:25:38,Jonathan,Kerry,Chatbot,PLATEAU,Interconnection Services,Customers End,320.0,210.78333333333333,Critical
AXA-20201217-3347-VOICE,2020-12-17 13:54:00,2020-12-17 13:59:33,2020-12-17 17:30:19,Tunde,Victor,Phone Call,YOBE,Voice,Routine Service,333.0,210.76666666666668,Critical
AXA-20201226-2572-C95,2020-12-26 10:53:32,2020-12-26 11:00:47,2020-12-26 14:31:31,Tunde,Victor,Chatbot,RIVERS,Cloud95,Line damage,435.0,210.73333333333332,Critical
AXA-20201201-3133-WiFi8,2020-12-01 15:54:34,2020-12-01 15:55:51,2020-12-01 19:26:34,Jennifer,Kerry,Social Media,OGUN,WiFI - 8,Routine Service,77.0,210.71666666666667,Critical
AXA-20201223-4215-VOICE,2020-12-23 14:09:12,2020-12-23 14:11:00,2020-12-23 17:41:43,John,Victor,USSD,NIGER,Voice,Not Specified,108.0,210.71666666666667,Critical
AXA-20201214-2348-WLESS,2020-12-14 15:57:38,2020-12-14 16:01:08,2020-12-14 19:31:49,Atiku,Victor,Social Media,ENUGU,Wireless,Customers End,210.0,210.68333333333334,Critical
AXA-20201218-5248-WiFi3,2020-12-18 11:56:42,2020-12-18 11:58:53,2020-12-18 15:29:34,Kola,Wale,Email,ANAMBRA,WiFI - 3,Line damage,131.0,210.68333333333334,Critical
AXA-20201217-5156-WiFi4,2020-12-17 08:38:27,2020-12-17 08:40:54,2020-12-17 12:11:29,Habeeb,Victor,USSD,PLATEAU,WiFI - 4,Routine Service,147.0,210.58333333333334,Critical
AXA-20201211-2345-WiFi8,2020-12-11 09:51:54,2020-12-11 09:59:07,2020-12-11 13:29:35,Atiku,Victor,Email,SOKOTO,WiFI - 8,Customers End,433.0,210.46666666666667,Critical
AXA-20201209-2619-WiFi11,2020-12-09 14:11:23,2020-12-09 14:19:59,2020-12-09 17:50:24,Sekina,Victor,Chatbot,KANO,WiFI - 11,hardware failure,516.0,210.41666666666666,Critical
AXA-20201218-3174-HSE,2020-12-18 11:54:57,2020-12-18 12:00:14,2020-12-18 15:30:39,Brenda,Kerry,WebForm,LAGOS,High speed Internet,Customers End,317.0,210.41666666666666,Critical
AXA-20201216-2229-WLESS,2020-12-16 12:50:39,2020-12-16 12:59:03,2020-12-16 16:29:26,Brenda,Kerry,Social Media,ENUGU,Wireless,Customers End,504.0,210.38333333333333,Critical
AXA-20201212-2222-WiFi3,2020-12-12 11:47:43,2020-12-12 11:47:52,2020-12-12 15:18:08,Atiku,Victor,Social Media,KANO,WiFI - 3,Line damage,9.0,210.26666666666668,Critical
AXA-20201205-5988-VOICE,2020-12-05 12:04:13,2020-12-05 12:06:29,2020-12-05 15:36:41,Vitus,Seun,USSD,KANO,Voice,Support network failures,136.0,210.2,Critical
AXA-20201207-4732-WiFi4,2020-12-07 14:41:02,2020-12-07 14:46:14,2020-12-07 18:16:23,Habeeb,Victor,Social Media,CROSS RIVER,WiFI - 4,Routine Service,312.0,210.15,Critical
AXA-20201229-1674-HSE,,2020-12-29 16:33:34,2020-12-29 20:03:43,Tunde,Victor,Social Media,FCT ABUJA,High speed Internet,Customers End,,210.15,Critical
AXA-20201217-2698-WiFi5,2020-12-17 08:57:07,2020-12-17 08:57:55,2020-12-17 12:28:04,John,Victor,WebForm,KOGI,WiFI - 5,Customers End,48.0,210.15,Critical
AXA-20201225-3629-HSE,2020-12-25 10:10:16,2020-12-25 10:19:45,2020-12-25 13:49:50,Bukky,Wale,Social Media,EKITI,High speed Internet,Customers End,569.0,210.08333333333334,Critical
AXA-20201229-1220-HSE,,2020-12-29 18:12:26,2020-12-29 21:42:31,Vitus,Seun,Social Media,ZAMFARA,High speed Internet,Customers End,,210.08333333333334,Critical
AXA-20201230-1971-WLESS,,2020-12-30 06:58:42,2020-12-30 10:28:46,Popoola,Seun,Social Media,PLATEAU,Wireless,Customers End,,210.06666666666666,Critical
AXA-20201211-3843-C95,2020-12-11 09:25:36,2020-12-11 09:28:10,2020-12-11 12:58:14,Myers,Kerry,Email,KANO,Cloud95,Customers End,154.0,210.06666666666666,Critical
AXA-20201218-5369-WiFi7,2020-12-18 08:00:54,2020-12-18 08:07:11,2020-12-18 11:37:14,Sheg,Seun,Phone Call,BAUCHI,WiFI - 7,Customers End,377.0,210.05,Critical
AXA-20201203-6121-C100,2020-12-03 12:00:56,2020-12-03 12:10:07,2020-12-03 15:40:09,Jennifer,Kerry,Phone Call,NASARAWA,Cloud100,Line damage,551.0,210.03333333333333,Critical
AXA-20201206-2365-WiFi3,2020-12-06 12:30:19,2020-12-06 12:35:35,2020-12-06 16:05:23,Bola,Victor,Social Media,DELTA,WiFI - 3,Not Specified,316.0,209.8,Critical
AXA-20201203-3205-WiFi6,2020-12-03 15:25:14,2020-12-03 15:29:33,2020-12-03 18:59:19,Habeeb,Victor,USSD,ANAMBRA,WiFI - 6,Routine Service,259.0,209.76666666666668,Critical
AXA-20201206-3049-HSE,2020-12-06 15:43:34,2020-12-06 15:52:51,2020-12-06 19:22:37,Goodluck,Kerry,Phone Call,OGUN,High speed Internet,Line damage,557.0,209.76666666666668,Critical
AXA-20201209-4284-MAC,2020-12-09 09:11:39,2020-12-09 09:17:09,2020-12-09 12:46:55,Atiku,Victor,WebForm,KWARA,Metro Area Connect,Line damage,330.0,209.76666666666668,Critical
AXA-20201221-5426-ICS,2020-12-21 13:58:16,2020-12-21 14:03:38,2020-12-21 17:33:22,Jennifer,Kerry,USSD,GOMBE,Interconnection Services,Not Specified,322.0,209.73333333333332,Critical
AXA-20201220-5373-WiFi4,2020-12-20 12:01:28,2020-12-20 12:10:09,2020-12-20 15:39:50,Goodluck,Kerry,Chatbot,BORNO,WiFI - 4,Customers End,521.0,209.68333333333334,Critical
AXA-20201226-2784-WiFi7,2020-12-26 14:44:25,2020-12-26 14:47:45,2020-12-26 18:17:21,Sekina,Victor,Phone Call,NASARAWA,WiFI - 7,Routine Service,200.0,209.6,Critical
AXA-20201224-2887-EVOICE,2020-12-24 11:09:11,2020-12-24 11:10:37,2020-12-24 14:40:12,Fola,Wale,Chatbot,BENUE,EVoice,Customers End,86.0,209.58333333333334,Critical
AXA-20201231-1215-HSE,,2020-12-31 18:44:34,2020-12-31 22:14:09,Habeeb,Victor,Social Media,GOMBE,High speed Internet,Not Specified,,209.58333333333334,Critical
AXA-20201230-1136-WLESS,,2020-12-30 18:24:54,2020-12-30 21:54:26,Amelia,Kerry,Social Media,RIVERS,Wireless,hardware failure,,209.53333333333333,Critical
AXA-20201231-1965-WLESS,,2020-12-31 03:45:34,2020-12-31 07:15:05,Bola,Victor,Social Media,DELTA,Wireless,Customers End,,209.51666666666668,Critical
AXA-20201218-5130-HSE,2020-12-18 13:37:14,2020-12-18 13:45:56,2020-12-18 17:15:23,Myers,Kerry,Email,EKITI,High speed Internet,Customers End,522.0,209.45,Critical
AXA-20201216-4037-WLESS,2020-12-16 15:46:09,2020-12-16 15:56:17,2020-12-16 19:25:42,Sherifat,Victor,USSD,ENUGU,Wireless,Routine Service,608.0,209.41666666666666,Critical
AXA-20201218-5903-MCON,2020-12-18 10:27:11,2020-12-18 10:31:49,2020-12-18 14:01:13,Bola,Victor,WebForm,KWARA,M Connect,Customers End,278.0,209.4,Critical
AXA-20201217-3219-WLESS,2020-12-17 09:51:28,2020-12-17 09:51:52,2020-12-17 13:21:16,John,Victor,Chatbot,EDO,Wireless,Customers End,24.0,209.4,Critical
AXA-20201229-1796-WLESS,,2020-12-29 18:44:19,2020-12-29 22:13:40,Sekina,Victor,Social Media,DELTA,Wireless,Customers End,,209.35,Critical
AXA-20201217-4157-MAC,2020-12-17 09:23:07,2020-12-17 09:33:18,2020-12-17 13:02:28,Ore,Seun,USSD,LAGOS,Metro Area Connect,Not Specified,611.0,209.16666666666666,Critical
AXA-20201209-5299-WiFi7,2020-12-09 12:08:49,2020-12-09 12:15:37,2020-12-09 15:44:44,Sola,Wale,Chatbot,OYO,WiFI - 7,Customers End,408.0,209.11666666666667,Critical
AXA-20201215-5844-C95,2020-12-15 08:39:41,2020-12-15 08:42:49,2020-12-15 12:11:35,Habeeb,Victor,Email,BORNO,Cloud95,Customers End,188.0,208.76666666666668,Critical
AXA-20201230-1531-WLESS,,2020-12-30 19:49:34,2020-12-30 23:18:19,Jonathan,Kerry,Social Media,ZAMFARA,Wireless,Customers End,,208.75,Critical
AXA-20201231-1692-HSE,,2020-12-31 14:29:48,2020-12-31 17:58:32,Jennifer,Kerry,Social Media,KOGI,High speed Internet,Not Specified,,208.73333333333332,Critical
AXA-20201230-1758-WLESS,,2020-12-30 00:13:31,2020-12-30 03:42:15,Segun,Seun,Social Media,ENUGU,Wireless,Customers End,,208.73333333333332,Critical
AXA-20201228-4910-CBS,2020-12-28 12:46:05,2020-12-28 12:51:16,2020-12-28 16:19:55,John,Victor,Email,TARABA,Cloud-based services,Customers End,311.0,208.65,Critical
AXA-20201211-2990-WLESS,2020-12-11 14:37:43,2020-12-11 14:46:23,2020-12-11 18:14:54,Ore,Seun,Email,KEBBI,Wireless,Routine Service,520.0,208.51666666666668,Critical
AXA-20201215-2358-WiFi9,2020-12-15 13:08:27,2020-12-15 13:19:03,2020-12-15 16:47:30,Atiku,Victor,Phone Call,KOGI,WiFI - 9,Customers End,636.0,208.45,Critical
AXA-20201226-4806-HSE,2020-12-26 09:59:12,2020-12-26 10:00:51,2020-12-26 13:29:17,Brenda,Kerry,Chatbot,BAUCHI,High speed Internet,Customers End,99.0,208.43333333333334,Critical
AXA-20201227-4716-WiFi4,2020-12-27 15:31:57,2020-12-27 15:38:04,2020-12-27 19:06:30,Habeeb,Victor,Email,IMO,WiFI - 4,Customers End,367.0,208.43333333333334,Critical
AXA-20201231-1271-HSE,,2020-12-31 17:09:04,2020-12-31 20:37:29,Myers,Kerry,Social Media,BAUCHI,High speed Internet,Line damage,,208.41666666666666,Critical
AXA-20201231-1116-HSE,,2020-12-31 10:43:18,2020-12-31 14:11:40,Sekina,Victor,Social Media,DELTA,High speed Internet,Routine Service,,208.36666666666667,Critical
AXA-20201211-5724-MCON,2020-12-11 12:29:37,2020-12-11 12:31:47,2020-12-11 16:00:08,Tunde,Victor,Social Media,ANAMBRA,M Connect,Customers End,130.0,208.35,Critical
AXA-20201229-1840-CBS,,2020-12-29 14:52:28,2020-12-29 18:20:48,Amelia,Kerry,Social Media,OYO,Cloud-based services,Line damage,,208.33333333333334,Critical
AXA-20201201-2771-WLESS,2020-12-01 15:43:10,2020-12-01 15:52:55,2020-12-01 19:21:14,Sekina,Victor,Email,EDO,Wireless,Customers End,585.0,208.31666666666666,Critical
AXA-20201214-6054-EVOICE,2020-12-14 11:33:55,2020-12-14 11:40:01,2020-12-14 15:08:19,Vitus,Seun,USSD,BAUCHI,EVoice,Customers End,366.0,208.3,Critical
AXA-20201205-3511-EVOICE,2020-12-05 13:05:23,2020-12-05 13:13:47,2020-12-05 16:42:02,Sekina,Victor,Chatbot,EDO,EVoice,Line damage,504.0,208.25,Critical
AXA-20201227-3733-ICS,2020-12-27 12:59:19,2020-12-27 13:07:59,2020-12-27 16:36:12,Kingsley,Kerry,Social Media,GOMBE,Interconnection Services,Customers End,520.0,208.21666666666667,Critical
AXA-20201219-2740-WiFi6,2020-12-19 08:31:34,2020-12-19 08:36:48,2020-12-19 12:04:59,Kingsley,Kerry,WebForm,LAGOS,WiFI - 6,Customers End,314.0,208.18333333333334,Critical
AXA-20201212-5199-WiFi3,2020-12-12 12:06:11,2020-12-12 12:07:38,2020-12-12 15:35:47,Sherifat,Victor,Phone Call,DELTA,WiFI - 3,hardware failure,87.0,208.15,Critical
AXA-20201210-3697-WiFi6,2020-12-10 08:42:40,2020-12-10 08:46:51,2020-12-10 12:14:55,Habeeb,Victor,WebForm,BAYELSA,WiFI - 6,Customers End,251.0,208.06666666666666,Critical
AXA-20201212-4760-CBS,2020-12-12 14:26:40,2020-12-12 14:32:12,2020-12-12 17:59:52,Jennifer,Kerry,Chatbot,KANO,Cloud-based services,Line damage,332.0,207.66666666666666,Critical
AXA-20201205-3725-ICS,2020-12-05 10:32:07,2020-12-05 10:38:46,2020-12-05 14:06:19,Fola,Wale,Social Media,RIVERS,Interconnection Services,Not Specified,399.0,207.55,Critical
AXA-20201229-1812-HSE,,2020-12-29 22:43:15,2020-12-30 02:10:48,Kachi,Seun,Social Media,ANAMBRA,High speed Internet,Customers End,,207.55,Critical
AXA-20201205-3664-WiFi9,2020-12-05 12:50:05,2020-12-05 12:57:39,2020-12-05 16:25:12,Sekina,Victor,Phone Call,EKITI,WiFI - 9,Line damage,454.0,207.55,Critical
AXA-20201209-4150-HSE,2020-12-09 15:53:48,2020-12-09 16:04:25,2020-12-09 19:31:53,Paul,Seun,Social Media,ANAMBRA,High speed Internet,Customers End,637.0,207.46666666666667,Critical
AXA-20201217-2433-WiFi5,2020-12-17 08:30:37,2020-12-17 08:33:08,2020-12-17 12:00:36,Tunde,Victor,WebForm,BENUE,WiFI - 5,Line damage,151.0,207.46666666666667,Critical
AXA-20201214-2167-WiFi9,2020-12-14 14:20:43,2020-12-14 14:29:29,2020-12-14 17:56:56,John,Victor,Email,IMO,WiFI - 9,Line damage,526.0,207.45,Critical
AXA-20201208-2702-WiFi5,2020-12-08 14:14:15,2020-12-08 14:15:03,2020-12-08 17:42:27,Sherifat,Victor,Phone Call,BORNO,WiFI - 5,Routine Service,48.0,207.4,Critical
AXA-20201227-3149-HSE,2020-12-27 15:29:10,2020-12-27 15:35:16,2020-12-27 19:02:37,Atiku,Victor,USSD,GOMBE,High speed Internet,Line damage,366.0,207.35,Critical
AXA-20201202-2194-WLESS,2020-12-02 10:58:37,2020-12-02 11:04:56,2020-12-02 14:32:17,Goodluck,Kerry,Phone Call,KANO,Wireless,Customers End,379.0,207.35,Critical
AXA-20201211-2136-WiFi7,2020-12-11 11:41:15,2020-12-11 11:45:34,2020-12-11 15:12:53,Myers,Kerry,WebForm,KANO,WiFI - 7,Line damage,259.0,207.31666666666666,Critical
AXA-20201216-4544-EVOICE,2020-12-16 11:56:45,2020-12-16 12:04:56,2020-12-16 15:32:14,Myers,Kerry,USSD,FCT ABUJA,EVoice,Customers End,491.0,207.3,Critical
AXA-20201218-4501-WiFi7,2020-12-18 10:12:00,2020-12-18 10:16:23,2020-12-18 13:43:38,Kingsley,Kerry,USSD,GOMBE,WiFI - 7,Line damage,263.0,207.25,Critical
AXA-20201207-3780-WiFi10,2020-12-07 15:12:52,2020-12-07 15:15:12,2020-12-07 18:42:27,Goodluck,Kerry,WebForm,OGUN,WiFI - 10,Line damage,140.0,207.25,Critical
AXA-20201208-3161-WiFi6,2020-12-08 11:42:06,2020-12-08 11:50:42,2020-12-08 15:17:55,Habeeb,Victor,USSD,ABIA,WiFI - 6,Customers End,516.0,207.21666666666667,Critical
AXA-20201213-3861-WiFi9,2020-12-13 14:02:37,2020-12-13 14:13:16,2020-12-13 17:40:27,Jennifer,Kerry,USSD,OYO,WiFI - 9,Customers End,639.0,207.18333333333334,Critical
AXA-20201230-1588-WLESS,,2020-12-30 17:15:14,2020-12-30 20:42:24,Paul,Seun,Social Media,IMO,Wireless,Routine Service,,207.16666666666666,Critical
AXA-20201214-2883-WLESS,2020-12-14 11:47:15,2020-12-14 11:49:40,2020-12-14 15:16:50,John,Victor,USSD,KADUNA,Wireless,Not Specified,145.0,207.16666666666666,Critical
AXA-20201217-5132-WiFi7,2020-12-17 14:59:33,2020-12-17 15:03:12,2020-12-17 18:30:21,Paul,Seun,Email,RIVERS,WiFI - 7,Routine Service,219.0,207.15,Critical
AXA-20201215-4371-CBS,2020-12-15 10:09:41,2020-12-15 10:19:54,2020-12-15 13:47:03,Habeeb,Victor,Email,ADAMAWA,Cloud-based services,Customers End,613.0,207.15,Critical
AXA-20201214-4012-WiFi11,2020-12-14 15:51:44,2020-12-14 15:58:02,2020-12-14 19:25:08,Segun,Seun,Social Media,NASARAWA,WiFI - 11,Customers End,378.0,207.1,Critical
AXA-20201228-5848-WiFi10,2020-12-28 13:45:44,2020-12-28 13:54:58,2020-12-28 17:22:01,Habeeb,Victor,USSD,ONDO,WiFI - 10,Line damage,554.0,207.05,Critical
AXA-20201210-3838-VOICE,2020-12-10 14:40:36,2020-12-10 14:48:54,2020-12-10 18:15:56,Habeeb,Victor,Social Media,ONDO,Voice,Line damage,498.0,207.03333333333333,Critical
AXA-20201228-2079-WLESS,2020-12-28 11:50:40,2020-12-28 11:52:15,2020-12-28 15:19:17,Bola,Victor,Phone Call,EDO,Wireless,Customers End,95.0,207.03333333333333,Critical
AXA-20201228-5702-MAC,2020-12-28 13:29:07,2020-12-28 13:38:17,2020-12-28 17:04:59,Bola,Victor,Phone Call,KADUNA,Metro Area Connect,hardware failure,550.0,206.7,Critical
AXA-20201208-2951-WLESS,2020-12-08 12:27:38,2020-12-08 12:37:26,2020-12-08 16:04:04,Goodluck,Kerry,Phone Call,IMO,Wireless,Line damage,588.0,206.63333333333333,Critical
AXA-20201201-2616-WiFi6,2020-12-01 09:05:23,2020-12-01 09:08:44,2020-12-01 12:35:15,Tunde,Victor,WebForm,YOBE,WiFI - 6,Customers End,201.0,206.51666666666668,Critical
AXA-20201222-5029-WiFi9,2020-12-22 14:15:22,2020-12-22 14:25:50,2020-12-22 17:52:16,Tunde,Victor,Social Media,KANO,WiFI - 9,Customers End,628.0,206.43333333333334,Critical
AXA-20201223-5503-WiFi5,2020-12-23 14:46:59,2020-12-23 14:47:44,2020-12-23 18:14:10,Mary,Wale,Email,ENUGU,WiFI - 5,Customers End,45.0,206.43333333333334,Critical
AXA-20201224-2691-WLESS,2020-12-24 08:18:53,2020-12-24 08:20:02,2020-12-24 11:46:27,Goodluck,Kerry,USSD,SOKOTO,Wireless,Customers End,69.0,206.41666666666666,Critical
AXA-20201213-4316-HSE,2020-12-13 13:56:49,2020-12-13 14:07:26,2020-12-13 17:33:44,Habeeb,Victor,Email,NASARAWA,High speed Internet,Customers End,637.0,206.3,Critical
AXA-20201231-1512-HSE,,2020-12-31 11:20:48,2020-12-31 14:47:06,John,Victor,Social Media,BORNO,High speed Internet,hardware failure,,206.3,Critical
AXA-20201206-3333-WLESS,2020-12-06 14:13:17,2020-12-06 14:19:02,2020-12-06 17:45:18,Popoola,Seun,Email,ENUGU,Wireless,Customers End,345.0,206.26666666666668,Critical
AXA-20201222-5408-HSE,2020-12-22 10:37:43,2020-12-22 10:39:25,2020-12-22 14:05:36,John,Victor,Email,EDO,High speed Internet,Customers End,102.0,206.18333333333334,Critical
AXA-20201223-5231-WiFi11,2020-12-23 11:35:50,2020-12-23 11:39:00,2020-12-23 15:05:06,Bukky,Wale,Social Media,EKITI,WiFI - 11,Line damage,190.0,206.1,Critical
AXA-20201212-3115-C100,2020-12-12 14:51:47,2020-12-12 14:57:23,2020-12-12 18:23:28,Kola,Wale,Social Media,OYO,Cloud100,Line damage,336.0,206.08333333333334,Critical
AXA-20201231-2073-WLESS,,2020-12-31 17:06:52,2020-12-31 20:32:57,Goodluck,Kerry,Social Media,BAUCHI,Wireless,Line damage,,206.08333333333334,Critical
AXA-20201225-5318-EVOICE,2020-12-25 11:34:01,2020-12-25 11:34:18,2020-12-25 15:00:06,Bola,Victor,Phone Call,BORNO,EVoice,Line damage,17.0,205.8,Critical
AXA-20201231-1482-HSE,,2020-12-31 17:37:51,2020-12-31 21:03:38,Paul,Seun,Social Media,BORNO,High speed Internet,Routine Service,,205.78333333333333,Critical
AXA-20201211-5753-HSE,2020-12-11 12:08:48,2020-12-11 12:15:00,2020-12-11 15:40:42,Tunde,Victor,Email,NIGER,High speed Internet,Customers End,372.0,205.7,Critical
AXA-20201230-1134-WLESS,,2020-12-30 21:34:25,2020-12-31 01:00:04,Amelia,Kerry,Social Media,KANO,Wireless,Customers End,,205.65,Critical
AXA-20201230-1628-HSE,,2020-12-30 15:51:23,2020-12-30 19:17:02,Sekina,Victor,Social Media,ENUGU,High speed Internet,Customers End,,205.65,Critical
AXA-20201230-1344-WLESS,,2020-12-30 11:52:31,2020-12-30 15:18:04,Tunde,Victor,Social Media,ZAMFARA,Wireless,Support network failures,,205.55,Critical
AXA-20201219-5217-WiFi4,2020-12-19 15:01:46,2020-12-19 15:02:26,2020-12-19 18:27:58,Vitus,Seun,Chatbot,NASARAWA,WiFI - 4,Customers End,40.0,205.53333333333333,Critical
AXA-20201230-1560-VOICE,,2020-12-30 16:56:20,2020-12-30 20:21:49,Habeeb,Victor,Social Media,ONDO,Voice,Line damage,,205.48333333333332,Critical
AXA-20201215-4826-MAC,2020-12-15 12:48:10,2020-12-15 12:58:29,2020-12-15 16:23:57,Bola,Victor,Social Media,ENUGU,Metro Area Connect,Line damage,619.0,205.46666666666667,Critical
AXA-20201224-2161-WiFi10,2020-12-24 12:10:11,2020-12-24 12:16:42,2020-12-24 15:42:10,Sheg,Seun,WebForm,IMO,WiFI - 10,Customers End,391.0,205.46666666666667,Critical
AXA-20201220-5516-WiFi9,2020-12-20 14:53:10,2020-12-20 15:00:28,2020-12-20 18:25:56,Jennifer,Kerry,Social Media,ENUGU,WiFI - 9,Customers End,438.0,205.46666666666667,Critical
AXA-20201228-3048-MAC,2020-12-28 08:01:22,2020-12-28 08:05:35,2020-12-28 11:31:01,John,Victor,Social Media,ANAMBRA,Metro Area Connect,Customers End,253.0,205.43333333333334,Critical
AXA-20201215-5195-WiFi3,2020-12-15 14:14:34,2020-12-15 14:15:16,2020-12-15 17:40:41,Habeeb,Victor,Chatbot,ZAMFARA,WiFI - 3,Customers End,42.0,205.41666666666666,Critical
AXA-20201212-4703-HSE,2020-12-12 08:06:59,2020-12-12 08:13:23,2020-12-12 11:38:48,Habeeb,Victor,Email,NIGER,High speed Internet,Customers End,384.0,205.41666666666666,Critical
AXA-20201215-5144-WiFi10,2020-12-15 13:37:33,2020-12-15 13:42:45,2020-12-15 17:07:55,Habeeb,Victor,Chatbot,RIVERS,WiFI - 10,Customers End,312.0,205.16666666666666,Critical
AXA-20201221-5454-C95,2020-12-21 13:21:43,2020-12-21 13:24:28,2020-12-21 16:49:37,Jonathan,Kerry,USSD,LAGOS,Cloud95,Line damage,165.0,205.15,Critical
AXA-20201201-5060-C95,2020-12-01 09:04:30,2020-12-01 09:12:59,2020-12-01 12:38:07,Myers,Kerry,Email,OYO,Cloud95,Not Specified,509.0,205.13333333333333,Critical
AXA-20201225-3441-WiFi3,2020-12-25 10:03:44,2020-12-25 10:11:21,2020-12-25 13:36:26,Bukky,Wale,USSD,ONDO,WiFI - 3,Customers End,457.0,205.08333333333334,Critical
AXA-20201214-2424-HSE,2020-12-14 09:21:06,2020-12-14 09:31:17,2020-12-14 12:56:19,Bola,Victor,WebForm,PLATEAU,High speed Internet,hardware failure,611.0,205.03333333333333,Critical
AXA-20201231-2028-CBS,,2020-12-31 15:36:16,2020-12-31 19:01:18,Amelia,Kerry,Email,FCT ABUJA,Cloud-based services,Not Specified,,205.03333333333333,Critical
AXA-20201224-3640-HSE,2020-12-24 08:47:24,2020-12-24 08:47:58,2020-12-24 12:12:46,Myers,Kerry,WebForm,BORNO,High speed Internet,Routine Service,34.0,204.8,Critical
AXA-20201228-4007-VOICE,2020-12-28 14:34:33,2020-12-28 14:42:49,2020-12-28 18:07:36,Bola,Victor,Chatbot,EBONYI,Voice,Customers End,496.0,204.78333333333333,Critical
AXA-20201219-3139-C100,2020-12-19 11:03:42,2020-12-19 11:11:58,2020-12-19 14:36:43,John,Victor,Chatbot,ANAMBRA,Cloud100,Customers End,496.0,204.75,Critical
AXA-20201229-1954-WLESS,,2020-12-29 18:28:27,2020-12-29 21:53:10,Ore,Seun,Social Media,DELTA,Wireless,Customers End,,204.71666666666667,Critical
AXA-20201217-4102-WiFi3,2020-12-17 10:36:41,2020-12-17 10:37:18,2020-12-17 14:01:58,Vitus,Seun,Email,PLATEAU,WiFI - 3,Routine Service,37.0,204.66666666666666,Critical
AXA-20201209-2409-C100,2020-12-09 09:25:48,2020-12-09 09:34:30,2020-12-09 12:59:10,John,Victor,Phone Call,EKITI,Cloud100,Routine Service,522.0,204.66666666666666,Critical
AXA-20201230-1441-MCON,,2020-12-30 02:11:46,2020-12-30 05:36:24,Popoola,Seun,Social Media,NASARAWA,M Connect,Customers End,,204.63333333333333,Critical
AXA-20201222-3726-MCON,2020-12-22 14:31:24,2020-12-22 14:41:34,2020-12-22 18:06:09,Jennifer,Kerry,WebForm,KWARA,M Connect,Not Specified,610.0,204.58333333333334,Critical
AXA-20201229-1798-HSE,,2020-12-29 15:20:26,2020-12-29 18:45:00,Ore,Seun,Social Media,BORNO,High speed Internet,Customers End,,204.56666666666666,Critical
AXA-20201215-5224-MAC,2020-12-15 15:17:04,2020-12-15 15:17:41,2020-12-15 18:42:01,Kachi,Seun,Phone Call,EKITI,Metro Area Connect,Customers End,37.0,204.33333333333334,Critical
AXA-20201211-2279-WLESS,2020-12-11 12:21:09,2020-12-11 12:23:46,2020-12-11 15:48:02,Sherifat,Victor,Social Media,BAYELSA,Wireless,Routine Service,157.0,204.26666666666668,Critical
AXA-20201213-2367-WiFi4,2020-12-13 15:42:22,2020-12-13 15:47:35,2020-12-13 19:11:51,Paul,Seun,Social Media,OGUN,WiFI - 4,Customers End,313.0,204.26666666666668,Critical
AXA-20201201-2624-ICS,2020-12-01 13:34:27,2020-12-01 13:39:34,2020-12-01 17:03:49,Sheg,Seun,Social Media,BAUCHI,Interconnection Services,Customers End,307.0,204.25,Critical
AXA-20201219-4463-C95,2020-12-19 14:35:09,2020-12-19 14:44:43,2020-12-19 18:08:58,Atiku,Victor,Email,KATSINA,Cloud95,Customers End,574.0,204.25,Critical
AXA-20201204-3076-ICS,2020-12-04 15:43:43,2020-12-04 15:50:22,2020-12-04 19:14:30,Jennifer,Kerry,Social Media,KEBBI,Interconnection Services,Customers End,399.0,204.13333333333333,Critical
AXA-20201204-5200-WiFi11,2020-12-04 10:27:15,2020-12-04 10:30:39,2020-12-04 13:54:47,Segun,Seun,Chatbot,KATSINA,WiFI - 11,Routine Service,204.0,204.13333333333333,Critical
AXA-20201220-3231-MCON,2020-12-20 14:02:37,2020-12-20 14:06:47,2020-12-20 17:30:54,Kingsley,Kerry,Phone Call,NIGER,M Connect,hardware failure,250.0,204.11666666666667,Critical
AXA-20201210-5075-C95,2020-12-10 09:45:19,2020-12-10 09:49:47,2020-12-10 13:13:52,Myers,Kerry,WebForm,ANAMBRA,Cloud95,Customers End,268.0,204.08333333333334,Critical
AXA-20201224-4566-WiFi5,2020-12-24 11:29:21,2020-12-24 11:32:29,2020-12-24 14:56:17,Popoola,Seun,Social Media,OGUN,WiFI - 5,Line damage,188.0,203.8,Critical
AXA-20201223-3466-WiFi6,2020-12-23 10:05:06,2020-12-23 10:12:54,2020-12-23 13:36:41,Jennifer,Kerry,Chatbot,IMO,WiFI - 6,Customers End,468.0,203.78333333333333,Critical
AXA-20201220-3957-WiFi4,2020-12-20 08:14:02,2020-12-20 08:18:25,2020-12-20 11:42:05,Jennifer,Kerry,WebForm,BORNO,WiFI - 4,Routine Service,263.0,203.66666666666666,Critical
AXA-20201204-2355-EVOICE,2020-12-04 15:09:22,2020-12-04 15:15:34,2020-12-04 18:39:13,Goodluck,Kerry,Phone Call,OYO,EVoice,Customers End,372.0,203.65,Critical
AXA-20201221-3083-MCON,2020-12-21 14:55:06,2020-12-21 15:00:44,2020-12-21 18:24:15,Jonathan,Kerry,Chatbot,DELTA,M Connect,hardware failure,338.0,203.51666666666668,Critical
AXA-20201225-5562-WLESS,2020-12-25 14:19:54,2020-12-25 14:22:00,2020-12-25 17:45:27,Paul,Seun,USSD,BAYELSA,Wireless,Support network failures,126.0,203.45,Critical
AXA-20201205-3822-WiFi3,2020-12-05 15:47:31,2020-12-05 15:55:54,2020-12-05 19:19:21,Amelia,Kerry,Email,SOKOTO,WiFI - 3,Customers End,503.0,203.45,Critical
AXA-20201223-4317-WiFi5,2020-12-23 12:09:10,2020-12-23 12:14:16,2020-12-23 15:37:41,Bukky,Wale,Chatbot,DELTA,WiFI - 5,hardware failure,306.0,203.41666666666666,Critical
AXA-20201206-3136-HSE,2020-12-06 14:16:06,2020-12-06 14:26:27,2020-12-06 17:49:45,Tunde,Victor,USSD,JIGAWA,High speed Internet,Line damage,621.0,203.3,Critical
AXA-20201220-2873-WiFi11,2020-12-20 12:59:54,2020-12-20 13:08:59,2020-12-20 16:32:15,Myers,Kerry,Phone Call,BORNO,WiFI - 11,Customers End,545.0,203.26666666666668,Critical
AXA-20201213-4403-ICS,2020-12-13 13:59:41,2020-12-13 14:09:28,2020-12-13 17:32:39,Bukky,Wale,Chatbot,SOKOTO,Interconnection Services,Not Specified,587.0,203.18333333333334,Critical
AXA-20201218-4652-WLESS,2020-12-18 15:36:07,2020-12-18 15:36:44,2020-12-18 18:59:48,John,Victor,Phone Call,ZAMFARA,Wireless,Customers End,37.0,203.06666666666666,Critical
AXA-20201210-2966-WiFi10,2020-12-10 14:39:17,2020-12-10 14:41:35,2020-12-10 18:04:22,Sherifat,Victor,Phone Call,ANAMBRA,WiFI - 10,Customers End,138.0,202.78333333333333,Critical
AXA-20201211-5687-WiFi7,2020-12-11 15:13:19,2020-12-11 15:18:31,2020-12-11 18:41:17,John,Victor,USSD,DELTA,WiFI - 7,Router Failure,312.0,202.76666666666668,Critical
AXA-20201214-4342-C100,2020-12-14 12:57:52,2020-12-14 13:02:39,2020-12-14 16:25:17,Sherifat,Victor,Email,OGUN,Cloud100,Router Failure,287.0,202.63333333333333,Critical
AXA-20201207-4024-WiFi11,2020-12-07 11:56:37,2020-12-07 12:03:42,2020-12-07 15:26:19,Sola,Wale,Social Media,FCT ABUJA,WiFI - 11,Router Failure,425.0,202.61666666666667,Critical
AXA-20201201-2508-C100,2020-12-01 14:13:06,2020-12-01 14:16:45,2020-12-01 17:39:20,Sekina,Victor,Chatbot,FCT ABUJA,Cloud100,Line damage,219.0,202.58333333333334,Critical
AXA-20201226-2875-ICS,2020-12-26 10:49:54,2020-12-26 10:58:22,2020-12-26 14:20:56,Tunde,Victor,Email,RIVERS,Interconnection Services,Customers End,508.0,202.56666666666666,Critical
AXA-20201227-2723-VOICE,2020-12-27 14:33:54,2020-12-27 14:40:11,2020-12-27 18:02:45,Goodluck,Kerry,Phone Call,NASARAWA,Voice,Customers End,377.0,202.56666666666666,Critical
AXA-20201220-2876-C95,2020-12-20 09:45:54,2020-12-20 09:46:37,2020-12-20 13:09:08,Segun,Seun,WebForm,ENUGU,Cloud95,Customers End,43.0,202.51666666666668,Critical
AXA-20201225-5024-VOICE,2020-12-25 15:49:42,2020-12-25 16:00:01,2020-12-25 19:22:24,Goodluck,Kerry,USSD,OYO,Voice,Customers End,619.0,202.38333333333333,Critical
AXA-20201202-4668-HSE,2020-12-02 12:03:28,2020-12-02 12:09:13,2020-12-02 15:31:33,Sherifat,Victor,WebForm,EKITI,High speed Internet,Line damage,345.0,202.33333333333334,Critical
AXA-20201205-3675-MCON,2020-12-05 14:32:01,2020-12-05 14:39:45,2020-12-05 18:02:03,Bola,Victor,USSD,KWARA,M Connect,Support network failures,464.0,202.3,Critical
AXA-20201218-2882-WiFi3,2020-12-18 10:12:03,2020-12-18 10:22:43,2020-12-18 13:44:59,Amelia,Kerry,Email,NIGER,WiFI - 3,Customers End,640.0,202.26666666666668,Critical
AXA-20201210-5187-WiFi6,2020-12-10 08:06:54,2020-12-10 08:14:29,2020-12-10 11:36:43,Paul,Seun,USSD,NIGER,WiFI - 6,Customers End,455.0,202.23333333333332,Critical
AXA-20201228-5696-WiFi5,2020-12-28 12:17:35,2020-12-28 12:18:02,2020-12-28 15:40:14,Sekina,Victor,Phone Call,KOGI,WiFI - 5,Line damage,27.0,202.2,Critical
AXA-20201214-4555-WiFi5,2020-12-14 08:25:03,2020-12-14 08:25:43,2020-12-14 11:47:54,Habeeb,Victor,Email,KOGI,WiFI - 5,Support network failures,40.0,202.18333333333334,Critical
AXA-20201214-4006-WiFi3,2020-12-14 12:55:27,2020-12-14 13:05:37,2020-12-14 16:27:47,Habeeb,Victor,Chatbot,KEBBI,WiFI - 3,Line damage,610.0,202.16666666666666,Critical
AXA-20201231-1835-MCON,,2020-12-31 19:01:30,2020-12-31 22:23:39,Goodluck,Kerry,Social Media,NASARAWA,M Connect,hardware failure,,202.15,Critical
AXA-20201203-3459-WLESS,2020-12-03 10:23:45,2020-12-03 10:28:29,2020-12-03 13:50:34,Habeeb,Victor,WebForm,PLATEAU,Wireless,Customers End,284.0,202.08333333333334,Critical
AXA-20201203-3663-ICS,2020-12-03 08:18:11,2020-12-03 08:24:49,2020-12-03 11:46:52,Ore,Seun,WebForm,OGUN,Interconnection Services,Not Specified,398.0,202.05,Critical
AXA-20201220-4553-C95,2020-12-20 10:22:22,2020-12-20 10:26:58,2020-12-20 13:48:45,Bola,Victor,WebForm,FCT ABUJA,Cloud95,Customers End,276.0,201.78333333333333,Critical
AXA-20201215-5806-WiFi8,2020-12-15 08:52:09,2020-12-15 08:53:28,2020-12-15 12:15:08,Kola,Wale,Chatbot,KOGI,WiFI - 8,Customers End,79.0,201.66666666666666,Critical
AXA-20201208-6110-HSE,2020-12-08 15:31:43,2020-12-08 15:39:14,2020-12-08 19:00:52,Bukky,Wale,Email,JIGAWA,High speed Internet,Line damage,451.0,201.63333333333333,Critical
AXA-20201218-3645-WLESS,2020-12-18 08:44:22,2020-12-18 08:52:57,2020-12-18 12:14:32,Sola,Wale,Chatbot,BORNO,Wireless,Customers End,515.0,201.58333333333334,Critical
AXA-20201209-5031-WiFi7,2020-12-09 09:19:56,2020-12-09 09:23:39,2020-12-09 12:45:13,Tunde,Victor,Social Media,OYO,WiFI - 7,Routine Service,223.0,201.56666666666666,Critical
AXA-20201202-4660-CBS,2020-12-02 15:21:52,2020-12-02 15:23:01,2020-12-02 18:44:34,Sherifat,Victor,Social Media,OYO,Cloud-based services,Customers End,69.0,201.55,Critical
AXA-20201203-2460-CBS,2020-12-03 11:20:21,2020-12-03 11:20:44,2020-12-03 14:42:16,Myers,Kerry,Email,IMO,Cloud-based services,Line damage,23.0,201.53333333333333,Critical
AXA-20201203-5787-HSE,2020-12-03 14:28:55,2020-12-03 14:35:16,2020-12-03 17:56:46,Sherifat,Victor,Email,LAGOS,High speed Internet,Routine Service,381.0,201.5,Critical
AXA-20201229-1190-HSE,,2020-12-29 12:58:17,2020-12-29 16:19:40,Sheg,Seun,Social Media,KANO,High speed Internet,Customers End,,201.38333333333333,Critical
AXA-20201201-3765-WiFi9,2020-12-01 09:34:34,2020-12-01 09:36:42,2020-12-01 12:58:05,Kingsley,Kerry,WebForm,DELTA,WiFI - 9,Customers End,128.0,201.38333333333333,Critical
AXA-20201230-1250-WLESS,,2020-12-30 17:15:33,2020-12-30 20:36:53,Sherifat,Victor,Social Media,DELTA,Wireless,Customers End,,201.33333333333334,Critical
AXA-20201230-2007-WLESS,,2020-12-30 19:05:20,2020-12-30 22:26:39,Tunde,Victor,Social Media,KANO,Wireless,Routine Service,,201.31666666666666,Critical
AXA-20201215-3798-WiFi8,2020-12-15 11:12:03,2020-12-15 11:12:21,2020-12-15 14:33:35,Bola,Victor,WebForm,IMO,WiFI - 8,Customers End,18.0,201.23333333333332,Critical
AXA-20201201-4960-WLESS,2020-12-01 11:34:43,2020-12-01 11:43:54,2020-12-01 15:05:07,Amelia,Kerry,Chatbot,ZAMFARA,Wireless,Line damage,551.0,201.21666666666667,Critical
AXA-20201217-4194-HSE,2020-12-17 09:04:13,2020-12-17 09:11:47,2020-12-17 12:33:00,Akin,Wale,Chatbot,EKITI,High speed Internet,Line damage,454.0,201.21666666666667,Critical
AXA-20201212-4810-MCON,2020-12-12 08:38:51,2020-12-12 08:49:14,2020-12-12 12:10:26,Habeeb,Victor,Social Media,ONDO,M Connect,Not Specified,623.0,201.2,Critical
AXA-20201204-2811-WLESS,2020-12-04 11:00:44,2020-12-04 11:06:18,2020-12-04 14:27:24,Sekina,Victor,Phone Call,GOMBE,Wireless,Routine Service,334.0,201.1,Critical
AXA-20201228-3056-WiFi8,2020-12-28 13:18:47,2020-12-28 13:28:21,2020-12-28 16:49:27,Popoola,Seun,WebForm,DELTA,WiFI - 8,Line damage,574.0,201.1,Critical
AXA-20201203-5030-WiFi7,2020-12-03 12:45:28,2020-12-03 12:55:14,2020-12-03 16:16:18,Akin,Wale,Social Media,ZAMFARA,WiFI - 7,Not Specified,586.0,201.06666666666666,Critical
AXA-20201227-4192-C100,2020-12-27 14:18:45,2020-12-27 14:26:53,2020-12-27 17:47:40,Habeeb,Victor,USSD,NASARAWA,Cloud100,Customers End,488.0,200.78333333333333,Critical
AXA-20201221-4334-WiFi10,2020-12-21 13:52:30,2020-12-21 14:02:44,2020-12-21 17:23:30,Jonathan,Kerry,Social Media,OYO,WiFI - 10,Line damage,614.0,200.76666666666668,Critical
AXA-20201217-4138-WLESS,2020-12-17 13:34:15,2020-12-17 13:40:36,2020-12-17 17:01:21,Sherifat,Victor,Social Media,IMO,Wireless,Customers End,381.0,200.75,Critical
AXA-20201224-6107-WLESS,2020-12-24 13:08:22,2020-12-24 13:16:30,2020-12-24 16:37:14,Sheg,Seun,WebForm,EKITI,Wireless,Line damage,488.0,200.73333333333332,Critical
AXA-20201217-3774-WiFi5,2020-12-17 13:00:26,2020-12-17 13:11:03,2020-12-17 16:31:46,Jonathan,Kerry,Social Media,CROSS RIVER,WiFI - 5,Customers End,637.0,200.71666666666667,Critical
AXA-20201201-2497-C95,2020-12-01 10:46:36,2020-12-01 10:56:23,2020-12-01 14:17:04,Jennifer,Kerry,Social Media,KWARA,Cloud95,Support network failures,587.0,200.68333333333334,Critical
AXA-20201203-6096-WiFi4,2020-12-03 11:48:44,2020-12-03 11:50:05,2020-12-03 15:10:45,Atiku,Victor,USSD,OGUN,WiFI - 4,Line damage,81.0,200.66666666666666,Critical
AXA-20201211-2774-C100,2020-12-11 10:49:20,2020-12-11 10:55:25,2020-12-11 14:16:01,Sheg,Seun,Chatbot,SOKOTO,Cloud100,Customers End,365.0,200.6,Critical
AXA-20201203-5618-WiFi9,2020-12-03 12:40:48,2020-12-03 12:41:04,2020-12-03 16:01:39,Sola,Wale,Email,BORNO,WiFI - 9,Customers End,16.0,200.58333333333334,Critical
AXA-20201231-1647-HSE,,2020-12-31 10:45:37,2020-12-31 14:06:09,Bukky,Wale,Social Media,CROSS RIVER,High speed Internet,Routine Service,,200.53333333333333,Critical
AXA-20201220-2712-HSE,2020-12-20 13:39:55,2020-12-20 13:46:08,2020-12-20 17:06:33,Sekina,Victor,USSD,KANO,High speed Internet,Line damage,373.0,200.41666666666666,Critical
AXA-20201216-2485-MAC,2020-12-16 12:35:50,2020-12-16 12:38:07,2020-12-16 15:58:31,Atiku,Victor,WebForm,OYO,Metro Area Connect,Customers End,137.0,200.4,Critical
AXA-20201201-2997-HSE,2020-12-01 11:26:38,2020-12-01 11:36:43,2020-12-01 14:57:06,Myers,Kerry,WebForm,PLATEAU,High speed Internet,Customers End,605.0,200.38333333333333,Critical
AXA-20201207-4298-HSE,2020-12-07 15:36:08,2020-12-07 15:36:42,2020-12-07 18:57:03,Tunde,Victor,WebForm,ANAMBRA,High speed Internet,Customers End,34.0,200.35,Critical
AXA-20201217-4645-WLESS,2020-12-17 08:07:25,2020-12-17 08:08:56,2020-12-17 11:29:13,Atiku,Victor,Social Media,NIGER,Wireless,Line damage,91.0,200.28333333333333,Critical
AXA-20201227-4581-WiFi8,2020-12-27 08:37:39,2020-12-27 08:38:10,2020-12-27 11:58:20,John,Victor,Email,KWARA,WiFI - 8,Customers End,31.0,200.16666666666666,Critical
AXA-20201212-5380-VOICE,2020-12-12 14:23:26,2020-12-12 14:23:35,2020-12-12 17:43:38,Sherifat,Victor,Chatbot,DELTA,Voice,hardware failure,9.0,200.05,Critical
AXA-20201226-4028-WiFi10,2020-12-26 08:28:11,2020-12-26 08:30:39,2020-12-26 11:50:26,Sherifat,Victor,Social Media,IMO,WiFI - 10,Line damage,148.0,199.78333333333333,Critical
AXA-20201229-2002-WLESS,,2020-12-29 22:01:22,2020-12-30 01:21:03,John,Victor,Social Media,KEBBI,Wireless,Customers End,,199.68333333333334,Critical
AXA-20201231-1485-HSE,,2020-12-31 00:59:39,2020-12-31 04:19:19,Bola,Victor,Social Media,BORNO,High speed Internet,Routine Service,,199.66666666666666,Critical
AXA-20201205-4542-CBS,2020-12-05 14:40:28,2020-12-05 14:47:51,2020-12-05 18:07:26,Vitus,Seun,WebForm,OGUN,Cloud-based services,Customers End,443.0,199.58333333333334,Critical
AXA-20201209-3237-MCON,2020-12-09 14:15:29,2020-12-09 14:20:58,2020-12-09 17:40:29,Bola,Victor,Email,GOMBE,M Connect,Line damage,329.0,199.51666666666668,Critical
AXA-20201230-1982-WLESS,,2020-12-30 07:27:45,2020-12-30 10:47:14,Sherifat,Victor,Social Media,BORNO,Wireless,Customers End,,199.48333333333332,Critical
AXA-20201221-4110-WiFi10,2020-12-21 10:31:02,2020-12-21 10:36:38,2020-12-21 13:56:01,Brenda,Kerry,USSD,PLATEAU,WiFI - 10,Line damage,336.0,199.38333333333333,Critical
AXA-20201215-5302-MAC,2020-12-15 10:09:22,2020-12-15 10:14:27,2020-12-15 13:33:48,Fola,Wale,Phone Call,BENUE,Metro Area Connect,Customers End,305.0,199.35,Critical
AXA-20201213-3135-CBS,2020-12-13 12:49:04,2020-12-13 12:50:52,2020-12-13 16:10:03,Sekina,Victor,WebForm,NASARAWA,Cloud-based services,Line damage,108.0,199.18333333333334,Critical
AXA-20201218-5559-WiFi6,2020-12-18 15:12:19,2020-12-18 15:15:44,2020-12-18 18:34:52,Ore,Seun,Chatbot,IMO,WiFI - 6,Customers End,205.0,199.13333333333333,Critical
AXA-20201208-2171-WiFi4,2020-12-08 11:22:01,2020-12-08 11:23:32,2020-12-08 14:42:40,Habeeb,Victor,USSD,EDO,WiFI - 4,Routine Service,91.0,199.13333333333333,Critical
AXA-20201203-4689-WiFi11,2020-12-03 14:48:43,2020-12-03 14:48:51,2020-12-03 18:07:58,Segun,Seun,USSD,SOKOTO,WiFI - 11,Routine Service,8.0,199.11666666666667,Critical
AXA-20201228-3138-WiFi7,2020-12-28 14:06:24,2020-12-28 14:07:01,2020-12-28 17:26:06,Jennifer,Kerry,Phone Call,ENUGU,WiFI - 7,Customers End,37.0,199.08333333333334,Critical
AXA-20201228-2953-HSE,2020-12-28 09:58:01,2020-12-28 10:03:12,2020-12-28 13:22:17,Boye,Wale,WebForm,KANO,High speed Internet,Customers End,311.0,199.08333333333334,Critical
AXA-20201208-2423-VOICE,2020-12-08 13:31:32,2020-12-08 13:34:42,2020-12-08 16:53:44,Paul,Seun,Social Media,OGUN,Voice,Line damage,190.0,199.03333333333333,Critical
AXA-20201228-3994-WiFi7,2020-12-28 13:28:05,2020-12-28 13:29:28,2020-12-28 16:48:30,Sherifat,Victor,Chatbot,OYO,WiFI - 7,Line damage,83.0,199.03333333333333,Critical
AXA-20201209-2529-MCON,2020-12-09 14:10:02,2020-12-09 14:15:24,2020-12-09 17:34:08,John,Victor,WebForm,EDO,M Connect,Line damage,322.0,198.73333333333332,Critical
AXA-20201206-2246-EVOICE,2020-12-06 14:27:19,2020-12-06 14:30:26,2020-12-06 17:49:10,John,Victor,Chatbot,KANO,EVoice,Customers End,187.0,198.73333333333332,Critical
AXA-20201213-5807-WiFi11,2020-12-13 11:47:46,2020-12-13 11:52:25,2020-12-13 15:11:06,Mary,Wale,Social Media,KANO,WiFI - 11,Line damage,279.0,198.68333333333334,Critical
AXA-20201204-5836-CBS,2020-12-04 15:14:04,2020-12-04 15:14:34,2020-12-04 18:33:13,Jennifer,Kerry,Phone Call,KWARA,Cloud-based services,Line damage,30.0,198.65,Critical
AXA-20201229-1429-HSE,,2020-12-29 14:56:33,2020-12-29 18:15:09,Jonathan,Kerry,Social Media,ANAMBRA,High speed Internet,Customers End,,198.6,Critical
AXA-20201206-2585-VOICE,2020-12-06 11:13:25,2020-12-06 11:23:11,2020-12-06 14:41:45,Sekina,Victor,Chatbot,DELTA,Voice,Customers End,586.0,198.56666666666666,Critical
AXA-20201212-5693-WLESS,2020-12-12 08:42:28,2020-12-12 08:51:34,2020-12-12 12:10:08,Jennifer,Kerry,Phone Call,OYO,Wireless,Customers End,546.0,198.56666666666666,Critical
AXA-20201208-4663-WLESS,2020-12-08 13:50:56,2020-12-08 13:56:21,2020-12-08 17:14:46,Sekina,Victor,Phone Call,OYO,Wireless,Line damage,325.0,198.41666666666666,Critical
AXA-20201223-2578-C95,2020-12-23 09:33:16,2020-12-23 09:39:33,2020-12-23 12:57:58,Sherifat,Victor,USSD,ANAMBRA,Cloud95,Customers End,377.0,198.41666666666666,Critical
AXA-20201231-1478-WLESS,,2020-12-31 23:22:24,2021-01-01 02:40:45,Kola,Wale,Social Media,KANO,Wireless,Customers End,,198.35,Critical
AXA-20201209-3791-WiFi8,2020-12-09 10:33:00,2020-12-09 10:39:28,2020-12-09 13:57:45,Jonathan,Kerry,Email,IMO,WiFI - 8,Customers End,388.0,198.28333333333333,Critical
AXA-20201228-3599-WiFi11,2020-12-28 12:18:33,2020-12-28 12:24:15,2020-12-28 15:42:32,Sekina,Victor,Email,IMO,WiFI - 11,Line damage,342.0,198.28333333333333,Critical
AXA-20201229-1808-HSE,,2020-12-29 17:27:23,2020-12-29 20:45:37,Kachi,Seun,Social Media,RIVERS,High speed Internet,Customers End,,198.23333333333332,Critical
AXA-20201208-5097-C100,2020-12-08 08:27:46,2020-12-08 08:37:24,2020-12-08 11:55:36,Habeeb,Victor,Phone Call,PLATEAU,Cloud100,Customers End,578.0,198.2,Critical
AXA-20201229-1891-CBS,,2020-12-29 14:59:45,2020-12-29 18:17:56,Jonathan,Kerry,Social Media,OYO,Cloud-based services,Line damage,,198.18333333333334,Critical
AXA-20201211-3556-C95,2020-12-11 14:14:11,2020-12-11 14:22:39,2020-12-11 17:40:48,Bukky,Wale,Email,NASARAWA,Cloud95,Customers End,508.0,198.15,Critical
AXA-20201231-1401-CBS,,2020-12-31 14:37:20,2020-12-31 17:55:29,Habeeb,Victor,Social Media,FCT ABUJA,Cloud-based services,Line damage,,198.15,Critical
AXA-20201224-2407-EVOICE,2020-12-24 10:49:10,2020-12-24 10:49:38,2020-12-24 14:07:45,Atiku,Victor,Phone Call,OGUN,EVoice,Customers End,28.0,198.11666666666667,Critical
AXA-20201230-1605-WLESS,,2020-12-30 09:46:11,2020-12-30 13:04:16,Bola,Victor,Social Media,ANAMBRA,Wireless,Customers End,,198.08333333333334,Critical
AXA-20201220-4615-WiFi5,2020-12-20 15:04:46,2020-12-20 15:12:15,2020-12-20 18:30:18,Sherifat,Victor,Social Media,IMO,WiFI - 5,Routine Service,449.0,198.05,Critical
AXA-20201218-4486-CBS,2020-12-18 12:02:16,2020-12-18 12:12:30,2020-12-18 15:30:17,Akin,Wale,USSD,EKITI,Cloud-based services,Routine Service,614.0,197.78333333333333,Critical
AXA-20201224-4001-C95,2020-12-24 08:03:21,2020-12-24 08:09:59,2020-12-24 11:27:44,Habeeb,Victor,Chatbot,BORNO,Cloud95,Customers End,398.0,197.75,Critical
AXA-20201220-5873-WiFi11,2020-12-20 14:11:41,2020-12-20 14:18:01,2020-12-20 17:35:45,Atiku,Victor,Social Media,NASARAWA,WiFI - 11,Customers End,380.0,197.73333333333332,Critical
AXA-20201229-1858-WLESS,,2020-12-29 18:04:09,2020-12-29 21:21:43,Ore,Seun,Social Media,RIVERS,Wireless,Not Specified,,197.56666666666666,Critical
AXA-20201208-4533-MCON,2020-12-08 10:57:45,2020-12-08 11:01:20,2020-12-08 14:18:53,Amelia,Kerry,Chatbot,GOMBE,M Connect,Line damage,215.0,197.55,Critical
AXA-20201210-4995-WiFi6,2020-12-10 15:51:07,2020-12-10 15:56:37,2020-12-10 19:14:09,Myers,Kerry,USSD,DELTA,WiFI - 6,Customers End,330.0,197.53333333333333,Critical
AXA-20201214-4077-EVOICE,2020-12-14 15:42:55,2020-12-14 15:48:13,2020-12-14 19:05:41,Habeeb,Victor,Social Media,RIVERS,EVoice,Customers End,318.0,197.46666666666667,Critical
AXA-20201203-2525-WLESS,2020-12-03 08:42:31,2020-12-03 08:48:58,2020-12-03 12:06:25,Myers,Kerry,Email,KANO,Wireless,Customers End,387.0,197.45,Critical
AXA-20201230-2067-WLESS,,2020-12-30 09:20:22,2020-12-30 12:37:48,Jonathan,Kerry,Social Media,IMO,Wireless,Support network failures,,197.43333333333334,Critical
AXA-20201229-1255-HSE,,2020-12-29 16:53:43,2020-12-29 20:11:08,Vitus,Seun,Social Media,DELTA,High speed Internet,Customers End,,197.41666666666666,Critical
AXA-20201220-4043-EVOICE,2020-12-20 12:50:50,2020-12-20 12:51:09,2020-12-20 16:08:34,Habeeb,Victor,WebForm,YOBE,EVoice,Not Specified,19.0,197.41666666666666,Critical
AXA-20201213-4838-WiFi5,2020-12-13 08:12:20,2020-12-13 08:22:50,2020-12-13 11:40:10,Brenda,Kerry,Social Media,PLATEAU,WiFI - 5,Customers End,630.0,197.33333333333334,Critical
AXA-20201222-5490-WiFi3,2020-12-22 15:43:15,2020-12-22 15:49:34,2020-12-22 19:06:53,Tunde,Victor,Phone Call,RIVERS,WiFI - 3,Not Specified,379.0,197.31666666666666,Critical
AXA-20201209-2183-WLESS,2020-12-09 13:27:05,2020-12-09 13:33:35,2020-12-09 16:50:49,Amelia,Kerry,Social Media,ANAMBRA,Wireless,Support network failures,390.0,197.23333333333332,Critical
AXA-20201211-4330-WLESS,2020-12-11 08:40:01,2020-12-11 08:44:27,2020-12-11 12:01:39,Bola,Victor,Email,BORNO,Wireless,hardware failure,266.0,197.2,Critical
AXA-20201223-3667-HSE,2020-12-23 09:56:58,2020-12-23 09:59:29,2020-12-23 13:16:38,Bola,Victor,USSD,CROSS RIVER,High speed Internet,Customers End,151.0,197.15,Critical
AXA-20201208-5772-WiFi7,2020-12-08 14:25:37,2020-12-08 14:27:09,2020-12-08 17:44:14,Atiku,Victor,WebForm,RIVERS,WiFI - 7,Routine Service,92.0,197.08333333333334,Critical
AXA-20201204-2840-WiFi10,2020-12-04 15:45:43,2020-12-04 15:50:07,2020-12-04 19:06:54,Kachi,Seun,Social Media,ANAMBRA,WiFI - 10,Line damage,264.0,196.78333333333333,Critical
AXA-20201215-5777-WiFi9,2020-12-15 10:00:17,2020-12-15 10:07:54,2020-12-15 13:24:38,Bukky,Wale,WebForm,KATSINA,WiFI - 9,Line damage,457.0,196.73333333333332,Critical
AXA-20201204-4786-CBS,2020-12-04 08:55:04,2020-12-04 09:00:46,2020-12-04 12:17:29,John,Victor,USSD,ENUGU,Cloud-based services,Customers End,342.0,196.71666666666667,Critical
AXA-20201221-5028-WiFi3,2020-12-21 09:27:17,2020-12-21 09:35:49,2020-12-21 12:52:32,Brenda,Kerry,Chatbot,FCT ABUJA,WiFI - 3,Line damage,512.0,196.71666666666667,Critical
AXA-20201229-1277-WLESS,,2020-12-29 23:54:50,2020-12-30 03:11:28,Popoola,Seun,Social Media,ENUGU,Wireless,Customers End,,196.63333333333333,Critical
AXA-20201216-2587-WiFi3,2020-12-16 15:20:34,2020-12-16 15:28:51,2020-12-16 18:45:21,Segun,Seun,WebForm,ADAMAWA,WiFI - 3,Line damage,497.0,196.5,Critical
AXA-20201209-2829-MCON,2020-12-09 14:35:26,2020-12-09 14:39:44,2020-12-09 17:56:10,Sherifat,Victor,WebForm,GOMBE,M Connect,Routine Service,258.0,196.43333333333334,Critical
AXA-20201202-6088-WiFi10,2020-12-02 09:44:05,2020-12-02 09:50:11,2020-12-02 13:06:37,Kola,Wale,Social Media,BORNO,WiFI - 10,Customers End,366.0,196.43333333333334,Critical
AXA-20201214-3818-WiFi5,2020-12-14 10:23:37,2020-12-14 10:31:57,2020-12-14 13:48:19,Tunde,Victor,Social Media,NASARAWA,WiFI - 5,Customers End,500.0,196.36666666666667,Critical
AXA-20201231-1671-HSE,,2020-12-31 12:56:38,2020-12-31 16:12:57,Bola,Victor,Social Media,FCT ABUJA,High speed Internet,Customers End,,196.31666666666666,Critical
AXA-20201206-5574-C100,2020-12-06 13:38:22,2020-12-06 13:40:27,2020-12-06 16:56:45,Bukky,Wale,Social Media,ANAMBRA,Cloud100,Customers End,125.0,196.3,Critical
AXA-20201215-6022-HSE,2020-12-15 08:09:07,2020-12-15 08:19:51,2020-12-15 11:36:05,Jonathan,Kerry,USSD,ANAMBRA,High speed Internet,Line damage,644.0,196.23333333333332,Critical
AXA-20201225-4850-WiFi9,2020-12-25 09:07:21,2020-12-25 09:17:56,2020-12-25 12:34:05,Habeeb,Victor,Email,RIVERS,WiFI - 9,Not Specified,635.0,196.15,Critical
AXA-20201224-4685-WLESS,2020-12-24 13:46:08,2020-12-24 13:50:17,2020-12-24 17:06:25,Mary,Wale,Chatbot,NIGER,Wireless,Customers End,249.0,196.13333333333333,Critical
AXA-20201230-1331-WLESS,,2020-12-30 07:40:25,2020-12-30 10:56:33,Sheg,Seun,Social Media,ZAMFARA,Wireless,Line damage,,196.13333333333333,Critical
AXA-20201229-1611-WLESS,,2020-12-29 14:07:36,2020-12-29 17:23:40,John,Victor,Social Media,DELTA,Wireless,Customers End,,196.06666666666666,Critical
AXA-20201221-3565-WLESS,2020-12-21 14:46:29,2020-12-21 14:51:04,2020-12-21 18:07:06,Jennifer,Kerry,WebForm,NIGER,Wireless,hardware failure,275.0,196.03333333333333,Critical
AXA-20201203-6002-C95,2020-12-03 13:58:17,2020-12-03 14:01:01,2020-12-03 17:16:49,Myers,Kerry,USSD,NIGER,Cloud95,Routine Service,164.0,195.8,Critical
AXA-20201217-5882-WLESS,2020-12-17 09:13:01,2020-12-17 09:22:13,2020-12-17 12:37:59,Sheg,Seun,WebForm,NASARAWA,Wireless,Not Specified,552.0,195.76666666666668,Critical
AXA-20201219-4913-MCON,2020-12-19 14:23:02,2020-12-19 14:27:21,2020-12-19 17:43:06,Atiku,Victor,Email,DELTA,M Connect,Line damage,259.0,195.75,Critical
AXA-20201220-5082-HSE,2020-12-20 09:56:02,2020-12-20 10:00:16,2020-12-20 13:16:01,Fola,Wale,WebForm,BENUE,High speed Internet,Routine Service,254.0,195.75,Critical
AXA-20201203-3085-WiFi9,2020-12-03 15:41:02,2020-12-03 15:41:08,2020-12-03 18:56:53,Tunde,Victor,WebForm,DELTA,WiFI - 9,Routine Service,6.0,195.75,Critical
AXA-20201208-5229-C100,2020-12-08 10:36:53,2020-12-08 10:46:01,2020-12-08 14:01:45,Atiku,Victor,Chatbot,ANAMBRA,Cloud100,Routine Service,548.0,195.73333333333332,Critical
AXA-20201222-5615-WiFi4,2020-12-22 08:38:46,2020-12-22 08:48:02,2020-12-22 12:03:46,Brenda,Kerry,Social Media,FCT ABUJA,WiFI - 4,Customers End,556.0,195.73333333333332,Critical
AXA-20201202-2176-WiFi8,2020-12-02 12:41:19,2020-12-02 12:51:44,2020-12-02 16:07:28,Sherifat,Victor,USSD,ANAMBRA,WiFI - 8,Customers End,625.0,195.73333333333332,Critical
AXA-20201206-3518-MCON,2020-12-06 12:15:51,2020-12-06 12:24:02,2020-12-06 15:39:41,Paul,Seun,USSD,YOBE,M Connect,Customers End,491.0,195.65,Critical
AXA-20201223-5910-VOICE,2020-12-23 08:13:43,2020-12-23 08:20:17,2020-12-23 11:35:55,Habeeb,Victor,Phone Call,LAGOS,Voice,Customers End,394.0,195.63333333333333,Critical
AXA-20201228-2493-WiFi3,2020-12-28 11:29:51,2020-12-28 11:37:59,2020-12-28 14:53:36,Habeeb,Victor,USSD,FCT ABUJA,WiFI - 3,Customers End,488.0,195.61666666666667,Critical
AXA-20201202-4639-C95,2020-12-02 13:27:30,2020-12-02 13:34:03,2020-12-02 16:49:35,Sherifat,Victor,WebForm,OYO,Cloud95,Traffic Spikes,393.0,195.53333333333333,Critical
AXA-20201222-3028-C95,2020-12-22 12:20:03,2020-12-22 12:22:47,2020-12-22 15:38:17,Habeeb,Victor,USSD,DELTA,Cloud95,Customers End,164.0,195.5,Critical
AXA-20201212-3106-WiFi5,2020-12-12 08:59:53,2020-12-12 09:03:01,2020-12-12 12:18:27,Sekina,Victor,USSD,KANO,WiFI - 5,Line damage,188.0,195.43333333333334,Critical
AXA-20201221-2690-ICS,2020-12-21 13:42:07,2020-12-21 13:42:13,2020-12-21 16:57:38,Myers,Kerry,USSD,OYO,Interconnection Services,Customers End,6.0,195.41666666666666,Critical
AXA-20201214-4433-WiFi5,2020-12-14 15:31:13,2020-12-14 15:34:54,2020-12-14 18:50:16,Atiku,Victor,Social Media,IMO,WiFI - 5,Customers End,221.0,195.36666666666667,Critical
AXA-20201227-2534-WiFi5,2020-12-27 08:43:01,2020-12-27 08:45:21,2020-12-27 12:00:41,Bola,Victor,USSD,BORNO,WiFI - 5,Not Specified,140.0,195.33333333333334,Critical
AXA-20201207-5508-WiFi7,2020-12-07 10:18:12,2020-12-07 10:28:31,2020-12-07 13:43:51,Sekina,Victor,Chatbot,DELTA,WiFI - 7,Customers End,619.0,195.33333333333334,Critical
AXA-20201231-1484-HSE,,2020-12-31 07:29:38,2020-12-31 10:44:56,Tunde,Victor,Social Media,BORNO,High speed Internet,Routine Service,,195.3,Critical
AXA-20201230-1966-WLESS,,2020-12-30 18:51:28,2020-12-30 22:06:46,Amelia,Kerry,Social Media,DELTA,Wireless,Customers End,,195.3,Critical
AXA-20201230-1702-WLESS,,2020-12-30 20:25:34,2020-12-30 23:40:51,Sekina,Victor,Social Media,ONDO,Wireless,Routine Service,,195.28333333333333,Critical
AXA-20201226-3941-WiFi11,2020-12-26 11:38:07,2020-12-26 11:39:22,2020-12-26 14:54:33,Amelia,Kerry,Social Media,DELTA,WiFI - 11,Customers End,75.0,195.18333333333334,Critical
AXA-20201227-5343-EVOICE,2020-12-27 13:29:41,2020-12-27 13:31:54,2020-12-27 16:47:05,Sherifat,Victor,Email,EKITI,EVoice,Customers End,133.0,195.18333333333334,Critical
AXA-20201203-2291-CBS,2020-12-03 13:22:27,2020-12-03 13:32:10,2020-12-03 16:47:14,Vitus,Seun,WebForm,LAGOS,Cloud-based services,Line damage,583.0,195.06666666666666,Critical
AXA-20201222-3415-HSE,2020-12-22 09:24:11,2020-12-22 09:33:30,2020-12-22 12:48:34,John,Victor,Social Media,DELTA,High speed Internet,Not Specified,559.0,195.06666666666666,Critical
AXA-20201226-5428-WiFi10,2020-12-26 10:34:57,2020-12-26 10:41:09,2020-12-26 13:56:11,Sherifat,Victor,Email,IMO,WiFI - 10,Customers End,372.0,195.03333333333333,Critical
AXA-20201213-4733-C100,2020-12-13 10:57:56,2020-12-13 11:07:08,2020-12-13 14:21:56,Kingsley,Kerry,Social Media,DELTA,Cloud100,Line damage,552.0,194.8,Critical
AXA-20201230-1880-MCON,,2020-12-30 18:04:09,2020-12-30 21:18:56,Goodluck,Kerry,Social Media,OGUN,M Connect,Line damage,,194.78333333333333,Critical
AXA-20201223-4752-WiFi8,2020-12-23 09:43:15,2020-12-23 09:52:30,2020-12-23 13:07:17,Segun,Seun,Email,EKITI,WiFI - 8,Customers End,555.0,194.78333333333333,Critical
AXA-20201229-1847-HSE,,2020-12-29 15:59:40,2020-12-29 19:14:18,John,Victor,USSD,DELTA,High speed Internet,Line damage,,194.63333333333333,Critical
AXA-20201203-3661-WiFi6,2020-12-03 08:04:35,2020-12-03 08:13:54,2020-12-03 11:28:25,Jonathan,Kerry,Email,NIGER,WiFI - 6,Routine Service,559.0,194.51666666666668,Critical
AXA-20201209-6058-WLESS,2020-12-09 15:23:00,2020-12-09 15:26:33,2020-12-09 18:41:04,Sheg,Seun,Phone Call,ENUGU,Wireless,Customers End,213.0,194.51666666666668,Critical
AXA-20201220-2649-WiFi8,2020-12-20 15:50:15,2020-12-20 15:56:34,2020-12-20 19:11:04,Sherifat,Victor,USSD,BORNO,WiFI - 8,Routine Service,379.0,194.5,Critical
AXA-20201218-3943-ICS,2020-12-18 13:59:42,2020-12-18 14:03:22,2020-12-18 17:17:51,Tunde,Victor,USSD,LAGOS,Interconnection Services,Customers End,220.0,194.48333333333332,Critical
AXA-20201205-2983-WLESS,2020-12-05 13:47:30,2020-12-05 13:55:41,2020-12-05 17:10:10,Mary,Wale,Email,ANAMBRA,Wireless,Customers End,491.0,194.48333333333332,Critical
AXA-20201212-3293-HSE,2020-12-12 13:43:51,2020-12-12 13:45:31,2020-12-12 16:59:58,Sherifat,Victor,Chatbot,GOMBE,High speed Internet,Customers End,100.0,194.45,Critical
AXA-20201230-1196-WLESS,,2020-12-30 19:19:16,2020-12-30 22:33:42,Jonathan,Kerry,Social Media,LAGOS,Wireless,Customers End,,194.43333333333334,Critical
AXA-20201231-1649-HSE,,2020-12-31 10:00:32,2020-12-31 13:14:43,John,Victor,Social Media,OGUN,High speed Internet,Line damage,,194.18333333333334,Critical
AXA-20201201-3802-C95,2020-12-01 13:20:46,2020-12-01 13:22:53,2020-12-01 16:37:03,Kingsley,Kerry,Email,DELTA,Cloud95,Line damage,127.0,194.16666666666666,Critical
AXA-20201208-3013-WLESS,2020-12-08 10:58:05,2020-12-08 11:07:10,2020-12-08 14:21:20,Sherifat,Victor,WebForm,BORNO,Wireless,Power Loss,545.0,194.16666666666666,Critical
AXA-20201219-5750-CBS,2020-12-19 11:27:01,2020-12-19 11:35:37,2020-12-19 14:49:46,Popoola,Seun,USSD,ABIA,Cloud-based services,Routine Service,516.0,194.15,Critical
AXA-20201231-1943-WLESS,,2020-12-31 06:49:29,2020-12-31 10:03:38,John,Victor,Social Media,GOMBE,Wireless,Power Loss,,194.15,Critical
AXA-20201231-1695-HSE,,2020-12-31 04:53:32,2020-12-31 08:07:39,Tunde,Victor,Social Media,NIGER,High speed Internet,Line damage,,194.11666666666667,Critical
AXA-20201220-5203-VOICE,2020-12-20 14:03:46,2020-12-20 14:06:07,2020-12-20 17:20:14,Paul,Seun,Phone Call,EKITI,Voice,Customers End,141.0,194.11666666666667,Critical
AXA-20201216-4822-WiFi7,2020-12-16 14:48:07,2020-12-16 14:54:21,2020-12-16 18:08:28,Atiku,Victor,Phone Call,IMO,WiFI - 7,Not Specified,374.0,194.11666666666667,Critical
AXA-20201227-4468-VOICE,2020-12-27 14:54:36,2020-12-27 14:55:08,2020-12-27 18:09:14,Sherifat,Victor,USSD,BORNO,Voice,Customers End,32.0,194.1,Critical
AXA-20201201-2225-WiFi11,2020-12-01 14:08:40,2020-12-01 14:09:48,2020-12-01 17:23:50,Jennifer,Kerry,Social Media,GOMBE,WiFI - 11,Customers End,68.0,194.03333333333333,Critical
AXA-20201212-4828-WiFi6,2020-12-12 09:58:14,2020-12-12 10:07:58,2020-12-12 13:21:42,Myers,Kerry,Social Media,LAGOS,WiFI - 6,Not Specified,584.0,193.73333333333332,Critical
AXA-20201217-5297-WiFi6,2020-12-17 14:02:41,2020-12-17 14:02:51,2020-12-17 17:16:34,Myers,Kerry,Phone Call,KEBBI,WiFI - 6,Customers End,10.0,193.71666666666667,Critical
AXA-20201207-4853-HSE,2020-12-07 12:02:35,2020-12-07 12:10:13,2020-12-07 15:23:54,Jennifer,Kerry,Phone Call,DELTA,High speed Internet,Routine Service,458.0,193.68333333333334,Critical
AXA-20201214-4395-MCON,2020-12-14 15:02:05,2020-12-14 15:05:51,2020-12-14 18:19:32,Sola,Wale,WebForm,OGUN,M Connect,Customers End,226.0,193.68333333333334,Critical
AXA-20201224-3478-HSE,2020-12-24 12:27:57,2020-12-24 12:31:37,2020-12-24 15:45:17,John,Victor,Email,ENUGU,High speed Internet,Customers End,220.0,193.66666666666666,Critical
AXA-20201207-4454-WiFi7,2020-12-07 14:25:43,2020-12-07 14:33:03,2020-12-07 17:46:42,John,Victor,Email,KANO,WiFI - 7,Customers End,440.0,193.65,Critical
AXA-20201215-4471-CBS,2020-12-15 12:19:44,2020-12-15 12:20:14,2020-12-15 15:33:52,Sekina,Victor,USSD,ENUGU,Cloud-based services,Customers End,30.0,193.63333333333333,Critical
AXA-20201231-1335-WLESS,,2020-12-31 09:59:18,2020-12-31 13:12:54,Bola,Victor,Social Media,PLATEAU,Wireless,Support network failures,,193.6,Critical
AXA-20201229-2005-WLESS,,2020-12-29 18:38:32,2020-12-29 21:52:04,Sekina,Victor,Social Media,KANO,Wireless,Customers End,,193.53333333333333,Critical
AXA-20201231-1936-HSE,,2020-12-31 15:19:32,2020-12-31 18:33:01,Goodluck,Kerry,Social Media,IMO,High speed Internet,Not Specified,,193.48333333333332,Critical
AXA-20201230-1645-HSE,,2020-12-30 19:38:25,2020-12-30 22:51:54,Fola,Wale,Social Media,RIVERS,High speed Internet,Routine Service,,193.48333333333332,Critical
AXA-20201212-4516-WiFi8,2020-12-12 11:00:32,2020-12-12 11:04:20,2020-12-12 14:17:48,John,Victor,USSD,EKITI,WiFI - 8,Not Specified,228.0,193.46666666666667,Critical
AXA-20201231-1305-WLESS,,2020-12-31 03:21:15,2020-12-31 06:34:43,Kola,Wale,Social Media,IMO,Wireless,Routine Service,,193.46666666666667,Critical
AXA-20201202-3276-WLESS,2020-12-02 12:02:20,2020-12-02 12:03:58,2020-12-02 15:17:25,Kingsley,Kerry,Phone Call,BORNO,Wireless,Customers End,98.0,193.45,Critical
AXA-20201228-5044-CBS,2020-12-28 11:45:32,2020-12-28 11:55:19,2020-12-28 15:08:44,Sekina,Victor,USSD,KOGI,Cloud-based services,Customers End,587.0,193.41666666666666,Critical
AXA-20201229-1173-VOICE,,2020-12-29 13:13:38,2020-12-29 16:26:59,Jonathan,Kerry,Social Media,ENUGU,Voice,Customers End,,193.35,Critical
AXA-20201231-1328-WLESS,,2020-12-31 10:55:48,2020-12-31 14:09:06,Sekina,Victor,Social Media,ZAMFARA,Wireless,Line damage,,193.3,Critical
AXA-20201224-3544-WiFi9,2020-12-24 10:51:32,2020-12-24 10:59:00,2020-12-24 14:12:16,Jennifer,Kerry,USSD,ENUGU,WiFI - 9,Customers End,448.0,193.26666666666668,Critical
AXA-20201218-2359-HSE,2020-12-18 14:37:32,2020-12-18 14:41:56,2020-12-18 17:55:08,Popoola,Seun,USSD,YOBE,High speed Internet,Line damage,264.0,193.2,Critical
AXA-20201216-2750-MAC,2020-12-16 11:20:15,2020-12-16 11:28:37,2020-12-16 14:41:48,John,Victor,Social Media,EKITI,Metro Area Connect,Routine Service,502.0,193.18333333333334,Critical
AXA-20201231-1218-HSE,,2020-12-31 19:02:18,2020-12-31 22:15:27,Segun,Seun,Social Media,ZAMFARA,High speed Internet,Not Specified,,193.15,Critical
AXA-20201226-4312-WLESS,2020-12-26 10:50:50,2020-12-26 10:51:11,2020-12-26 14:04:17,Kingsley,Kerry,Email,KANO,Wireless,Customers End,21.0,193.1,Critical
AXA-20201230-1367-WLESS,,2020-12-30 05:38:46,2020-12-30 08:51:32,John,Victor,Social Media,OYO,Wireless,Customers End,,192.76666666666668,Critical
AXA-20201212-3233-VOICE,2020-12-12 08:46:12,2020-12-12 08:49:51,2020-12-12 12:02:35,Paul,Seun,Chatbot,BAYELSA,Voice,Line damage,219.0,192.73333333333332,Critical
AXA-20201210-2430-WLESS,2020-12-10 08:33:02,2020-12-10 08:37:31,2020-12-10 11:50:07,Sola,Wale,Email,ANAMBRA,Wireless,Customers End,269.0,192.6,Critical
AXA-20201230-1952-WLESS,,2020-12-30 15:50:19,2020-12-30 19:02:50,Habeeb,Victor,Social Media,BAUCHI,Wireless,Customers End,,192.51666666666668,Critical
AXA-20201227-2399-ICS,2020-12-27 09:22:53,2020-12-27 09:31:16,2020-12-27 12:43:41,Boye,Wale,USSD,KADUNA,Interconnection Services,Customers End,503.0,192.41666666666666,Critical
AXA-20201230-1188-HSE,,2020-12-30 05:35:55,2020-12-30 08:48:12,Jonathan,Kerry,Social Media,KANO,High speed Internet,Routine Service,,192.28333333333333,Critical
AXA-20201215-2776-WiFi4,2020-12-15 13:05:01,2020-12-15 13:08:36,2020-12-15 16:20:46,Jennifer,Kerry,Chatbot,BORNO,WiFI - 4,Customers End,215.0,192.16666666666666,Critical
AXA-20201231-1529-CBS,,2020-12-31 07:34:33,2020-12-31 10:46:43,Bola,Victor,Social Media,NIGER,Cloud-based services,Customers End,,192.16666666666666,Critical
AXA-20201230-1726-WLESS,,2020-12-30 06:46:17,2020-12-30 09:58:23,Habeeb,Victor,Social Media,EDO,Wireless,Customers End,,192.1,Critical
AXA-20201226-2150-WiFi9,2020-12-26 11:21:09,2020-12-26 11:27:55,2020-12-26 14:39:57,Atiku,Victor,WebForm,OSUN,WiFI - 9,Not Specified,406.0,192.03333333333333,Critical
AXA-20201205-5564-WiFi4,2020-12-05 11:42:31,2020-12-05 11:51:05,2020-12-05 15:02:52,Amelia,Kerry,Email,NIGER,WiFI - 4,hardware failure,514.0,191.78333333333333,Critical
AXA-20201229-2023-WLESS,,2020-12-29 18:56:50,2020-12-29 22:08:37,Bola,Victor,Social Media,SOKOTO,Wireless,Customers End,,191.78333333333333,Critical
AXA-20201228-3101-WiFi8,2020-12-28 13:44:03,2020-12-28 13:49:22,2020-12-28 17:01:05,Sekina,Victor,Email,KWARA,WiFI - 8,Support network failures,319.0,191.71666666666667,Critical
AXA-20201208-4557-C95,2020-12-08 09:08:03,2020-12-08 09:14:42,2020-12-08 12:26:23,Amelia,Kerry,Social Media,KANO,Cloud95,Customers End,399.0,191.68333333333334,Critical
AXA-20201231-1191-HSE,,2020-12-31 17:47:30,2020-12-31 20:59:10,Ore,Seun,Social Media,SOKOTO,High speed Internet,Not Specified,,191.66666666666666,Critical
AXA-20201212-2946-WiFi6,2020-12-12 10:07:36,2020-12-12 10:14:55,2020-12-12 13:26:33,Tunde,Victor,Phone Call,KANO,WiFI - 6,Customers End,439.0,191.63333333333333,Critical
AXA-20201219-3787-WiFi4,2020-12-19 11:15:52,2020-12-19 11:22:37,2020-12-19 14:34:10,Sherifat,Victor,Chatbot,BORNO,WiFI - 4,Routine Service,405.0,191.55,Critical
AXA-20201226-2351-WiFi10,2020-12-26 08:09:11,2020-12-26 08:18:41,2020-12-26 11:30:13,Bola,Victor,USSD,IMO,WiFI - 10,Support network failures,570.0,191.53333333333333,Critical
AXA-20201205-3935-WiFi11,2020-12-05 11:29:29,2020-12-05 11:32:53,2020-12-05 14:44:20,Jonathan,Kerry,Social Media,EKITI,WiFI - 11,Customers End,204.0,191.45,Critical
AXA-20201222-3401-WiFi8,2020-12-22 14:48:44,2020-12-22 14:57:26,2020-12-22 18:08:51,Fola,Wale,WebForm,NIGER,WiFI - 8,Line damage,522.0,191.41666666666666,Critical
AXA-20201230-1239-HSE,,2020-12-30 20:44:20,2020-12-30 23:55:38,Habeeb,Victor,Social Media,SOKOTO,High speed Internet,Customers End,,191.3,Critical
AXA-20201209-5541-WiFi4,2020-12-09 15:17:58,2020-12-09 15:27:06,2020-12-09 18:38:18,Myers,Kerry,Social Media,DELTA,WiFI - 4,Line damage,548.0,191.2,Critical
AXA-20201230-1919-HSE,,2020-12-30 08:35:46,2020-12-30 11:46:58,Sekina,Victor,Social Media,EKITI,High speed Internet,Line damage,,191.2,Critical
AXA-20201224-2387-ICS,2020-12-24 12:57:31,2020-12-24 13:07:13,2020-12-24 16:18:19,Habeeb,Victor,USSD,OYO,Interconnection Services,Customers End,582.0,191.1,Critical
AXA-20201212-4341-WiFi9,2020-12-12 08:06:53,2020-12-12 08:17:14,2020-12-12 11:28:19,Brenda,Kerry,USSD,AKWA IBOM,WiFI - 9,Line damage,621.0,191.08333333333334,Critical
AXA-20201229-1869-CBS,,2020-12-29 19:56:47,2020-12-29 23:07:33,Boye,Wale,WebForm,RIVERS,Cloud-based services,Router Failure,,190.76666666666668,Critical
AXA-20201223-3847-WiFi7,2020-12-23 13:03:48,2020-12-23 13:09:25,2020-12-23 16:20:08,Jennifer,Kerry,Email,BORNO,WiFI - 7,Customers End,337.0,190.71666666666667,Critical
AXA-20201219-5684-WiFi4,2020-12-19 10:59:44,2020-12-19 11:00:31,2020-12-19 14:10:57,Tunde,Victor,Social Media,ONDO,WiFI - 4,Routine Service,47.0,190.43333333333334,Critical
AXA-20201204-6106-MAC,2020-12-04 13:35:18,2020-12-04 13:37:25,2020-12-04 16:47:49,Habeeb,Victor,Email,YOBE,Metro Area Connect,Customers End,127.0,190.4,Critical
AXA-20201218-2391-MCON,2020-12-18 10:56:43,2020-12-18 10:59:17,2020-12-18 14:09:34,Tunde,Victor,USSD,BORNO,M Connect,Customers End,154.0,190.28333333333333,Critical
AXA-20201230-1657-MAC,,2020-12-30 16:22:28,2020-12-30 19:32:44,Sekina,Victor,Social Media,ONDO,Metro Area Connect,Line damage,,190.26666666666668,Critical
AXA-20201230-1502-VOICE,,2020-12-30 16:22:22,2020-12-30 19:32:37,Sherifat,Victor,Social Media,KADUNA,Voice,hardware failure,,190.25,Critical
AXA-20201208-5012-WiFi5,2020-12-08 12:27:10,2020-12-08 12:32:29,2020-12-08 15:42:40,Tunde,Victor,USSD,DELTA,WiFI - 5,Customers End,319.0,190.18333333333334,Critical
AXA-20201215-4734-WiFi11,2020-12-15 10:49:27,2020-12-15 10:57:07,2020-12-15 14:07:14,Sherifat,Victor,WebForm,DELTA,WiFI - 11,Customers End,460.0,190.11666666666667,Critical
AXA-20201215-5569-WiFi10,2020-12-15 10:06:35,2020-12-15 10:09:55,2020-12-15 13:20:02,Kingsley,Kerry,Social Media,EKITI,WiFI - 10,Routine Service,200.0,190.11666666666667,Critical
AXA-20201227-2538-WiFi6,2020-12-27 15:53:48,2020-12-27 15:59:58,2020-12-27 19:09:42,Habeeb,Victor,USSD,ANAMBRA,WiFI - 6,Line damage,370.0,189.73333333333332,Critical
AXA-20201218-4867-C95,2020-12-18 13:56:38,2020-12-18 13:57:02,2020-12-18 17:06:42,Ore,Seun,Chatbot,SOKOTO,Cloud95,Customers End,24.0,189.66666666666666,Critical
AXA-20201210-3137-C100,2020-12-10 14:04:08,2020-12-10 14:06:30,2020-12-10 17:16:09,Tunde,Victor,Social Media,DELTA,Cloud100,Not Specified,142.0,189.65,Critical
AXA-20201217-3541-EVOICE,2020-12-17 13:03:12,2020-12-17 13:10:34,2020-12-17 16:20:12,Myers,Kerry,WebForm,OYO,EVoice,hardware failure,442.0,189.63333333333333,Critical
AXA-20201225-3084-WiFi11,2020-12-25 12:31:37,2020-12-25 12:42:22,2020-12-25 15:51:59,Bola,Victor,Email,IMO,WiFI - 11,Customers End,645.0,189.61666666666667,Critical
AXA-20201228-4677-CBS,2020-12-28 11:15:46,2020-12-28 11:16:27,2020-12-28 14:26:04,Myers,Kerry,USSD,OSUN,Cloud-based services,Not Specified,41.0,189.61666666666667,Critical
AXA-20201202-6113-HSE,2020-12-02 08:41:04,2020-12-02 08:43:17,2020-12-02 11:52:51,Tunde,Victor,Chatbot,PLATEAU,High speed Internet,hardware failure,133.0,189.56666666666666,Critical
AXA-20201208-2556-VOICE,2020-12-08 13:48:20,2020-12-08 13:54:28,2020-12-08 17:04:01,Bola,Victor,USSD,ANAMBRA,Voice,Customers End,368.0,189.55,Critical
AXA-20201226-3141-WLESS,2020-12-26 12:40:31,2020-12-26 12:48:08,2020-12-26 15:57:41,Ore,Seun,Phone Call,JIGAWA,Wireless,Customers End,457.0,189.55,Critical
AXA-20201228-4986-WiFi9,2020-12-28 09:12:52,2020-12-28 09:22:57,2020-12-28 12:32:26,Jennifer,Kerry,Social Media,IMO,WiFI - 9,Customers End,605.0,189.48333333333332,Critical
AXA-20201219-5914-MAC,2020-12-19 12:00:18,2020-12-19 12:10:26,2020-12-19 15:19:51,Myers,Kerry,Chatbot,EKITI,Metro Area Connect,Line damage,608.0,189.41666666666666,Critical
AXA-20201219-3630-WiFi4,2020-12-19 15:29:29,2020-12-19 15:35:04,2020-12-19 18:44:29,Jonathan,Kerry,WebForm,OSUN,WiFI - 4,Line damage,335.0,189.41666666666666,Critical
AXA-20201219-3360-HSE,2020-12-19 15:24:00,2020-12-19 15:30:22,2020-12-19 18:39:41,Paul,Seun,WebForm,OGUN,High speed Internet,Customers End,382.0,189.31666666666666,Critical
AXA-20201223-6017-CBS,2020-12-23 09:04:07,2020-12-23 09:10:23,2020-12-23 12:19:40,Habeeb,Victor,Chatbot,AKWA IBOM,Cloud-based services,Customers End,376.0,189.28333333333333,Critical
AXA-20201220-5404-WiFi11,2020-12-20 15:06:17,2020-12-20 15:11:51,2020-12-20 18:21:07,Jennifer,Kerry,Email,NASARAWA,WiFI - 11,Customers End,334.0,189.26666666666668,Critical
AXA-20201210-5067-ICS,2020-12-10 12:38:28,2020-12-10 12:41:54,2020-12-10 15:51:08,Jennifer,Kerry,Chatbot,KADUNA,Interconnection Services,Customers End,206.0,189.23333333333332,Critical
AXA-20201228-3444-ICS,2020-12-28 14:57:24,2020-12-28 14:57:30,2020-12-28 18:06:43,Kingsley,Kerry,Social Media,BAUCHI,Interconnection Services,Line damage,6.0,189.21666666666667,Critical
AXA-20201204-3300-WiFi4,2020-12-04 11:23:22,2020-12-04 11:32:03,2020-12-04 14:41:08,Jonathan,Kerry,Phone Call,IMO,WiFI - 4,Routine Service,521.0,189.08333333333334,Critical
AXA-20201224-5066-WLESS,2020-12-24 10:32:13,2020-12-24 10:35:29,2020-12-24 13:44:33,Habeeb,Victor,Email,KOGI,Wireless,Not Specified,196.0,189.06666666666666,Critical
AXA-20201209-2869-C100,2020-12-09 12:34:44,2020-12-09 12:40:17,2020-12-09 15:49:20,Sherifat,Victor,WebForm,LAGOS,Cloud100,Line damage,333.0,189.05,Critical
AXA-20201231-1316-WLESS,,2020-12-31 22:46:33,2021-01-01 01:55:21,Sola,Wale,Social Media,EBONYI,Wireless,Customers End,,188.8,Critical
AXA-20201224-3499-WiFi6,2020-12-24 15:43:36,2020-12-24 15:45:03,2020-12-24 18:53:47,Brenda,Kerry,USSD,OGUN,WiFI - 6,Customers End,87.0,188.73333333333332,Critical
AXA-20201228-3291-CBS,2020-12-28 15:23:39,2020-12-28 15:28:49,2020-12-28 18:37:28,Fola,Wale,Chatbot,KANO,Cloud-based services,Line damage,310.0,188.65,Critical
AXA-20201206-5915-C100,2020-12-06 15:53:11,2020-12-06 15:58:17,2020-12-06 19:06:53,Jennifer,Kerry,Phone Call,KADUNA,Cloud100,Customers End,306.0,188.6,Critical
AXA-20201207-4472-WiFi4,2020-12-07 09:35:35,2020-12-07 09:41:01,2020-12-07 12:49:36,Sola,Wale,Chatbot,OGUN,WiFI - 4,Customers End,326.0,188.58333333333334,Critical
AXA-20201215-3189-MAC,2020-12-15 10:48:24,2020-12-15 10:58:12,2020-12-15 14:06:45,Fola,Wale,Chatbot,OYO,Metro Area Connect,Line damage,588.0,188.55,Critical
AXA-20201211-2446-EVOICE,2020-12-11 11:03:26,2020-12-11 11:11:33,2020-12-11 14:20:04,Sherifat,Victor,USSD,ABIA,EVoice,Customers End,487.0,188.51666666666668,Critical
AXA-20201209-4219-WiFi7,2020-12-09 10:38:49,2020-12-09 10:39:19,2020-12-09 13:47:49,Tunde,Victor,Email,FCT ABUJA,WiFI - 7,Line damage,30.0,188.5,Critical
AXA-20201222-4891-WiFi5,2020-12-22 12:03:19,2020-12-22 12:06:03,2020-12-22 15:14:32,John,Victor,Chatbot,KOGI,WiFI - 5,Customers End,164.0,188.48333333333332,Critical
AXA-20201231-1325-WLESS,,2020-12-31 09:48:06,2020-12-31 12:56:33,Fola,Wale,Email,ENUGU,Wireless,hardware failure,,188.45,Critical
AXA-20201205-2993-WiFi10,2020-12-05 08:49:47,2020-12-05 08:54:54,2020-12-05 12:03:14,Habeeb,Victor,USSD,KEBBI,WiFI - 10,Routine Service,307.0,188.33333333333334,Critical
AXA-20201208-4906-WLESS,2020-12-08 08:52:36,2020-12-08 08:55:21,2020-12-08 12:03:38,Atiku,Victor,WebForm,ONDO,Wireless,Not Specified,165.0,188.28333333333333,Critical
AXA-20201224-3113-WiFi6,2020-12-24 10:04:40,2020-12-24 10:14:17,2020-12-24 13:22:33,Brenda,Kerry,Email,DELTA,WiFI - 6,Customers End,577.0,188.26666666666668,Critical
AXA-20201230-1153-HSE,,2020-12-30 05:15:19,2020-12-30 08:23:35,Sherifat,Victor,Social Media,OYO,High speed Internet,Customers End,,188.26666666666668,Critical
AXA-20201201-3313-WiFi9,2020-12-01 10:48:40,2020-12-01 10:54:53,2020-12-01 14:03:05,Habeeb,Victor,WebForm,IMO,WiFI - 9,Customers End,373.0,188.2,Critical
AXA-20201222-4969-WiFi7,2020-12-22 08:50:51,2020-12-22 08:53:37,2020-12-22 12:01:43,Goodluck,Kerry,Social Media,FCT ABUJA,WiFI - 7,Customers End,166.0,188.1,Critical
AXA-20201203-3947-WLESS,2020-12-03 09:36:35,2020-12-03 09:42:42,2020-12-03 12:50:29,Jennifer,Kerry,WebForm,IMO,Wireless,Not Specified,367.0,187.78333333333333,Critical
AXA-20201218-4058-C100,2020-12-18 08:12:38,2020-12-18 08:18:02,2020-12-18 11:25:48,Amelia,Kerry,WebForm,YOBE,Cloud100,Customers End,324.0,187.76666666666668,Critical
AXA-20201221-2813-EVOICE,2020-12-21 12:15:38,2020-12-21 12:18:53,2020-12-21 15:26:36,Jonathan,Kerry,Social Media,ANAMBRA,EVoice,Customers End,195.0,187.71666666666667,Critical
AXA-20201221-5071-CBS,2020-12-21 11:48:34,2020-12-21 11:58:58,2020-12-21 15:06:40,Bola,Victor,USSD,FCT ABUJA,Cloud-based services,Line damage,624.0,187.7,Critical
AXA-20201229-1921-HSE,,2020-12-29 22:56:38,2020-12-30 02:04:17,Ore,Seun,Social Media,EKITI,High speed Internet,Customers End,,187.65,Critical
AXA-20201224-3424-HSE,2020-12-24 15:58:23,2020-12-24 16:00:47,2020-12-24 19:08:24,Ore,Seun,Email,BAUCHI,High speed Internet,Customers End,144.0,187.61666666666667,Critical
AXA-20201212-3257-VOICE,2020-12-12 08:11:44,2020-12-12 08:16:57,2020-12-12 11:24:34,Myers,Kerry,WebForm,ENUGU,Voice,Customers End,313.0,187.61666666666667,Critical
AXA-20201230-1365-WLESS,,2020-12-30 16:50:58,2020-12-30 19:58:30,Sherifat,Victor,Phone Call,DELTA,Wireless,Customers End,,187.53333333333333,Critical
AXA-20201223-5170-WLESS,2020-12-23 09:43:26,2020-12-23 09:45:07,2020-12-23 12:52:39,Tunde,Victor,Email,RIVERS,Wireless,Customers End,101.0,187.53333333333333,Critical
AXA-20201230-1545-HSE,,2020-12-30 15:50:55,2020-12-30 18:58:26,John,Victor,Social Media,EKITI,High speed Internet,Line damage,,187.51666666666668,Critical
AXA-20201212-4099-VOICE,2020-12-12 13:11:51,2020-12-12 13:12:00,2020-12-12 16:19:27,Sekina,Victor,WebForm,OYO,Voice,Routine Service,9.0,187.45,Critical
AXA-20201208-5864-MAC,2020-12-08 10:23:24,2020-12-08 10:33:39,2020-12-08 13:41:05,Mary,Wale,Social Media,CROSS RIVER,Metro Area Connect,Line damage,615.0,187.43333333333334,Critical
AXA-20201217-4625-WiFi8,2020-12-17 12:17:33,2020-12-17 12:19:11,2020-12-17 15:26:36,Habeeb,Victor,USSD,KANO,WiFI - 8,Line damage,98.0,187.41666666666666,Critical
AXA-20201204-2716-WLESS,2020-12-04 09:35:20,2020-12-04 09:36:41,2020-12-04 12:43:58,John,Victor,WebForm,BORNO,Wireless,Customers End,81.0,187.28333333333333,Critical
AXA-20201230-1566-WLESS,,2020-12-30 16:45:50,2020-12-30 19:53:02,Sekina,Victor,Social Media,DELTA,Wireless,Customers End,,187.2,Critical
AXA-20201231-1296-WLESS,,2020-12-31 18:49:28,2020-12-31 21:56:40,Brenda,Kerry,Social Media,ANAMBRA,Wireless,Routine Service,,187.2,Critical
AXA-20201211-6112-C95,2020-12-11 08:23:40,2020-12-11 08:29:16,2020-12-11 11:36:28,Boye,Wale,WebForm,BORNO,Cloud95,Routine Service,336.0,187.2,Critical
AXA-20201231-1279-WLESS,,2020-12-31 19:14:31,2020-12-31 22:21:36,Jonathan,Kerry,Email,BAUCHI,Wireless,Line damage,,187.08333333333334,Critical
AXA-20201231-1711-WLESS,,2020-12-31 12:09:18,2020-12-31 15:16:23,Bukky,Wale,Social Media,RIVERS,Wireless,Customers End,,187.08333333333334,Critical
AXA-20201201-5738-WLESS,2020-12-01 15:30:56,2020-12-01 15:37:23,2020-12-01 18:44:26,Tunde,Victor,Phone Call,NASARAWA,Wireless,Line damage,387.0,187.05,Critical
AXA-20201230-1585-WLESS,,2020-12-30 14:14:22,2020-12-30 17:21:24,Goodluck,Kerry,Social Media,KATSINA,Wireless,Customers End,,187.03333333333333,Critical
AXA-20201224-4902-CBS,2020-12-24 13:53:15,2020-12-24 13:58:52,2020-12-24 17:05:40,Atiku,Victor,Phone Call,OYO,Cloud-based services,Not Specified,337.0,186.8,Critical
AXA-20201224-5997-WiFi6,2020-12-24 09:03:32,2020-12-24 09:07:07,2020-12-24 12:13:52,Paul,Seun,Social Media,ONDO,WiFI - 6,Line damage,215.0,186.75,Critical
AXA-20201203-3866-WiFi8,2020-12-03 11:10:40,2020-12-03 11:15:11,2020-12-03 14:21:54,Sherifat,Victor,Social Media,NASARAWA,WiFI - 8,Customers End,271.0,186.71666666666667,Critical
AXA-20201219-3398-HSE,2020-12-19 11:26:49,2020-12-19 11:29:37,2020-12-19 14:36:19,Atiku,Victor,WebForm,NIGER,High speed Internet,Line damage,168.0,186.7,Critical
AXA-20201221-2289-WiFi5,2020-12-21 14:07:25,2020-12-21 14:15:49,2020-12-21 17:22:31,Sherifat,Victor,WebForm,SOKOTO,WiFI - 5,Customers End,504.0,186.7,Critical
AXA-20201217-4940-WLESS,2020-12-17 12:22:47,2020-12-17 12:24:02,2020-12-17 15:30:39,Jennifer,Kerry,WebForm,NASARAWA,Wireless,Customers End,75.0,186.61666666666667,Critical
AXA-20201207-3823-WiFi8,2020-12-07 14:37:25,2020-12-07 14:43:08,2020-12-07 17:49:43,Sekina,Victor,Chatbot,EDO,WiFI - 8,Customers End,343.0,186.58333333333334,Critical
AXA-20201203-4588-WiFi11,2020-12-03 14:58:18,2020-12-03 15:01:46,2020-12-03 18:08:16,John,Victor,Social Media,BORNO,WiFI - 11,Customers End,208.0,186.5,Critical
AXA-20201208-3813-HSE,2020-12-08 11:21:08,2020-12-08 11:29:15,2020-12-08 14:35:44,Tunde,Victor,Email,PLATEAU,High speed Internet,Customers End,487.0,186.48333333333332,Critical
AXA-20201218-5136-ICS,2020-12-18 13:19:14,2020-12-18 13:21:44,2020-12-18 16:28:12,Jonathan,Kerry,USSD,IMO,Interconnection Services,Line damage,150.0,186.46666666666667,Critical
AXA-20201228-4727-MAC,2020-12-28 09:38:20,2020-12-28 09:41:44,2020-12-28 12:48:11,Jennifer,Kerry,Phone Call,AKWA IBOM,Metro Area Connect,Line damage,204.0,186.45,Critical
AXA-20201220-6077-WiFi8,2020-12-20 08:32:05,2020-12-20 08:41:30,2020-12-20 11:47:55,Habeeb,Victor,WebForm,ANAMBRA,WiFI - 8,Customers End,565.0,186.41666666666666,Critical
AXA-20201213-5225-WiFi7,2020-12-13 11:02:00,2020-12-13 11:06:36,2020-12-13 14:12:54,Jonathan,Kerry,Phone Call,BORNO,WiFI - 7,Customers End,276.0,186.3,Critical
AXA-20201217-5675-MAC,2020-12-17 13:20:10,2020-12-17 13:24:46,2020-12-17 16:30:51,Myers,Kerry,Email,BAUCHI,Metro Area Connect,Customers End,276.0,186.08333333333334,Critical
AXA-20201204-5045-ICS,2020-12-04 14:29:47,2020-12-04 14:31:07,2020-12-04 17:37:11,Paul,Seun,Chatbot,KWARA,Interconnection Services,Line damage,80.0,186.06666666666666,Critical
AXA-20201220-3211-WiFi7,2020-12-20 09:15:42,2020-12-20 09:25:58,2020-12-20 12:32:01,Atiku,Victor,Chatbot,DELTA,WiFI - 7,hardware failure,616.0,186.05,Critical
AXA-20201231-1353-WLESS,,2020-12-31 18:54:19,2020-12-31 22:00:21,Brenda,Kerry,Social Media,NASARAWA,Wireless,Line damage,,186.03333333333333,Critical
AXA-20201213-3330-WLESS,2020-12-13 09:20:42,2020-12-13 09:28:13,2020-12-13 12:34:01,Tunde,Victor,WebForm,OYO,Wireless,hardware failure,451.0,185.8,Critical
AXA-20201215-2921-ICS,2020-12-15 11:08:36,2020-12-15 11:10:00,2020-12-15 14:15:44,Kingsley,Kerry,WebForm,EBONYI,Interconnection Services,Not Specified,84.0,185.73333333333332,Critical
AXA-20201210-4604-WiFi9,2020-12-10 10:59:07,2020-12-10 11:03:17,2020-12-10 14:08:57,Jonathan,Kerry,Chatbot,RIVERS,WiFI - 9,Customers End,250.0,185.66666666666666,Critical
AXA-20201231-1133-WLESS,,2020-12-31 21:32:19,2021-01-01 00:37:59,Boye,Wale,Social Media,KANO,Wireless,Customers End,,185.66666666666666,Critical
AXA-20201222-5688-WiFi10,2020-12-22 13:41:59,2020-12-22 13:49:25,2020-12-22 16:55:04,Sherifat,Victor,Chatbot,YOBE,WiFI - 10,Customers End,446.0,185.65,Critical
AXA-20201212-3305-WLESS,2020-12-12 12:26:24,2020-12-12 12:28:31,2020-12-12 15:34:09,Atiku,Victor,Chatbot,FCT ABUJA,Wireless,Customers End,127.0,185.63333333333333,Critical
AXA-20201216-2932-WiFi3,2020-12-16 12:42:35,2020-12-16 12:49:59,2020-12-16 15:55:37,Sherifat,Victor,Chatbot,LAGOS,WiFI - 3,Routine Service,444.0,185.63333333333333,Critical
AXA-20201228-2721-VOICE,2020-12-28 12:29:24,2020-12-28 12:29:33,2020-12-28 15:35:07,Sherifat,Victor,Email,ENUGU,Voice,hardware failure,9.0,185.56666666666666,Critical
AXA-20201213-4142-WiFi10,2020-12-13 09:19:35,2020-12-13 09:24:19,2020-12-13 12:29:49,Habeeb,Victor,Social Media,EKITI,WiFI - 10,Not Specified,284.0,185.5,Critical
AXA-20201223-4512-MAC,2020-12-23 08:51:30,2020-12-23 08:55:48,2020-12-23 12:01:11,Boye,Wale,Chatbot,ENUGU,Metro Area Connect,hardware failure,258.0,185.38333333333333,Critical
AXA-20201205-2199-WiFi6,2020-12-05 14:57:06,2020-12-05 15:03:53,2020-12-05 18:09:15,Ore,Seun,WebForm,NIGER,WiFI - 6,Customers End,407.0,185.36666666666667,Critical
AXA-20201209-3577-WiFi11,2020-12-09 13:36:04,2020-12-09 13:40:41,2020-12-09 16:46:02,Paul,Seun,Chatbot,OYO,WiFI - 11,Customers End,277.0,185.35,Critical
AXA-20201202-2589-WiFi8,2020-12-02 12:39:13,2020-12-02 12:48:49,2020-12-02 15:54:09,Jennifer,Kerry,WebForm,KADUNA,WiFI - 8,Line damage,576.0,185.33333333333334,Critical
AXA-20201203-2790-CBS,2020-12-03 08:32:01,2020-12-03 08:38:37,2020-12-03 11:43:57,Mary,Wale,Phone Call,BORNO,Cloud-based services,Customers End,396.0,185.33333333333334,Critical
AXA-20201209-3527-WiFi11,2020-12-09 09:53:00,2020-12-09 09:55:13,2020-12-09 13:00:31,Sekina,Victor,USSD,ZAMFARA,WiFI - 11,Line damage,133.0,185.3,Critical
AXA-20201207-4701-WLESS,2020-12-07 12:46:40,2020-12-07 12:49:04,2020-12-07 15:54:22,Sekina,Victor,Email,ANAMBRA,Wireless,Customers End,144.0,185.3,Critical
AXA-20201215-5706-HSE,2020-12-15 12:31:16,2020-12-15 12:32:00,2020-12-15 15:37:16,John,Victor,Phone Call,KATSINA,High speed Internet,Customers End,44.0,185.26666666666668,Critical
AXA-20201222-2089-WiFi6,2020-12-22 13:59:28,2020-12-22 14:08:46,2020-12-22 17:14:02,Goodluck,Kerry,Email,ENUGU,WiFI - 6,Customers End,558.0,185.26666666666668,Critical
AXA-20201211-5601-EVOICE,2020-12-11 14:42:30,2020-12-11 14:48:41,2020-12-11 17:53:55,Atiku,Victor,Social Media,OYO,EVoice,Customers End,371.0,185.23333333333332,Critical
AXA-20201219-4708-WiFi9,2020-12-19 13:50:13,2020-12-19 13:58:35,2020-12-19 17:03:47,John,Victor,Phone Call,OGUN,WiFI - 9,Customers End,502.0,185.2,Critical
AXA-20201231-1444-WLESS,,2020-12-31 08:52:43,2020-12-31 11:57:54,Sekina,Victor,Email,OGUN,Wireless,Customers End,,185.18333333333334,Critical
AXA-20201211-3797-WLESS,2020-12-11 15:53:06,2020-12-11 15:58:53,2020-12-11 19:03:58,Segun,Seun,Phone Call,DELTA,Wireless,Line damage,347.0,185.08333333333334,Critical
AXA-20201208-2456-WiFi7,2020-12-08 10:38:57,2020-12-08 10:46:39,2020-12-08 13:51:27,Goodluck,Kerry,Social Media,KADUNA,WiFI - 7,Line damage,462.0,184.8,Critical
AXA-20201214-3438-ICS,2020-12-14 11:10:20,2020-12-14 11:14:08,2020-12-14 14:18:52,Sekina,Victor,Chatbot,DELTA,Interconnection Services,Routine Service,228.0,184.73333333333332,Critical
AXA-20201230-1725-WLESS,,2020-12-30 19:08:29,2020-12-30 22:13:13,Myers,Kerry,Social Media,EDO,Wireless,Customers End,,184.73333333333332,Critical
AXA-20201225-6123-WLESS,2020-12-25 11:59:20,2020-12-25 12:01:33,2020-12-25 15:06:16,Habeeb,Victor,WebForm,ENUGU,Wireless,Customers End,133.0,184.71666666666667,Critical
AXA-20201210-4345-C95,2020-12-10 11:53:49,2020-12-10 12:04:35,2020-12-10 15:09:18,Vitus,Seun,Social Media,FCT ABUJA,Cloud95,Support network failures,646.0,184.71666666666667,Critical
AXA-20201202-4783-WiFi8,2020-12-02 13:15:27,2020-12-02 13:17:10,2020-12-02 16:21:53,Sherifat,Victor,Social Media,NASARAWA,WiFI - 8,hardware failure,103.0,184.71666666666667,Critical
AXA-20201230-1851-HSE,,2020-12-30 07:10:20,2020-12-30 10:15:02,Bola,Victor,Social Media,RIVERS,High speed Internet,Customers End,,184.7,Critical
AXA-20201204-5833-WiFi8,2020-12-04 08:12:23,2020-12-04 08:19:05,2020-12-04 11:23:46,Atiku,Victor,USSD,DELTA,WiFI - 8,hardware failure,402.0,184.68333333333334,Critical
AXA-20201221-5124-HSE,2020-12-21 09:25:40,2020-12-21 09:27:01,2020-12-21 12:31:41,Jonathan,Kerry,Phone Call,KATSINA,High speed Internet,Customers End,81.0,184.66666666666666,Critical
AXA-20201226-3378-C100,2020-12-26 12:39:18,2020-12-26 12:43:35,2020-12-26 15:48:13,John,Victor,WebForm,DELTA,Cloud100,Line damage,257.0,184.63333333333333,Critical
AXA-20201225-3479-MAC,2020-12-25 12:03:54,2020-12-25 12:11:03,2020-12-25 15:15:36,Kingsley,Kerry,Chatbot,BAUCHI,Metro Area Connect,Not Specified,429.0,184.55,Critical
AXA-20201201-3858-WLESS,2020-12-01 11:56:52,2020-12-01 12:03:19,2020-12-01 15:07:48,Kingsley,Kerry,Chatbot,LAGOS,Wireless,Line damage,387.0,184.48333333333332,Critical
AXA-20201227-5854-ICS,2020-12-27 15:45:13,2020-12-27 15:47:44,2020-12-27 18:52:09,Kingsley,Kerry,Chatbot,DELTA,Interconnection Services,Not Specified,151.0,184.41666666666666,Critical
AXA-20201204-5885-MAC,2020-12-04 15:10:29,2020-12-04 15:16:36,2020-12-04 18:20:58,Jonathan,Kerry,Chatbot,KATSINA,Metro Area Connect,Customers End,367.0,184.36666666666667,Critical
AXA-20201220-4817-C100,2020-12-20 14:56:50,2020-12-20 15:07:18,2020-12-20 18:11:39,Bola,Victor,Phone Call,EKITI,Cloud100,Customers End,628.0,184.35,Critical
AXA-20201230-1949-WLESS,,2020-12-30 20:46:37,2020-12-30 23:50:57,Atiku,Victor,Social Media,PLATEAU,Wireless,Routine Service,,184.33333333333334,Critical
AXA-20201229-1511-HSE,,2020-12-29 17:01:28,2020-12-29 20:05:48,Habeeb,Victor,Social Media,FCT ABUJA,High speed Internet,Customers End,,184.33333333333334,Critical
AXA-20201221-4574-CBS,2020-12-21 12:17:58,2020-12-21 12:28:37,2020-12-21 15:32:53,Goodluck,Kerry,WebForm,BORNO,Cloud-based services,Customers End,639.0,184.26666666666668,Critical
AXA-20201203-5502-MAC,2020-12-03 09:59:57,2020-12-03 10:03:28,2020-12-03 13:07:40,Kingsley,Kerry,Chatbot,BENUE,Metro Area Connect,Customers End,211.0,184.2,Critical
AXA-20201214-2699-WiFi8,2020-12-14 08:13:51,2020-12-14 08:20:12,2020-12-14 11:24:22,Myers,Kerry,Phone Call,ONDO,WiFI - 8,Routine Service,381.0,184.16666666666666,Critical
AXA-20201212-4728-C95,2020-12-12 13:24:26,2020-12-12 13:33:47,2020-12-12 16:37:53,Sekina,Victor,Email,NIGER,Cloud95,Power Loss,561.0,184.1,Critical
AXA-20201227-3850-WiFi3,2020-12-27 10:24:38,2020-12-27 10:32:46,2020-12-27 13:36:33,Kachi,Seun,Phone Call,RIVERS,WiFI - 3,Routine Service,488.0,183.78333333333333,Critical
AXA-20201210-2851-WLESS,2020-12-10 10:01:04,2020-12-10 10:08:37,2020-12-10 13:12:21,John,Victor,USSD,PLATEAU,Wireless,Line damage,453.0,183.73333333333332,Critical
AXA-20201212-5484-MAC,2020-12-12 09:44:24,2020-12-12 09:55:04,2020-12-12 12:58:41,Bola,Victor,Chatbot,ANAMBRA,Metro Area Connect,Routine Service,640.0,183.61666666666667,Critical
AXA-20201230-1975-WLESS,,2020-12-30 19:08:17,2020-12-30 22:11:52,Habeeb,Victor,Social Media,BENUE,Wireless,Customers End,,183.58333333333334,Critical
AXA-20201213-5499-VOICE,2020-12-13 08:15:04,2020-12-13 08:15:31,2020-12-13 11:19:06,Kachi,Seun,Phone Call,KATSINA,Voice,Customers End,27.0,183.58333333333334,Critical
AXA-20201225-4092-WiFi4,2020-12-25 09:19:38,2020-12-25 09:25:47,2020-12-25 12:29:17,Paul,Seun,Email,ENUGU,WiFI - 4,Customers End,369.0,183.5,Critical
AXA-20201208-2440-WLESS,2020-12-08 12:54:14,2020-12-08 13:02:28,2020-12-08 16:05:58,Amelia,Kerry,Phone Call,NIGER,Wireless,Customers End,494.0,183.5,Critical
AXA-20201223-4601-VOICE,2020-12-23 08:55:47,2020-12-23 09:04:57,2020-12-23 12:08:21,John,Victor,Email,CROSS RIVER,Voice,Customers End,550.0,183.4,Critical
AXA-20201213-5697-HSE,2020-12-13 10:54:55,2020-12-13 11:01:40,2020-12-13 14:04:56,Boye,Wale,Social Media,KOGI,High speed Internet,Customers End,405.0,183.26666666666668,Critical
AXA-20201212-2982-C100,2020-12-12 14:06:08,2020-12-12 14:08:31,2020-12-12 17:11:40,Habeeb,Victor,Phone Call,SOKOTO,Cloud100,Customers End,143.0,183.15,Critical
AXA-20201210-5609-MAC,2020-12-10 09:09:59,2020-12-10 09:15:32,2020-12-10 12:18:39,Sheg,Seun,Social Media,BAUCHI,Metro Area Connect,Line damage,333.0,183.11666666666667,Critical
AXA-20201230-1536-VOICE,,2020-12-30 12:38:56,2020-12-30 15:42:03,Goodluck,Kerry,Email,ENUGU,Voice,Line damage,,183.11666666666667,Critical
AXA-20201210-5363-WiFi3,2020-12-10 14:28:52,2020-12-10 14:32:00,2020-12-10 17:35:03,John,Victor,Phone Call,BAUCHI,WiFI - 3,Line damage,188.0,183.05,Critical
AXA-20201213-3031-WiFi4,2020-12-13 08:11:53,2020-12-13 08:16:06,2020-12-13 11:18:52,John,Victor,Social Media,NASARAWA,WiFI - 4,Customers End,253.0,182.76666666666668,Critical
AXA-20201210-4306-WiFi5,2020-12-10 14:16:22,2020-12-10 14:18:58,2020-12-10 17:21:37,Tunde,Victor,Phone Call,ANAMBRA,WiFI - 5,Line damage,156.0,182.65,Critical
AXA-20201203-2969-WiFi6,2020-12-03 12:23:54,2020-12-03 12:32:29,2020-12-03 15:35:02,Kola,Wale,Chatbot,ZAMFARA,WiFI - 6,Customers End,515.0,182.55,Critical
AXA-20201230-1960-WLESS,,2020-12-30 04:38:18,2020-12-30 07:40:51,Sheg,Seun,Social Media,GOMBE,Wireless,Line damage,,182.55,Critical
AXA-20201210-4093-WiFi9,2020-12-10 08:40:51,2020-12-10 08:48:22,2020-12-10 11:50:47,Myers,Kerry,Chatbot,NASARAWA,WiFI - 9,Routine Service,451.0,182.41666666666666,Critical
AXA-20201227-2488-C100,2020-12-27 12:53:28,2020-12-27 13:02:06,2020-12-27 16:04:29,Bukky,Wale,WebForm,EKITI,Cloud100,Customers End,518.0,182.38333333333333,Critical
AXA-20201230-1290-HSE,,2020-12-30 14:46:08,2020-12-30 17:48:27,Goodluck,Kerry,Social Media,ENUGU,High speed Internet,Customers End,,182.31666666666666,Critical
AXA-20201223-2109-WiFi5,2020-12-23 08:02:41,2020-12-23 08:12:19,2020-12-23 11:14:34,Sherifat,Victor,WebForm,YOBE,WiFI - 5,Customers End,578.0,182.25,Critical
AXA-20201209-3551-WiFi10,2020-12-09 09:41:18,2020-12-09 09:48:55,2020-12-09 12:51:07,Popoola,Seun,Phone Call,RIVERS,WiFI - 10,Customers End,457.0,182.2,Critical
AXA-20201214-2316-WiFi11,2020-12-14 08:04:38,2020-12-14 08:06:21,2020-12-14 11:08:29,Vitus,Seun,Phone Call,BORNO,WiFI - 11,Not Specified,103.0,182.13333333333333,Critical
AXA-20201225-2313-ICS,2020-12-25 15:13:19,2020-12-25 15:24:02,2020-12-25 18:26:10,Kola,Wale,Email,EKITI,Interconnection Services,Routine Service,643.0,182.13333333333333,Critical
AXA-20201225-3607-EVOICE,2020-12-25 10:55:26,2020-12-25 11:00:03,2020-12-25 14:02:11,Sekina,Victor,USSD,PLATEAU,EVoice,Not Specified,277.0,182.13333333333333,Critical
AXA-20201231-2062-WLESS,,2020-12-31 21:34:32,2021-01-01 00:36:38,Mary,Wale,Social Media,EBONYI,Wireless,Customers End,,182.1,Critical
AXA-20201203-2789-WLESS,2020-12-03 15:45:36,2020-12-03 15:51:20,2020-12-03 18:53:25,Popoola,Seun,WebForm,EDO,Wireless,Customers End,344.0,182.08333333333334,Critical
AXA-20201220-6070-WiFi11,2020-12-20 09:38:49,2020-12-20 09:41:07,2020-12-20 12:43:11,Jennifer,Kerry,Social Media,GOMBE,WiFI - 11,Customers End,138.0,182.06666666666666,Critical
AXA-20201229-2026-HSE,,2020-12-29 15:36:31,2020-12-29 18:38:33,Sherifat,Victor,Social Media,SOKOTO,High speed Internet,Customers End,,182.03333333333333,Critical
AXA-20201203-5810-MCON,2020-12-03 12:45:34,2020-12-03 12:51:21,2020-12-03 15:53:09,Jonathan,Kerry,USSD,KATSINA,M Connect,Line damage,347.0,181.8,Critical
AXA-20201217-4546-WiFi3,2020-12-17 15:53:11,2020-12-17 15:59:20,2020-12-17 19:01:06,Boye,Wale,USSD,RIVERS,WiFI - 3,Customers End,369.0,181.76666666666668,Critical
AXA-20201224-5630-MCON,2020-12-24 11:34:21,2020-12-24 11:41:06,2020-12-24 14:42:52,Amelia,Kerry,Phone Call,IMO,M Connect,Customers End,405.0,181.76666666666668,Critical
AXA-20201206-5896-WiFi3,2020-12-06 08:20:32,2020-12-06 08:29:06,2020-12-06 11:30:51,Goodluck,Kerry,WebForm,GOMBE,WiFI - 3,hardware failure,514.0,181.75,Critical
AXA-20201204-2996-HSE,2020-12-04 15:26:16,2020-12-04 15:33:36,2020-12-04 18:35:18,Habeeb,Victor,USSD,ZAMFARA,High speed Internet,Customers End,440.0,181.7,Critical
AXA-20201207-5667-WiFi6,2020-12-07 09:05:08,2020-12-07 09:05:48,2020-12-07 12:07:29,Sekina,Victor,Chatbot,IMO,WiFI - 6,Not Specified,40.0,181.68333333333334,Critical
AXA-20201231-1408-WLESS,,2020-12-31 18:54:58,2020-12-31 21:56:38,Jonathan,Kerry,Social Media,NASARAWA,Wireless,Line damage,,181.66666666666666,Critical
AXA-20201226-3724-WiFi3,2020-12-26 15:17:50,2020-12-26 15:21:32,2020-12-26 18:23:10,Jonathan,Kerry,Email,OGUN,WiFI - 3,Customers End,222.0,181.63333333333333,Critical
AXA-20201205-2954-WiFi7,2020-12-05 08:07:33,2020-12-05 08:13:13,2020-12-05 11:14:50,Sekina,Victor,Social Media,DELTA,WiFI - 7,Customers End,340.0,181.61666666666667,Critical
AXA-20201202-4379-EVOICE,2020-12-02 14:22:56,2020-12-02 14:28:15,2020-12-02 17:29:50,Bola,Victor,Email,ABIA,EVoice,Line damage,319.0,181.58333333333334,Critical
AXA-20201206-5893-WLESS,2020-12-06 15:04:44,2020-12-06 15:12:00,2020-12-06 18:13:34,Sekina,Victor,Email,BORNO,Wireless,Routine Service,436.0,181.56666666666666,Critical
AXA-20201212-3191-WiFi11,2020-12-12 14:39:08,2020-12-12 14:44:45,2020-12-12 17:46:18,Sherifat,Victor,Social Media,KANO,WiFI - 11,Customers End,337.0,181.55,Critical
AXA-20201220-4068-WiFi11,2020-12-20 15:20:09,2020-12-20 15:29:45,2020-12-20 18:31:16,Jonathan,Kerry,Chatbot,IMO,WiFI - 11,Routine Service,576.0,181.51666666666668,Critical
AXA-20201231-1686-HSE,,2020-12-31 19:13:40,2020-12-31 22:15:09,Fola,Wale,Social Media,SOKOTO,High speed Internet,Customers End,,181.48333333333332,Critical
AXA-20201226-2496-WiFi7,2020-12-26 08:59:28,2020-12-26 09:08:00,2020-12-26 12:09:29,Atiku,Victor,WebForm,KWARA,WiFI - 7,Customers End,512.0,181.48333333333332,Critical
AXA-20201210-2343-WiFi10,2020-12-10 13:31:46,2020-12-10 13:35:21,2020-12-10 16:36:48,Brenda,Kerry,Social Media,YOBE,WiFI - 10,Traffic Spikes,215.0,181.45,Critical
AXA-20201223-4564-CBS,2020-12-23 10:10:36,2020-12-23 10:20:51,2020-12-23 13:22:13,Fola,Wale,Phone Call,BAUCHI,Cloud-based services,Traffic Spikes,615.0,181.36666666666667,Critical
AXA-20201231-1210-HSE,,2020-12-31 18:09:38,2020-12-31 21:10:59,Myers,Kerry,Social Media,YOBE,High speed Internet,Not Specified,,181.35,Critical
AXA-20201225-5865-CBS,2020-12-25 14:10:40,2020-12-25 14:13:58,2020-12-25 17:15:18,Habeeb,Victor,USSD,NASARAWA,Cloud-based services,Not Specified,198.0,181.33333333333334,Critical
AXA-20201231-1979-WLESS,,2020-12-31 17:05:03,2020-12-31 20:06:22,Myers,Kerry,Social Media,BAUCHI,Wireless,Line damage,,181.31666666666666,Critical
AXA-20201211-4121-WiFi3,2020-12-11 11:37:43,2020-12-11 11:42:19,2020-12-11 14:43:38,Brenda,Kerry,WebForm,GOMBE,WiFI - 3,Customers End,276.0,181.31666666666666,Critical
AXA-20201217-5116-WLESS,2020-12-17 14:42:41,2020-12-17 14:43:52,2020-12-17 17:45:10,Paul,Seun,Email,ANAMBRA,Wireless,Line damage,71.0,181.3,Critical
AXA-20201216-3519-WLESS,2020-12-16 10:47:24,2020-12-16 10:52:01,2020-12-16 13:53:17,Myers,Kerry,USSD,GOMBE,Wireless,Customers End,277.0,181.26666666666668,Critical
AXA-20201210-3030-C95,2020-12-10 14:42:20,2020-12-10 14:45:32,2020-12-10 17:46:46,Brenda,Kerry,Chatbot,OYO,Cloud95,Line damage,192.0,181.23333333333332,Critical
AXA-20201220-5330-ICS,2020-12-20 13:29:21,2020-12-20 13:29:46,2020-12-20 16:30:59,Amelia,Kerry,USSD,NASARAWA,Interconnection Services,Line damage,25.0,181.21666666666667,Critical
AXA-20201224-3804-WLESS,2020-12-24 15:37:16,2020-12-24 15:39:29,2020-12-24 18:40:40,John,Victor,WebForm,BAUCHI,Wireless,Customers End,133.0,181.18333333333334,Critical
AXA-20201201-4998-WiFi11,2020-12-01 15:50:07,2020-12-01 15:56:40,2020-12-01 18:57:51,Bola,Victor,Phone Call,RIVERS,WiFI - 11,Customers End,393.0,181.18333333333334,Critical
AXA-20201201-2129-WLESS,2020-12-01 11:26:59,2020-12-01 11:31:32,2020-12-01 14:32:42,Bola,Victor,Email,KANO,Wireless,hardware failure,273.0,181.16666666666666,Critical
AXA-20201221-5191-MCON,2020-12-21 11:18:30,2020-12-21 11:24:44,2020-12-21 14:25:53,Kola,Wale,WebForm,IMO,M Connect,Not Specified,374.0,181.15,Critical
AXA-20201223-4921-HSE,2020-12-23 10:01:40,2020-12-23 10:07:07,2020-12-23 13:08:16,Bola,Victor,Chatbot,OYO,High speed Internet,Customers End,327.0,181.15,Critical
AXA-20201229-1217-HSE,,2020-12-29 16:58:22,2020-12-29 19:59:30,Sekina,Victor,Social Media,GOMBE,High speed Internet,Customers End,,181.13333333333333,Critical
AXA-20201213-2701-WLESS,2020-12-13 14:09:24,2020-12-13 14:11:01,2020-12-13 17:12:08,Kingsley,Kerry,USSD,GOMBE,Wireless,Customers End,97.0,181.11666666666667,Critical
AXA-20201205-2713-WiFi3,2020-12-05 09:48:32,2020-12-05 09:59:12,2020-12-05 13:00:18,Kola,Wale,Chatbot,BORNO,WiFI - 3,Not Specified,640.0,181.1,Critical
AXA-20201229-1532-WLESS,,2020-12-29 20:08:17,2020-12-29 23:09:23,Paul,Seun,Social Media,ZAMFARA,Wireless,Customers End,,181.1,Critical
AXA-20201218-5604-WLESS,2020-12-18 14:14:13,2020-12-18 14:20:47,2020-12-18 17:21:52,Mary,Wale,USSD,ZAMFARA,Wireless,Customers End,394.0,181.08333333333334,Critical
AXA-20201212-5797-WiFi5,2020-12-12 08:43:22,2020-12-12 08:51:54,2020-12-12 11:52:56,Paul,Seun,Email,BAUCHI,WiFI - 5,Customers End,512.0,181.03333333333333,Critical
AXA-20201230-1832-WLESS,,2020-12-30 15:10:47,2020-12-30 18:11:35,John,Victor,Social Media,BORNO,Wireless,Customers End,,180.8,Critical
AXA-20201227-5440-ICS,2020-12-27 14:42:32,2020-12-27 14:52:04,2020-12-27 17:52:51,Tunde,Victor,USSD,ENUGU,Interconnection Services,Routine Service,572.0,180.78333333333333,Critical
AXA-20201226-2144-EVOICE,2020-12-26 14:43:19,2020-12-26 14:51:26,2020-12-26 17:52:11,Mary,Wale,Phone Call,KADUNA,EVoice,Not Specified,487.0,180.75,Critical
AXA-20201204-5568-EVOICE,2020-12-04 13:22:56,2020-12-04 13:28:15,2020-12-04 16:28:59,Kola,Wale,USSD,ANAMBRA,EVoice,Customers End,319.0,180.73333333333332,Critical
AXA-20201221-5244-EVOICE,2020-12-21 11:50:18,2020-12-21 11:54:57,2020-12-21 14:55:36,Myers,Kerry,USSD,NASARAWA,EVoice,Customers End,279.0,180.65,Critical
AXA-20201230-1358-WLESS,,2020-12-30 17:49:23,2020-12-30 20:49:59,Goodluck,Kerry,Social Media,KEBBI,Wireless,Customers End,,180.6,Critical
AXA-20201225-3017-WiFi11,2020-12-25 15:01:28,2020-12-25 15:10:12,2020-12-25 18:10:46,Brenda,Kerry,Social Media,OGUN,WiFI - 11,Customers End,524.0,180.56666666666666,Critical
AXA-20201207-5204-CBS,2020-12-07 13:29:40,2020-12-07 13:36:21,2020-12-07 16:36:46,Bola,Victor,USSD,BORNO,Cloud-based services,Not Specified,401.0,180.41666666666666,Critical
AXA-20201231-1238-HSE,,2020-12-31 19:58:35,2020-12-31 22:58:57,Jennifer,Kerry,Social Media,SOKOTO,High speed Internet,Not Specified,,180.36666666666667,Critical
AXA-20201217-5372-C95,2020-12-17 13:20:13,2020-12-17 13:29:35,2020-12-17 16:29:56,John,Victor,Chatbot,CROSS RIVER,Cloud95,Customers End,562.0,180.35,Critical
AXA-20201230-1651-HSE,,2020-12-30 18:42:38,2020-12-30 21:42:58,Kingsley,Kerry,Social Media,LAGOS,High speed Internet,Customers End,,180.33333333333334,Critical
AXA-20201221-5172-WLESS,2020-12-21 08:11:15,2020-12-21 08:13:35,2020-12-21 11:13:54,Sherifat,Victor,Social Media,NIGER,Wireless,Customers End,140.0,180.31666666666666,Critical
AXA-20201209-2360-MCON,2020-12-09 15:13:08,2020-12-09 15:17:30,2020-12-09 18:17:49,Fola,Wale,Email,PLATEAU,M Connect,Customers End,262.0,180.31666666666666,Critical
AXA-20201223-5607-CBS,2020-12-23 13:22:32,2020-12-23 13:23:20,2020-12-23 16:23:38,Amelia,Kerry,Email,BORNO,Cloud-based services,Customers End,48.0,180.3,Critical
AXA-20201213-2441-WiFi4,2020-12-13 12:01:48,2020-12-13 12:11:27,2020-12-13 15:11:44,Amelia,Kerry,WebForm,RIVERS,WiFI - 4,Customers End,579.0,180.28333333333333,Critical
AXA-20201225-5186-WiFi8,2020-12-25 14:36:18,2020-12-25 14:40:59,2020-12-25 17:41:14,Sheg,Seun,Chatbot,ANAMBRA,WiFI - 8,hardware failure,281.0,180.25,Critical
AXA-20201231-1312-C95,,2020-12-31 07:03:17,2020-12-31 10:03:32,Sekina,Victor,Social Media,FCT ABUJA,Cloud95,Customers End,,180.25,Critical
AXA-20201203-2660-C95,2020-12-03 12:45:34,2020-12-03 12:53:48,2020-12-03 15:54:01,Sherifat,Victor,USSD,ENUGU,Cloud95,Customers End,494.0,180.21666666666667,Critical
AXA-20201208-5038-WiFi5,2020-12-08 09:46:56,2020-12-08 09:49:25,2020-12-08 12:49:38,Myers,Kerry,WebForm,KADUNA,WiFI - 5,Customers End,149.0,180.21666666666667,Critical
AXA-20201222-3639-C95,2020-12-22 13:43:14,2020-12-22 13:49:25,2020-12-22 16:49:31,Goodluck,Kerry,Email,DELTA,Cloud95,Customers End,371.0,180.1,Critical
AXA-20201216-4866-WiFi7,2020-12-16 12:33:35,2020-12-16 12:44:16,2020-12-16 15:44:20,Atiku,Victor,WebForm,NIGER,WiFI - 7,Routine Service,641.0,180.06666666666666,Critical
AXA-20201209-5481-WiFi9,2020-12-09 12:58:58,2020-12-09 12:59:15,2020-12-09 15:59:17,Kola,Wale,Chatbot,NIGER,WiFI - 9,Customers End,17.0,180.03333333333333,Critical
